OMRKK;TID;INDHOLD
København i alt;1974K1;576030
København i alt;1975K1;562405
København i alt;1976K1;545350
København i alt;1977K1;529154
København i alt;1978K1;515594
København i alt;1979K1;505982
København i alt;1980K1;498850
København i alt;1981K1;493771
København i alt;1982K1;490587
København i alt;1983K1;486593
København i alt;1984K1;482937
København i alt;1985K1;478615
København i alt;1986K1;473000
København i alt;1987K1;469706
København i alt;1988K1;468704
København i alt;1989K1;467850
København i alt;1990K1;466723
København i alt;1991K1;464773
København i alt;1992K1;464566
København i alt;1993K1;466129
København i alt;1994K1;467253
København i alt;1995K1;471300
København i alt;1996K1;476751
København i alt;1997K1;483658
København i alt;1998K1;487969
København i alt;1999K1;491082
København i alt;2000K1;495699
København i alt;2001K1;499148
København i alt;2002K1;500523
København i alt;2002K2;501093
København i alt;2002K3;499714
København i alt;2002K4;501294
København i alt;2003K1;501306
København i alt;2003K2;501850
København i alt;2003K3;500709
København i alt;2003K4;502209
København i alt;2004K1;502199
København i alt;2004K2;502134
København i alt;2004K3;501097
København i alt;2004K4;502672
København i alt;2005K1;502464
København i alt;2005K2;502913
København i alt;2005K3;500208
København i alt;2005K4;501847
København i alt;2006K1;501189
København i alt;2006K2;501693
København i alt;2006K3;500540
København i alt;2006K4;503702
København i alt;2007K1;503752
København i alt;2007K2;505502
København i alt;2007K3;505151
København i alt;2007K4;508984
København i alt;2008K1;509908
København i alt;2008K2;511833
København i alt;2008K3;511671
København i alt;2008K4;516899
København i alt;2009K1;518544
København i alt;2009K2;520698
København i alt;2009K3;521619
København i alt;2009K4;526911
København i alt;2010K1;528265
København i alt;2010K2;530974
København i alt;2010K3;531266
København i alt;2010K4;536743
København i alt;2011K1;538642
København i alt;2011K2;541605
København i alt;2011K3;542038
København i alt;2011K4;548862
København i alt;2012K1;549223
København i alt;2012K2;551732
København i alt;2012K3;551940
København i alt;2012K4;558125
København i alt;2013K1;559731
København i alt;2013K2;562410
København i alt;2013K3;562494
København i alt;2013K4;569216
København i alt;2014K1;570171
København i alt;2014K2;572450
København i alt;2014K3;572288
København i alt;2014K4;579631
København i alt;2015K1;580292
København i alt;2015K2;583527
København i alt;2015K3;583508
København i alt;2015K4;589703
København i alt;2016K1;591479
København i alt;2016K2;594239
København i alt;2016K3;594539
København i alt;2016K4;601472
København i alt;2017K1;602497
København i alt;2017K2;606051
København i alt;2017K3;605365
København i alt;2017K4;611838
København i alt;2018K1;613315
København i alt;2018K2;615998
København i alt;2018K3;616083
København i alt;2018K4;622697
København i alt;2019K1;623512
København i alt;2019K2;626378
København i alt;2019K3;626561
København i alt;2019K4;633021
København i alt;2020K1;632367
København i alt;2020K2;633464
København i alt;2020K3;633034
København i alt;2020K4;637895
København i alt;2021K1;638147
København i alt;2021K2;638682
København i alt;2021K3;638777
København i alt;2021K4;643631
København i alt;2022K1;644425
København i alt;2022K2;646835
København i alt;2022K3;647522
København i alt;2022K4;652221
København i alt;2023K1;653648
København i alt;2023K2;656786
København i alt;2023K3;655727
København i alt;2023K4;660853
København i alt;2024K1;659352
København i alt;2024K2;662400
København i alt;2024K3;661852
København i alt;2024K4;667584
København i alt;2025K1;667124
Bydel - Indre By;1974K1;54546
Bydel - Indre By;1975K1;53398
Bydel - Indre By;1976K1;50908
Bydel - Indre By;1977K1;48734
Bydel - Indre By;1978K1;47086
Bydel - Indre By;1979K1;46294
Bydel - Indre By;1980K1;45758
Bydel - Indre By;1981K1;45146
Bydel - Indre By;1982K1;44952
Bydel - Indre By;1983K1;44297
Bydel - Indre By;1984K1;43903
Bydel - Indre By;1985K1;43639
Bydel - Indre By;1986K1;42783
Bydel - Indre By;1987K1;42208
Bydel - Indre By;1988K1;41632
Bydel - Indre By;1989K1;41240
Bydel - Indre By;1990K1;40916
Bydel - Indre By;1991K1;40744
Bydel - Indre By;1992K1;40595
Bydel - Indre By;1993K1;40925
Bydel - Indre By;1994K1;41285
Bydel - Indre By;1995K1;41580
Bydel - Indre By;1996K1;41775
Bydel - Indre By;1997K1;42390
Bydel - Indre By;1998K1;42675
Bydel - Indre By;1999K1;43403
Bydel - Indre By;2000K1;43691
Bydel - Indre By;2001K1;43978
Bydel - Indre By;2002K1;44125
Bydel - Indre By;2002K2;44168
Bydel - Indre By;2002K3;44112
Bydel - Indre By;2002K4;44307
Bydel - Indre By;2003K1;44460
Bydel - Indre By;2003K2;44512
Bydel - Indre By;2003K3;44616
Bydel - Indre By;2003K4;44825
Bydel - Indre By;2004K1;44682
Bydel - Indre By;2004K2;44666
Bydel - Indre By;2004K3;44537
Bydel - Indre By;2004K4;44715
Bydel - Indre By;2005K1;44773
Bydel - Indre By;2005K2;44881
Bydel - Indre By;2005K3;44638
Bydel - Indre By;2005K4;44895
Bydel - Indre By;2006K1;44737
Bydel - Indre By;2006K2;45048
Bydel - Indre By;2006K3;45026
Bydel - Indre By;2006K4;45321
Bydel - Indre By;2007K1;45433
Bydel - Indre By;2007K2;45619
Bydel - Indre By;2007K3;45389
Bydel - Indre By;2007K4;45745
Bydel - Indre By;2008K1;45667
Bydel - Indre By;2008K2;45873
Bydel - Indre By;2008K3;45899
Bydel - Indre By;2008K4;46230
Bydel - Indre By;2009K1;46423
Bydel - Indre By;2009K2;46787
Bydel - Indre By;2009K3;46806
Bydel - Indre By;2009K4;47339
Bydel - Indre By;2010K1;47511
Bydel - Indre By;2010K2;47888
Bydel - Indre By;2010K3;47720
Bydel - Indre By;2010K4;48244
Bydel - Indre By;2011K1;48251
Bydel - Indre By;2011K2;48633
Bydel - Indre By;2011K3;48544
Bydel - Indre By;2011K4;49585
Bydel - Indre By;2012K1;49741
Bydel - Indre By;2012K2;49979
Bydel - Indre By;2012K3;49862
Bydel - Indre By;2012K4;50562
Bydel - Indre By;2013K1;50554
Bydel - Indre By;2013K2;50906
Bydel - Indre By;2013K3;50608
Bydel - Indre By;2013K4;51366
Bydel - Indre By;2014K1;51424
Bydel - Indre By;2014K2;51492
Bydel - Indre By;2014K3;51215
Bydel - Indre By;2014K4;51950
Bydel - Indre By;2015K1;51937
Bydel - Indre By;2015K2;52540
Bydel - Indre By;2015K3;52637
Bydel - Indre By;2015K4;53488
Bydel - Indre By;2016K1;53596
Bydel - Indre By;2016K2;54061
Bydel - Indre By;2016K3;53779
Bydel - Indre By;2016K4;55089
Bydel - Indre By;2017K1;54922
Bydel - Indre By;2017K2;55298
Bydel - Indre By;2017K3;54849
Bydel - Indre By;2017K4;55566
Bydel - Indre By;2018K1;55493
Bydel - Indre By;2018K2;55823
Bydel - Indre By;2018K3;55397
Bydel - Indre By;2018K4;56350
Bydel - Indre By;2019K1;56184
Bydel - Indre By;2019K2;56683
Bydel - Indre By;2019K3;56180
Bydel - Indre By;2019K4;56733
Bydel - Indre By;2020K1;55866
Bydel - Indre By;2020K2;55947
Bydel - Indre By;2020K3;55762
Bydel - Indre By;2020K4;56419
Bydel - Indre By;2021K1;56299
Bydel - Indre By;2021K2;56253
Bydel - Indre By;2021K3;56104
Bydel - Indre By;2021K4;56413
Bydel - Indre By;2022K1;56233
Bydel - Indre By;2022K2;56601
Bydel - Indre By;2022K3;56338
Bydel - Indre By;2022K4;56813
Bydel - Indre By;2023K1;56446
Bydel - Indre By;2023K2;56838
Bydel - Indre By;2023K3;56395
Bydel - Indre By;2023K4;57153
Bydel - Indre By;2024K1;56668
Bydel - Indre By;2024K2;57348
Bydel - Indre By;2024K3;56935
Bydel - Indre By;2024K4;57756
Bydel - Indre By;2025K1;57429
Bydel - Østerbro;1974K1;74953
Bydel - Østerbro;1975K1;73153
Bydel - Østerbro;1976K1;71577
Bydel - Østerbro;1977K1;69365
Bydel - Østerbro;1978K1;67546
Bydel - Østerbro;1979K1;66492
Bydel - Østerbro;1980K1;64934
Bydel - Østerbro;1981K1;64731
Bydel - Østerbro;1982K1;64889
Bydel - Østerbro;1983K1;64407
Bydel - Østerbro;1984K1;64142
Bydel - Østerbro;1985K1;63355
Bydel - Østerbro;1986K1;62646
Bydel - Østerbro;1987K1;62287
Bydel - Østerbro;1988K1;62034
Bydel - Østerbro;1989K1;61893
Bydel - Østerbro;1990K1;61718
Bydel - Østerbro;1991K1;62452
Bydel - Østerbro;1992K1;62221
Bydel - Østerbro;1993K1;62583
Bydel - Østerbro;1994K1;63050
Bydel - Østerbro;1995K1;63572
Bydel - Østerbro;1996K1;64503
Bydel - Østerbro;1997K1;65856
Bydel - Østerbro;1998K1;66148
Bydel - Østerbro;1999K1;66295
Bydel - Østerbro;2000K1;66673
Bydel - Østerbro;2001K1;66877
Bydel - Østerbro;2002K1;67017
Bydel - Østerbro;2002K2;67248
Bydel - Østerbro;2002K3;67095
Bydel - Østerbro;2002K4;67495
Bydel - Østerbro;2003K1;67554
Bydel - Østerbro;2003K2;67700
Bydel - Østerbro;2003K3;67630
Bydel - Østerbro;2003K4;67756
Bydel - Østerbro;2004K1;67574
Bydel - Østerbro;2004K2;67652
Bydel - Østerbro;2004K3;67499
Bydel - Østerbro;2004K4;67760
Bydel - Østerbro;2005K1;67677
Bydel - Østerbro;2005K2;67762
Bydel - Østerbro;2005K3;67461
Bydel - Østerbro;2005K4;67574
Bydel - Østerbro;2006K1;67366
Bydel - Østerbro;2006K2;67454
Bydel - Østerbro;2006K3;67152
Bydel - Østerbro;2006K4;67309
Bydel - Østerbro;2007K1;67351
Bydel - Østerbro;2007K2;67702
Bydel - Østerbro;2007K3;67385
Bydel - Østerbro;2007K4;67890
Bydel - Østerbro;2008K1;67974
Bydel - Østerbro;2008K2;68181
Bydel - Østerbro;2008K3;67967
Bydel - Østerbro;2008K4;68713
Bydel - Østerbro;2009K1;68771
Bydel - Østerbro;2009K2;69129
Bydel - Østerbro;2009K3;69094
Bydel - Østerbro;2009K4;69874
Bydel - Østerbro;2010K1;69954
Bydel - Østerbro;2010K2;70394
Bydel - Østerbro;2010K3;70251
Bydel - Østerbro;2010K4;70801
Bydel - Østerbro;2011K1;70908
Bydel - Østerbro;2011K2;71245
Bydel - Østerbro;2011K3;71412
Bydel - Østerbro;2011K4;72112
Bydel - Østerbro;2012K1;72407
Bydel - Østerbro;2012K2;72703
Bydel - Østerbro;2012K3;72521
Bydel - Østerbro;2012K4;73350
Bydel - Østerbro;2013K1;73421
Bydel - Østerbro;2013K2;73992
Bydel - Østerbro;2013K3;73718
Bydel - Østerbro;2013K4;74506
Bydel - Østerbro;2014K1;74521
Bydel - Østerbro;2014K2;74792
Bydel - Østerbro;2014K3;74425
Bydel - Østerbro;2014K4;75092
Bydel - Østerbro;2015K1;75113
Bydel - Østerbro;2015K2;75429
Bydel - Østerbro;2015K3;75282
Bydel - Østerbro;2015K4;76158
Bydel - Østerbro;2016K1;76402
Bydel - Østerbro;2016K2;76759
Bydel - Østerbro;2016K3;76748
Bydel - Østerbro;2016K4;77700
Bydel - Østerbro;2017K1;77975
Bydel - Østerbro;2017K2;78371
Bydel - Østerbro;2017K3;78403
Bydel - Østerbro;2017K4;79284
Bydel - Østerbro;2018K1;79276
Bydel - Østerbro;2018K2;79277
Bydel - Østerbro;2018K3;79034
Bydel - Østerbro;2018K4;79471
Bydel - Østerbro;2019K1;79339
Bydel - Østerbro;2019K2;79582
Bydel - Østerbro;2019K3;79449
Bydel - Østerbro;2019K4;79908
Bydel - Østerbro;2020K1;79803
Bydel - Østerbro;2020K2;79920
Bydel - Østerbro;2020K3;79865
Bydel - Østerbro;2020K4;80367
Bydel - Østerbro;2021K1;80166
Bydel - Østerbro;2021K2;79912
Bydel - Østerbro;2021K3;79854
Bydel - Østerbro;2021K4;79900
Bydel - Østerbro;2022K1;79952
Bydel - Østerbro;2022K2;80345
Bydel - Østerbro;2022K3;80356
Bydel - Østerbro;2022K4;80655
Bydel - Østerbro;2023K1;80605
Bydel - Østerbro;2023K2;80842
Bydel - Østerbro;2023K3;80779
Bydel - Østerbro;2023K4;81326
Bydel - Østerbro;2024K1;81278
Bydel - Østerbro;2024K2;81497
Bydel - Østerbro;2024K3;81336
Bydel - Østerbro;2024K4;81809
Bydel - Østerbro;2025K1;81458
Bydel - Nørrebro;1974K1;84868
Bydel - Nørrebro;1975K1;82334
Bydel - Nørrebro;1976K1;78942
Bydel - Nørrebro;1977K1;75556
Bydel - Nørrebro;1978K1;73075
Bydel - Nørrebro;1979K1;71353
Bydel - Nørrebro;1980K1;70399
Bydel - Nørrebro;1981K1;68770
Bydel - Nørrebro;1982K1;67883
Bydel - Nørrebro;1983K1;67038
Bydel - Nørrebro;1984K1;66306
Bydel - Nørrebro;1985K1;66227
Bydel - Nørrebro;1986K1;65533
Bydel - Nørrebro;1987K1;65081
Bydel - Nørrebro;1988K1;66754
Bydel - Nørrebro;1989K1;67158
Bydel - Nørrebro;1990K1;67258
Bydel - Nørrebro;1991K1;66304
Bydel - Nørrebro;1992K1;67251
Bydel - Nørrebro;1993K1;67783
Bydel - Nørrebro;1994K1;68115
Bydel - Nørrebro;1995K1;68638
Bydel - Nørrebro;1996K1;69705
Bydel - Nørrebro;1997K1;70847
Bydel - Nørrebro;1998K1;71393
Bydel - Nørrebro;1999K1;72378
Bydel - Nørrebro;2000K1;72993
Bydel - Nørrebro;2001K1;73502
Bydel - Nørrebro;2002K1;73865
Bydel - Nørrebro;2002K2;73962
Bydel - Nørrebro;2002K3;73813
Bydel - Nørrebro;2002K4;74049
Bydel - Nørrebro;2003K1;73836
Bydel - Nørrebro;2003K2;73957
Bydel - Nørrebro;2003K3;73529
Bydel - Nørrebro;2003K4;73721
Bydel - Nørrebro;2004K1;73566
Bydel - Nørrebro;2004K2;73639
Bydel - Nørrebro;2004K3;73121
Bydel - Nørrebro;2004K4;73296
Bydel - Nørrebro;2005K1;73090
Bydel - Nørrebro;2005K2;73141
Bydel - Nørrebro;2005K3;72418
Bydel - Nørrebro;2005K4;72224
Bydel - Nørrebro;2006K1;71824
Bydel - Nørrebro;2006K2;71688
Bydel - Nørrebro;2006K3;71281
Bydel - Nørrebro;2006K4;71627
Bydel - Nørrebro;2007K1;71330
Bydel - Nørrebro;2007K2;71359
Bydel - Nørrebro;2007K3;71104
Bydel - Nørrebro;2007K4;71601
Bydel - Nørrebro;2008K1;71574
Bydel - Nørrebro;2008K2;71471
Bydel - Nørrebro;2008K3;71206
Bydel - Nørrebro;2008K4;71715
Bydel - Nørrebro;2009K1;71890
Bydel - Nørrebro;2009K2;72189
Bydel - Nørrebro;2009K3;72341
Bydel - Nørrebro;2009K4;73020
Bydel - Nørrebro;2010K1;72915
Bydel - Nørrebro;2010K2;73040
Bydel - Nørrebro;2010K3;73174
Bydel - Nørrebro;2010K4;73928
Bydel - Nørrebro;2011K1;74113
Bydel - Nørrebro;2011K2;74520
Bydel - Nørrebro;2011K3;74432
Bydel - Nørrebro;2011K4;75304
Bydel - Nørrebro;2012K1;75425
Bydel - Nørrebro;2012K2;75714
Bydel - Nørrebro;2012K3;75752
Bydel - Nørrebro;2012K4;76609
Bydel - Nørrebro;2013K1;76602
Bydel - Nørrebro;2013K2;76715
Bydel - Nørrebro;2013K3;76827
Bydel - Nørrebro;2013K4;77725
Bydel - Nørrebro;2014K1;77807
Bydel - Nørrebro;2014K2;78063
Bydel - Nørrebro;2014K3;78088
Bydel - Nørrebro;2014K4;78966
Bydel - Nørrebro;2015K1;78802
Bydel - Nørrebro;2015K2;79269
Bydel - Nørrebro;2015K3;78971
Bydel - Nørrebro;2015K4;79580
Bydel - Nørrebro;2016K1;79668
Bydel - Nørrebro;2016K2;79737
Bydel - Nørrebro;2016K3;79542
Bydel - Nørrebro;2016K4;80066
Bydel - Nørrebro;2017K1;79951
Bydel - Nørrebro;2017K2;80282
Bydel - Nørrebro;2017K3;80058
Bydel - Nørrebro;2017K4;80792
Bydel - Nørrebro;2018K1;80572
Bydel - Nørrebro;2018K2;80686
Bydel - Nørrebro;2018K3;80513
Bydel - Nørrebro;2018K4;80842
Bydel - Nørrebro;2019K1;80615
Bydel - Nørrebro;2019K2;80712
Bydel - Nørrebro;2019K3;80318
Bydel - Nørrebro;2019K4;80646
Bydel - Nørrebro;2020K1;80254
Bydel - Nørrebro;2020K2;79977
Bydel - Nørrebro;2020K3;79505
Bydel - Nørrebro;2020K4;79601
Bydel - Nørrebro;2021K1;79217
Bydel - Nørrebro;2021K2;79000
Bydel - Nørrebro;2021K3;78484
Bydel - Nørrebro;2021K4;78591
Bydel - Nørrebro;2022K1;78588
Bydel - Nørrebro;2022K2;78552
Bydel - Nørrebro;2022K3;78402
Bydel - Nørrebro;2022K4;78508
Bydel - Nørrebro;2023K1;78583
Bydel - Nørrebro;2023K2;78779
Bydel - Nørrebro;2023K3;78962
Bydel - Nørrebro;2023K4;79318
Bydel - Nørrebro;2024K1;79067
Bydel - Nørrebro;2024K2;79264
Bydel - Nørrebro;2024K3;79339
Bydel - Nørrebro;2024K4;79639
Bydel - Nørrebro;2025K1;79768
Bydel - Vesterbro/Kongens Enghave;1974K1;64835
Bydel - Vesterbro/Kongens Enghave;1975K1;62734
Bydel - Vesterbro/Kongens Enghave;1976K1;60177
Bydel - Vesterbro/Kongens Enghave;1977K1;58422
Bydel - Vesterbro/Kongens Enghave;1978K1;56740
Bydel - Vesterbro/Kongens Enghave;1979K1;55420
Bydel - Vesterbro/Kongens Enghave;1980K1;54548
Bydel - Vesterbro/Kongens Enghave;1981K1;54248
Bydel - Vesterbro/Kongens Enghave;1982K1;53335
Bydel - Vesterbro/Kongens Enghave;1983K1;52526
Bydel - Vesterbro/Kongens Enghave;1984K1;52083
Bydel - Vesterbro/Kongens Enghave;1985K1;50905
Bydel - Vesterbro/Kongens Enghave;1986K1;49869
Bydel - Vesterbro/Kongens Enghave;1987K1;49425
Bydel - Vesterbro/Kongens Enghave;1988K1;49116
Bydel - Vesterbro/Kongens Enghave;1989K1;48894
Bydel - Vesterbro/Kongens Enghave;1990K1;48411
Bydel - Vesterbro/Kongens Enghave;1991K1;48032
Bydel - Vesterbro/Kongens Enghave;1992K1;47854
Bydel - Vesterbro/Kongens Enghave;1993K1;47589
Bydel - Vesterbro/Kongens Enghave;1994K1;47538
Bydel - Vesterbro/Kongens Enghave;1995K1;47633
Bydel - Vesterbro/Kongens Enghave;1996K1;47734
Bydel - Vesterbro/Kongens Enghave;1997K1;48275
Bydel - Vesterbro/Kongens Enghave;1998K1;49109
Bydel - Vesterbro/Kongens Enghave;1999K1;49520
Bydel - Vesterbro/Kongens Enghave;2000K1;50312
Bydel - Vesterbro/Kongens Enghave;2001K1;50756
Bydel - Vesterbro/Kongens Enghave;2002K1;51037
Bydel - Vesterbro/Kongens Enghave;2002K2;51041
Bydel - Vesterbro/Kongens Enghave;2002K3;50878
Bydel - Vesterbro/Kongens Enghave;2002K4;50981
Bydel - Vesterbro/Kongens Enghave;2003K1;51035
Bydel - Vesterbro/Kongens Enghave;2003K2;51179
Bydel - Vesterbro/Kongens Enghave;2003K3;50921
Bydel - Vesterbro/Kongens Enghave;2003K4;51042
Bydel - Vesterbro/Kongens Enghave;2004K1;50972
Bydel - Vesterbro/Kongens Enghave;2004K2;50914
Bydel - Vesterbro/Kongens Enghave;2004K3;50560
Bydel - Vesterbro/Kongens Enghave;2004K4;50729
Bydel - Vesterbro/Kongens Enghave;2005K1;50663
Bydel - Vesterbro/Kongens Enghave;2005K2;50592
Bydel - Vesterbro/Kongens Enghave;2005K3;50297
Bydel - Vesterbro/Kongens Enghave;2005K4;50385
Bydel - Vesterbro/Kongens Enghave;2006K1;50299
Bydel - Vesterbro/Kongens Enghave;2006K2;50181
Bydel - Vesterbro/Kongens Enghave;2006K3;50045
Bydel - Vesterbro/Kongens Enghave;2006K4;50672
Bydel - Vesterbro/Kongens Enghave;2007K1;50966
Bydel - Vesterbro/Kongens Enghave;2007K2;51205
Bydel - Vesterbro/Kongens Enghave;2007K3;51100
Bydel - Vesterbro/Kongens Enghave;2007K4;51429
Bydel - Vesterbro/Kongens Enghave;2008K1;51488
Bydel - Vesterbro/Kongens Enghave;2008K2;51859
Bydel - Vesterbro/Kongens Enghave;2008K3;52217
Bydel - Vesterbro/Kongens Enghave;2008K4;52936
Bydel - Vesterbro/Kongens Enghave;2009K1;53358
Bydel - Vesterbro/Kongens Enghave;2009K2;53980
Bydel - Vesterbro/Kongens Enghave;2009K3;54154
Bydel - Vesterbro/Kongens Enghave;2009K4;54912
Bydel - Vesterbro/Kongens Enghave;2010K1;55316
Bydel - Vesterbro/Kongens Enghave;2010K2;55733
Bydel - Vesterbro/Kongens Enghave;2010K3;55958
Bydel - Vesterbro/Kongens Enghave;2010K4;56864
Bydel - Vesterbro/Kongens Enghave;2011K1;57133
Bydel - Vesterbro/Kongens Enghave;2011K2;57408
Bydel - Vesterbro/Kongens Enghave;2011K3;57535
Bydel - Vesterbro/Kongens Enghave;2011K4;58266
Bydel - Vesterbro/Kongens Enghave;2012K1;58431
Bydel - Vesterbro/Kongens Enghave;2012K2;58627
Bydel - Vesterbro/Kongens Enghave;2012K3;58591
Bydel - Vesterbro/Kongens Enghave;2012K4;59029
Bydel - Vesterbro/Kongens Enghave;2013K1;59240
Bydel - Vesterbro/Kongens Enghave;2013K2;59446
Bydel - Vesterbro/Kongens Enghave;2013K3;59527
Bydel - Vesterbro/Kongens Enghave;2013K4;60242
Bydel - Vesterbro/Kongens Enghave;2014K1;60328
Bydel - Vesterbro/Kongens Enghave;2014K2;60513
Bydel - Vesterbro/Kongens Enghave;2014K3;60709
Bydel - Vesterbro/Kongens Enghave;2014K4;61636
Bydel - Vesterbro/Kongens Enghave;2015K1;61623
Bydel - Vesterbro/Kongens Enghave;2015K2;61899
Bydel - Vesterbro/Kongens Enghave;2015K3;61766
Bydel - Vesterbro/Kongens Enghave;2015K4;62715
Bydel - Vesterbro/Kongens Enghave;2016K1;62962
Bydel - Vesterbro/Kongens Enghave;2016K2;63463
Bydel - Vesterbro/Kongens Enghave;2016K3;64053
Bydel - Vesterbro/Kongens Enghave;2016K4;64665
Bydel - Vesterbro/Kongens Enghave;2017K1;65194
Bydel - Vesterbro/Kongens Enghave;2017K2;65962
Bydel - Vesterbro/Kongens Enghave;2017K3;66023
Bydel - Vesterbro/Kongens Enghave;2017K4;67001
Bydel - Vesterbro/Kongens Enghave;2018K1;67884
Bydel - Vesterbro/Kongens Enghave;2018K2;68385
Bydel - Vesterbro/Kongens Enghave;2018K3;68772
Bydel - Vesterbro/Kongens Enghave;2018K4;69702
Bydel - Vesterbro/Kongens Enghave;2019K1;69808
Bydel - Vesterbro/Kongens Enghave;2019K2;70326
Bydel - Vesterbro/Kongens Enghave;2019K3;70993
Bydel - Vesterbro/Kongens Enghave;2019K4;72128
Bydel - Vesterbro/Kongens Enghave;2020K1;72688
Bydel - Vesterbro/Kongens Enghave;2020K2;72892
Bydel - Vesterbro/Kongens Enghave;2020K3;73098
Bydel - Vesterbro/Kongens Enghave;2020K4;74175
Bydel - Vesterbro/Kongens Enghave;2021K1;74558
Bydel - Vesterbro/Kongens Enghave;2021K2;75166
Bydel - Vesterbro/Kongens Enghave;2021K3;75832
Bydel - Vesterbro/Kongens Enghave;2021K4;77074
Bydel - Vesterbro/Kongens Enghave;2022K1;77283
Bydel - Vesterbro/Kongens Enghave;2022K2;77442
Bydel - Vesterbro/Kongens Enghave;2022K3;77704
Bydel - Vesterbro/Kongens Enghave;2022K4;78894
Bydel - Vesterbro/Kongens Enghave;2023K1;79646
Bydel - Vesterbro/Kongens Enghave;2023K2;80002
Bydel - Vesterbro/Kongens Enghave;2023K3;80363
Bydel - Vesterbro/Kongens Enghave;2023K4;81143
Bydel - Vesterbro/Kongens Enghave;2024K1;80920
Bydel - Vesterbro/Kongens Enghave;2024K2;81387
Bydel - Vesterbro/Kongens Enghave;2024K3;81788
Bydel - Vesterbro/Kongens Enghave;2024K4;82929
Bydel - Vesterbro/Kongens Enghave;2025K1;83239
Bydel - Valby;1974K1;52452
Bydel - Valby;1975K1;51116
Bydel - Valby;1976K1;49890
Bydel - Valby;1977K1;48639
Bydel - Valby;1978K1;47488
Bydel - Valby;1979K1;46926
Bydel - Valby;1980K1;46566
Bydel - Valby;1981K1;45890
Bydel - Valby;1982K1;45856
Bydel - Valby;1983K1;45698
Bydel - Valby;1984K1;45334
Bydel - Valby;1985K1;45009
Bydel - Valby;1986K1;44488
Bydel - Valby;1987K1;44246
Bydel - Valby;1988K1;44105
Bydel - Valby;1989K1;43924
Bydel - Valby;1990K1;43966
Bydel - Valby;1991K1;43585
Bydel - Valby;1992K1;43688
Bydel - Valby;1993K1;43786
Bydel - Valby;1994K1;43578
Bydel - Valby;1995K1;43672
Bydel - Valby;1996K1;45017
Bydel - Valby;1997K1;45335
Bydel - Valby;1998K1;45728
Bydel - Valby;1999K1;46106
Bydel - Valby;2000K1;46209
Bydel - Valby;2001K1;46189
Bydel - Valby;2002K1;46271
Bydel - Valby;2002K2;46348
Bydel - Valby;2002K3;46264
Bydel - Valby;2002K4;46273
Bydel - Valby;2003K1;46211
Bydel - Valby;2003K2;46225
Bydel - Valby;2003K3;46145
Bydel - Valby;2003K4;46315
Bydel - Valby;2004K1;46208
Bydel - Valby;2004K2;46158
Bydel - Valby;2004K3;46041
Bydel - Valby;2004K4;46030
Bydel - Valby;2005K1;46113
Bydel - Valby;2005K2;46065
Bydel - Valby;2005K3;45873
Bydel - Valby;2005K4;45852
Bydel - Valby;2006K1;45603
Bydel - Valby;2006K2;45433
Bydel - Valby;2006K3;45221
Bydel - Valby;2006K4;45307
Bydel - Valby;2007K1;45208
Bydel - Valby;2007K2;45215
Bydel - Valby;2007K3;45197
Bydel - Valby;2007K4;45394
Bydel - Valby;2008K1;45465
Bydel - Valby;2008K2;45672
Bydel - Valby;2008K3;45782
Bydel - Valby;2008K4;46216
Bydel - Valby;2009K1;46387
Bydel - Valby;2009K2;46479
Bydel - Valby;2009K3;46692
Bydel - Valby;2009K4;47057
Bydel - Valby;2010K1;47122
Bydel - Valby;2010K2;47145
Bydel - Valby;2010K3;47150
Bydel - Valby;2010K4;47679
Bydel - Valby;2011K1;47841
Bydel - Valby;2011K2;48227
Bydel - Valby;2011K3;48258
Bydel - Valby;2011K4;48591
Bydel - Valby;2012K1;48694
Bydel - Valby;2012K2;48800
Bydel - Valby;2012K3;48959
Bydel - Valby;2012K4;49482
Bydel - Valby;2013K1;49677
Bydel - Valby;2013K2;50127
Bydel - Valby;2013K3;50278
Bydel - Valby;2013K4;50783
Bydel - Valby;2014K1;50941
Bydel - Valby;2014K2;51230
Bydel - Valby;2014K3;51229
Bydel - Valby;2014K4;51573
Bydel - Valby;2015K1;51727
Bydel - Valby;2015K2;51986
Bydel - Valby;2015K3;52057
Bydel - Valby;2015K4;52526
Bydel - Valby;2016K1;52809
Bydel - Valby;2016K2;53126
Bydel - Valby;2016K3;53358
Bydel - Valby;2016K4;54189
Bydel - Valby;2017K1;54560
Bydel - Valby;2017K2;54735
Bydel - Valby;2017K3;54809
Bydel - Valby;2017K4;55602
Bydel - Valby;2018K1;56274
Bydel - Valby;2018K2;56541
Bydel - Valby;2018K3;56794
Bydel - Valby;2018K4;57805
Bydel - Valby;2019K1;58307
Bydel - Valby;2019K2;58573
Bydel - Valby;2019K3;59031
Bydel - Valby;2019K4;59840
Bydel - Valby;2020K1;60308
Bydel - Valby;2020K2;60754
Bydel - Valby;2020K3;61088
Bydel - Valby;2020K4;61895
Bydel - Valby;2021K1;62024
Bydel - Valby;2021K2;62549
Bydel - Valby;2021K3;62627
Bydel - Valby;2021K4;63496
Bydel - Valby;2022K1;64144
Bydel - Valby;2022K2;64518
Bydel - Valby;2022K3;65176
Bydel - Valby;2022K4;65889
Bydel - Valby;2023K1;66435
Bydel - Valby;2023K2;66404
Bydel - Valby;2023K3;65877
Bydel - Valby;2023K4;65933
Bydel - Valby;2024K1;65780
Bydel - Valby;2024K2;65775
Bydel - Valby;2024K3;65777
Bydel - Valby;2024K4;66322
Bydel - Valby;2025K1;66473
Bydel - Vanløse;1974K1;40265
Bydel - Vanløse;1975K1;39439
Bydel - Vanløse;1976K1;38506
Bydel - Vanløse;1977K1;37657
Bydel - Vanløse;1978K1;37022
Bydel - Vanløse;1979K1;36226
Bydel - Vanløse;1980K1;35774
Bydel - Vanløse;1981K1;35683
Bydel - Vanløse;1982K1;35491
Bydel - Vanløse;1983K1;35332
Bydel - Vanløse;1984K1;35327
Bydel - Vanløse;1985K1;35470
Bydel - Vanløse;1986K1;35265
Bydel - Vanløse;1987K1;34965
Bydel - Vanløse;1988K1;34845
Bydel - Vanløse;1989K1;34851
Bydel - Vanløse;1990K1;34764
Bydel - Vanløse;1991K1;34289
Bydel - Vanløse;1992K1;34303
Bydel - Vanløse;1993K1;34465
Bydel - Vanløse;1994K1;34785
Bydel - Vanløse;1995K1;34923
Bydel - Vanløse;1996K1;35062
Bydel - Vanløse;1997K1;35292
Bydel - Vanløse;1998K1;35485
Bydel - Vanløse;1999K1;35614
Bydel - Vanløse;2000K1;35822
Bydel - Vanløse;2001K1;36049
Bydel - Vanløse;2002K1;36233
Bydel - Vanløse;2002K2;36125
Bydel - Vanløse;2002K3;36069
Bydel - Vanløse;2002K4;36222
Bydel - Vanløse;2003K1;36228
Bydel - Vanløse;2003K2;36193
Bydel - Vanløse;2003K3;36146
Bydel - Vanløse;2003K4;36178
Bydel - Vanløse;2004K1;36219
Bydel - Vanløse;2004K2;36252
Bydel - Vanløse;2004K3;36068
Bydel - Vanløse;2004K4;36182
Bydel - Vanløse;2005K1;36286
Bydel - Vanløse;2005K2;36334
Bydel - Vanløse;2005K3;36301
Bydel - Vanløse;2005K4;36251
Bydel - Vanløse;2006K1;36156
Bydel - Vanløse;2006K2;36153
Bydel - Vanløse;2006K3;35980
Bydel - Vanløse;2006K4;35894
Bydel - Vanløse;2007K1;35781
Bydel - Vanløse;2007K2;35793
Bydel - Vanløse;2007K3;35858
Bydel - Vanløse;2007K4;35902
Bydel - Vanløse;2008K1;35893
Bydel - Vanløse;2008K2;35920
Bydel - Vanløse;2008K3;35764
Bydel - Vanløse;2008K4;35956
Bydel - Vanløse;2009K1;36113
Bydel - Vanløse;2009K2;36256
Bydel - Vanløse;2009K3;36277
Bydel - Vanløse;2009K4;36403
Bydel - Vanløse;2010K1;36579
Bydel - Vanløse;2010K2;36712
Bydel - Vanløse;2010K3;36751
Bydel - Vanløse;2010K4;36928
Bydel - Vanløse;2011K1;37123
Bydel - Vanløse;2011K2;37345
Bydel - Vanløse;2011K3;37447
Bydel - Vanløse;2011K4;37752
Bydel - Vanløse;2012K1;37902
Bydel - Vanløse;2012K2;38025
Bydel - Vanløse;2012K3;38188
Bydel - Vanløse;2012K4;38506
Bydel - Vanløse;2013K1;38618
Bydel - Vanløse;2013K2;38734
Bydel - Vanløse;2013K3;38728
Bydel - Vanløse;2013K4;39107
Bydel - Vanløse;2014K1;39214
Bydel - Vanløse;2014K2;39280
Bydel - Vanløse;2014K3;39127
Bydel - Vanløse;2014K4;39423
Bydel - Vanløse;2015K1;39537
Bydel - Vanløse;2015K2;39768
Bydel - Vanløse;2015K3;39861
Bydel - Vanløse;2015K4;40260
Bydel - Vanløse;2016K1;40353
Bydel - Vanløse;2016K2;40435
Bydel - Vanløse;2016K3;40389
Bydel - Vanløse;2016K4;40640
Bydel - Vanløse;2017K1;40656
Bydel - Vanløse;2017K2;40625
Bydel - Vanløse;2017K3;40509
Bydel - Vanløse;2017K4;40763
Bydel - Vanløse;2018K1;40843
Bydel - Vanløse;2018K2;41062
Bydel - Vanløse;2018K3;41116
Bydel - Vanløse;2018K4;41159
Bydel - Vanløse;2019K1;41209
Bydel - Vanløse;2019K2;41125
Bydel - Vanløse;2019K3;41048
Bydel - Vanløse;2019K4;41137
Bydel - Vanløse;2020K1;41195
Bydel - Vanløse;2020K2;41281
Bydel - Vanløse;2020K3;41114
Bydel - Vanløse;2020K4;41158
Bydel - Vanløse;2021K1;41002
Bydel - Vanløse;2021K2;40774
Bydel - Vanløse;2021K3;40645
Bydel - Vanløse;2021K4;40805
Bydel - Vanløse;2022K1;40781
Bydel - Vanløse;2022K2;40709
Bydel - Vanløse;2022K3;40598
Bydel - Vanløse;2022K4;40657
Bydel - Vanløse;2023K1;40633
Bydel - Vanløse;2023K2;40757
Bydel - Vanløse;2023K3;40710
Bydel - Vanløse;2023K4;40776
Bydel - Vanløse;2024K1;40709
Bydel - Vanløse;2024K2;40799
Bydel - Vanløse;2024K3;40833
Bydel - Vanløse;2024K4;40895
Bydel - Vanløse;2025K1;40815
Bydel - Brønshøj-Husum;1974K1;44754
Bydel - Brønshøj-Husum;1975K1;44125
Bydel - Brønshøj-Husum;1976K1;42958
Bydel - Brønshøj-Husum;1977K1;41989
Bydel - Brønshøj-Husum;1978K1;41100
Bydel - Brønshøj-Husum;1979K1;40391
Bydel - Brønshøj-Husum;1980K1;39683
Bydel - Brønshøj-Husum;1981K1;39308
Bydel - Brønshøj-Husum;1982K1;39009
Bydel - Brønshøj-Husum;1983K1;38509
Bydel - Brønshøj-Husum;1984K1;38190
Bydel - Brønshøj-Husum;1985K1;37253
Bydel - Brønshøj-Husum;1986K1;36965
Bydel - Brønshøj-Husum;1987K1;36633
Bydel - Brønshøj-Husum;1988K1;36478
Bydel - Brønshøj-Husum;1989K1;36457
Bydel - Brønshøj-Husum;1990K1;36413
Bydel - Brønshøj-Husum;1991K1;36689
Bydel - Brønshøj-Husum;1992K1;36746
Bydel - Brønshøj-Husum;1993K1;36754
Bydel - Brønshøj-Husum;1994K1;36725
Bydel - Brønshøj-Husum;1995K1;37446
Bydel - Brønshøj-Husum;1996K1;37450
Bydel - Brønshøj-Husum;1997K1;38560
Bydel - Brønshøj-Husum;1998K1;39051
Bydel - Brønshøj-Husum;1999K1;39405
Bydel - Brønshøj-Husum;2000K1;39657
Bydel - Brønshøj-Husum;2001K1;39854
Bydel - Brønshøj-Husum;2002K1;40008
Bydel - Brønshøj-Husum;2002K2;39984
Bydel - Brønshøj-Husum;2002K3;39923
Bydel - Brønshøj-Husum;2002K4;40015
Bydel - Brønshøj-Husum;2003K1;39989
Bydel - Brønshøj-Husum;2003K2;40015
Bydel - Brønshøj-Husum;2003K3;40060
Bydel - Brønshøj-Husum;2003K4;40039
Bydel - Brønshøj-Husum;2004K1;40064
Bydel - Brønshøj-Husum;2004K2;39963
Bydel - Brønshøj-Husum;2004K3;39935
Bydel - Brønshøj-Husum;2004K4;39933
Bydel - Brønshøj-Husum;2005K1;39891
Bydel - Brønshøj-Husum;2005K2;39834
Bydel - Brønshøj-Husum;2005K3;39732
Bydel - Brønshøj-Husum;2005K4;39693
Bydel - Brønshøj-Husum;2006K1;39649
Bydel - Brønshøj-Husum;2006K2;39593
Bydel - Brønshøj-Husum;2006K3;39501
Bydel - Brønshøj-Husum;2006K4;39562
Bydel - Brønshøj-Husum;2007K1;39464
Bydel - Brønshøj-Husum;2007K2;39392
Bydel - Brønshøj-Husum;2007K3;39393
Bydel - Brønshøj-Husum;2007K4;39406
Bydel - Brønshøj-Husum;2008K1;39420
Bydel - Brønshøj-Husum;2008K2;39496
Bydel - Brønshøj-Husum;2008K3;39419
Bydel - Brønshøj-Husum;2008K4;39623
Bydel - Brønshøj-Husum;2009K1;39571
Bydel - Brønshøj-Husum;2009K2;39587
Bydel - Brønshøj-Husum;2009K3;39575
Bydel - Brønshøj-Husum;2009K4;39771
Bydel - Brønshøj-Husum;2010K1;39827
Bydel - Brønshøj-Husum;2010K2;39874
Bydel - Brønshøj-Husum;2010K3;39847
Bydel - Brønshøj-Husum;2010K4;40079
Bydel - Brønshøj-Husum;2011K1;40402
Bydel - Brønshøj-Husum;2011K2;40538
Bydel - Brønshøj-Husum;2011K3;40646
Bydel - Brønshøj-Husum;2011K4;41089
Bydel - Brønshøj-Husum;2012K1;41347
Bydel - Brønshøj-Husum;2012K2;41440
Bydel - Brønshøj-Husum;2012K3;41708
Bydel - Brønshøj-Husum;2012K4;42165
Bydel - Brønshøj-Husum;2013K1;42294
Bydel - Brønshøj-Husum;2013K2;42441
Bydel - Brønshøj-Husum;2013K3;42595
Bydel - Brønshøj-Husum;2013K4;42989
Bydel - Brønshøj-Husum;2014K1;43056
Bydel - Brønshøj-Husum;2014K2;43309
Bydel - Brønshøj-Husum;2014K3;43387
Bydel - Brønshøj-Husum;2014K4;43905
Bydel - Brønshøj-Husum;2015K1;43908
Bydel - Brønshøj-Husum;2015K2;44068
Bydel - Brønshøj-Husum;2015K3;44038
Bydel - Brønshøj-Husum;2015K4;44291
Bydel - Brønshøj-Husum;2016K1;44376
Bydel - Brønshøj-Husum;2016K2;44420
Bydel - Brønshøj-Husum;2016K3;44389
Bydel - Brønshøj-Husum;2016K4;44658
Bydel - Brønshøj-Husum;2017K1;44598
Bydel - Brønshøj-Husum;2017K2;44692
Bydel - Brønshøj-Husum;2017K3;44654
Bydel - Brønshøj-Husum;2017K4;44751
Bydel - Brønshøj-Husum;2018K1;44741
Bydel - Brønshøj-Husum;2018K2;44593
Bydel - Brønshøj-Husum;2018K3;44592
Bydel - Brønshøj-Husum;2018K4;44957
Bydel - Brønshøj-Husum;2019K1;45092
Bydel - Brønshøj-Husum;2019K2;45125
Bydel - Brønshøj-Husum;2019K3;45037
Bydel - Brønshøj-Husum;2019K4;44901
Bydel - Brønshøj-Husum;2020K1;44784
Bydel - Brønshøj-Husum;2020K2;44592
Bydel - Brønshøj-Husum;2020K3;44485
Bydel - Brønshøj-Husum;2020K4;44548
Bydel - Brønshøj-Husum;2021K1;44433
Bydel - Brønshøj-Husum;2021K2;44230
Bydel - Brønshøj-Husum;2021K3;44072
Bydel - Brønshøj-Husum;2021K4;44053
Bydel - Brønshøj-Husum;2022K1;44005
Bydel - Brønshøj-Husum;2022K2;43838
Bydel - Brønshøj-Husum;2022K3;43803
Bydel - Brønshøj-Husum;2022K4;43928
Bydel - Brønshøj-Husum;2023K1;43933
Bydel - Brønshøj-Husum;2023K2;43831
Bydel - Brønshøj-Husum;2023K3;43690
Bydel - Brønshøj-Husum;2023K4;44457
Bydel - Brønshøj-Husum;2024K1;44467
Bydel - Brønshøj-Husum;2024K2;44464
Bydel - Brønshøj-Husum;2024K3;44447
Bydel - Brønshøj-Husum;2024K4;44480
Bydel - Brønshøj-Husum;2025K1;44524
Bydel - Bispebjerg;1974K1;51310
Bydel - Bispebjerg;1975K1;50176
Bydel - Bispebjerg;1976K1;48920
Bydel - Bispebjerg;1977K1;47623
Bydel - Bispebjerg;1978K1;46500
Bydel - Bispebjerg;1979K1;45563
Bydel - Bispebjerg;1980K1;44887
Bydel - Bispebjerg;1981K1;44285
Bydel - Bispebjerg;1982K1;44016
Bydel - Bispebjerg;1983K1;44031
Bydel - Bispebjerg;1984K1;43810
Bydel - Bispebjerg;1985K1;43812
Bydel - Bispebjerg;1986K1;43402
Bydel - Bispebjerg;1987K1;43004
Bydel - Bispebjerg;1988K1;42790
Bydel - Bispebjerg;1989K1;42533
Bydel - Bispebjerg;1990K1;42440
Bydel - Bispebjerg;1991K1;42014
Bydel - Bispebjerg;1992K1;41668
Bydel - Bispebjerg;1993K1;41662
Bydel - Bispebjerg;1994K1;41111
Bydel - Bispebjerg;1995K1;41731
Bydel - Bispebjerg;1996K1;42591
Bydel - Bispebjerg;1997K1;43103
Bydel - Bispebjerg;1998K1;43261
Bydel - Bispebjerg;1999K1;43601
Bydel - Bispebjerg;2000K1;44251
Bydel - Bispebjerg;2001K1;44641
Bydel - Bispebjerg;2002K1;45163
Bydel - Bispebjerg;2002K2;45217
Bydel - Bispebjerg;2002K3;45024
Bydel - Bispebjerg;2002K4;45141
Bydel - Bispebjerg;2003K1;44997
Bydel - Bispebjerg;2003K2;45084
Bydel - Bispebjerg;2003K3;44979
Bydel - Bispebjerg;2003K4;45165
Bydel - Bispebjerg;2004K1;45209
Bydel - Bispebjerg;2004K2;45196
Bydel - Bispebjerg;2004K3;45176
Bydel - Bispebjerg;2004K4;45151
Bydel - Bispebjerg;2005K1;45067
Bydel - Bispebjerg;2005K2;44901
Bydel - Bispebjerg;2005K3;44833
Bydel - Bispebjerg;2005K4;44942
Bydel - Bispebjerg;2006K1;44984
Bydel - Bispebjerg;2006K2;44993
Bydel - Bispebjerg;2006K3;44873
Bydel - Bispebjerg;2006K4;45327
Bydel - Bispebjerg;2007K1;45532
Bydel - Bispebjerg;2007K2;45758
Bydel - Bispebjerg;2007K3;45660
Bydel - Bispebjerg;2007K4;46283
Bydel - Bispebjerg;2008K1;46396
Bydel - Bispebjerg;2008K2;46612
Bydel - Bispebjerg;2008K3;46497
Bydel - Bispebjerg;2008K4;47151
Bydel - Bispebjerg;2009K1;47193
Bydel - Bispebjerg;2009K2;47438
Bydel - Bispebjerg;2009K3;47307
Bydel - Bispebjerg;2009K4;47798
Bydel - Bispebjerg;2010K1;47991
Bydel - Bispebjerg;2010K2;48267
Bydel - Bispebjerg;2010K3;48159
Bydel - Bispebjerg;2010K4;48937
Bydel - Bispebjerg;2011K1;49163
Bydel - Bispebjerg;2011K2;49488
Bydel - Bispebjerg;2011K3;49443
Bydel - Bispebjerg;2011K4;50147
Bydel - Bispebjerg;2012K1;50555
Bydel - Bispebjerg;2012K2;50828
Bydel - Bispebjerg;2012K3;50686
Bydel - Bispebjerg;2012K4;51368
Bydel - Bispebjerg;2013K1;51519
Bydel - Bispebjerg;2013K2;51764
Bydel - Bispebjerg;2013K3;51758
Bydel - Bispebjerg;2013K4;52463
Bydel - Bispebjerg;2014K1;52499
Bydel - Bispebjerg;2014K2;52927
Bydel - Bispebjerg;2014K3;52839
Bydel - Bispebjerg;2014K4;53625
Bydel - Bispebjerg;2015K1;53604
Bydel - Bispebjerg;2015K2;53992
Bydel - Bispebjerg;2015K3;53783
Bydel - Bispebjerg;2015K4;54329
Bydel - Bispebjerg;2016K1;54583
Bydel - Bispebjerg;2016K2;54817
Bydel - Bispebjerg;2016K3;54638
Bydel - Bispebjerg;2016K4;55241
Bydel - Bispebjerg;2017K1;55135
Bydel - Bispebjerg;2017K2;55312
Bydel - Bispebjerg;2017K3;54999
Bydel - Bispebjerg;2017K4;55364
Bydel - Bispebjerg;2018K1;55239
Bydel - Bispebjerg;2018K2;55449
Bydel - Bispebjerg;2018K3;55278
Bydel - Bispebjerg;2018K4;55624
Bydel - Bispebjerg;2019K1;55476
Bydel - Bispebjerg;2019K2;55346
Bydel - Bispebjerg;2019K3;55111
Bydel - Bispebjerg;2019K4;55328
Bydel - Bispebjerg;2020K1;55172
Bydel - Bispebjerg;2020K2;55005
Bydel - Bispebjerg;2020K3;54625
Bydel - Bispebjerg;2020K4;54631
Bydel - Bispebjerg;2021K1;54466
Bydel - Bispebjerg;2021K2;54086
Bydel - Bispebjerg;2021K3;53854
Bydel - Bispebjerg;2021K4;53934
Bydel - Bispebjerg;2022K1;53845
Bydel - Bispebjerg;2022K2;53957
Bydel - Bispebjerg;2022K3;54017
Bydel - Bispebjerg;2022K4;54239
Bydel - Bispebjerg;2023K1;54346
Bydel - Bispebjerg;2023K2;54758
Bydel - Bispebjerg;2023K3;54626
Bydel - Bispebjerg;2023K4;55044
Bydel - Bispebjerg;2024K1;54980
Bydel - Bispebjerg;2024K2;55364
Bydel - Bispebjerg;2024K3;55170
Bydel - Bispebjerg;2024K4;55523
Bydel - Bispebjerg;2025K1;55508
Bydel - Amager Øst;1974K1;54027
Bydel - Amager Øst;1975K1;53264
Bydel - Amager Øst;1976K1;51961
Bydel - Amager Øst;1977K1;50857
Bydel - Amager Øst;1978K1;49585
Bydel - Amager Øst;1979K1;48720
Bydel - Amager Øst;1980K1;48473
Bydel - Amager Øst;1981K1;48267
Bydel - Amager Øst;1982K1;47974
Bydel - Amager Øst;1983K1;47369
Bydel - Amager Øst;1984K1;47050
Bydel - Amager Øst;1985K1;46772
Bydel - Amager Øst;1986K1;46231
Bydel - Amager Øst;1987K1;45879
Bydel - Amager Øst;1988K1;45509
Bydel - Amager Øst;1989K1;45377
Bydel - Amager Øst;1990K1;45431
Bydel - Amager Øst;1991K1;45307
Bydel - Amager Øst;1992K1;45305
Bydel - Amager Øst;1993K1;45345
Bydel - Amager Øst;1994K1;45821
Bydel - Amager Øst;1995K1;46136
Bydel - Amager Øst;1996K1;46447
Bydel - Amager Øst;1997K1;46748
Bydel - Amager Øst;1998K1;46941
Bydel - Amager Øst;1999K1;47248
Bydel - Amager Øst;2000K1;47533
Bydel - Amager Øst;2001K1;48196
Bydel - Amager Øst;2002K1;48428
Bydel - Amager Øst;2002K2;48449
Bydel - Amager Øst;2002K3;48358
Bydel - Amager Øst;2002K4;48357
Bydel - Amager Øst;2003K1;48443
Bydel - Amager Øst;2003K2;48492
Bydel - Amager Øst;2003K3;48330
Bydel - Amager Øst;2003K4;48608
Bydel - Amager Øst;2004K1;48638
Bydel - Amager Øst;2004K2;48797
Bydel - Amager Øst;2004K3;48727
Bydel - Amager Øst;2004K4;48839
Bydel - Amager Øst;2005K1;48754
Bydel - Amager Øst;2005K2;48809
Bydel - Amager Øst;2005K3;48478
Bydel - Amager Øst;2005K4;48738
Bydel - Amager Øst;2006K1;48532
Bydel - Amager Øst;2006K2;48610
Bydel - Amager Øst;2006K3;48343
Bydel - Amager Øst;2006K4;48552
Bydel - Amager Øst;2007K1;48453
Bydel - Amager Øst;2007K2;48504
Bydel - Amager Øst;2007K3;48325
Bydel - Amager Øst;2007K4;48735
Bydel - Amager Øst;2008K1;48872
Bydel - Amager Øst;2008K2;49007
Bydel - Amager Øst;2008K3;48941
Bydel - Amager Øst;2008K4;49490
Bydel - Amager Øst;2009K1;49707
Bydel - Amager Øst;2009K2;49981
Bydel - Amager Øst;2009K3;50054
Bydel - Amager Øst;2009K4;50390
Bydel - Amager Øst;2010K1;50274
Bydel - Amager Øst;2010K2;50421
Bydel - Amager Øst;2010K3;50461
Bydel - Amager Øst;2010K4;50849
Bydel - Amager Øst;2011K1;50841
Bydel - Amager Øst;2011K2;51043
Bydel - Amager Øst;2011K3;50987
Bydel - Amager Øst;2011K4;51538
Bydel - Amager Øst;2012K1;51549
Bydel - Amager Øst;2012K2;51794
Bydel - Amager Øst;2012K3;51705
Bydel - Amager Øst;2012K4;52393
Bydel - Amager Øst;2013K1;52481
Bydel - Amager Øst;2013K2;52641
Bydel - Amager Øst;2013K3;52550
Bydel - Amager Øst;2013K4;53287
Bydel - Amager Øst;2014K1;53323
Bydel - Amager Øst;2014K2;53560
Bydel - Amager Øst;2014K3;53651
Bydel - Amager Øst;2014K4;54960
Bydel - Amager Øst;2015K1;55205
Bydel - Amager Øst;2015K2;55590
Bydel - Amager Øst;2015K3;55485
Bydel - Amager Øst;2015K4;56185
Bydel - Amager Øst;2016K1;55986
Bydel - Amager Øst;2016K2;56240
Bydel - Amager Øst;2016K3;56348
Bydel - Amager Øst;2016K4;56926
Bydel - Amager Øst;2017K1;56746
Bydel - Amager Øst;2017K2;57147
Bydel - Amager Øst;2017K3;57007
Bydel - Amager Øst;2017K4;57469
Bydel - Amager Øst;2018K1;57673
Bydel - Amager Øst;2018K2;57999
Bydel - Amager Øst;2018K3;58212
Bydel - Amager Øst;2018K4;59023
Bydel - Amager Øst;2019K1;59051
Bydel - Amager Øst;2019K2;59291
Bydel - Amager Øst;2019K3;59234
Bydel - Amager Øst;2019K4;59937
Bydel - Amager Øst;2020K1;59803
Bydel - Amager Øst;2020K2;59966
Bydel - Amager Øst;2020K3;60093
Bydel - Amager Øst;2020K4;60726
Bydel - Amager Øst;2021K1;60877
Bydel - Amager Øst;2021K2;60907
Bydel - Amager Øst;2021K3;60893
Bydel - Amager Øst;2021K4;61455
Bydel - Amager Øst;2022K1;61193
Bydel - Amager Øst;2022K2;61411
Bydel - Amager Øst;2022K3;61663
Bydel - Amager Øst;2022K4;62101
Bydel - Amager Øst;2023K1;62197
Bydel - Amager Øst;2023K2;62718
Bydel - Amager Øst;2023K3;62476
Bydel - Amager Øst;2023K4;63068
Bydel - Amager Øst;2024K1;62818
Bydel - Amager Øst;2024K2;62969
Bydel - Amager Øst;2024K3;62757
Bydel - Amager Øst;2024K4;63200
Bydel - Amager Øst;2025K1;63085
Bydel - Amager Vest;1974K1;54020
Bydel - Amager Vest;1975K1;52665
Bydel - Amager Vest;1976K1;51511
Bydel - Amager Vest;1977K1;50312
Bydel - Amager Vest;1978K1;49452
Bydel - Amager Vest;1979K1;48597
Bydel - Amager Vest;1980K1;47828
Bydel - Amager Vest;1981K1;47443
Bydel - Amager Vest;1982K1;47182
Bydel - Amager Vest;1983K1;47386
Bydel - Amager Vest;1984K1;46792
Bydel - Amager Vest;1985K1;46173
Bydel - Amager Vest;1986K1;45818
Bydel - Amager Vest;1987K1;45978
Bydel - Amager Vest;1988K1;45441
Bydel - Amager Vest;1989K1;45523
Bydel - Amager Vest;1990K1;45406
Bydel - Amager Vest;1991K1;42929
Bydel - Amager Vest;1992K1;42748
Bydel - Amager Vest;1993K1;43337
Bydel - Amager Vest;1994K1;43309
Bydel - Amager Vest;1995K1;43668
Bydel - Amager Vest;1996K1;44043
Bydel - Amager Vest;1997K1;44404
Bydel - Amager Vest;1998K1;44864
Bydel - Amager Vest;1999K1;45037
Bydel - Amager Vest;2000K1;45397
Bydel - Amager Vest;2001K1;45608
Bydel - Amager Vest;2002K1;45695
Bydel - Amager Vest;2002K2;45647
Bydel - Amager Vest;2002K3;45523
Bydel - Amager Vest;2002K4;45673
Bydel - Amager Vest;2003K1;45631
Bydel - Amager Vest;2003K2;45630
Bydel - Amager Vest;2003K3;45409
Bydel - Amager Vest;2003K4;45654
Bydel - Amager Vest;2004K1;45866
Bydel - Amager Vest;2004K2;45893
Bydel - Amager Vest;2004K3;46283
Bydel - Amager Vest;2004K4;46663
Bydel - Amager Vest;2005K1;46620
Bydel - Amager Vest;2005K2;46966
Bydel - Amager Vest;2005K3;47079
Bydel - Amager Vest;2005K4;48012
Bydel - Amager Vest;2006K1;48575
Bydel - Amager Vest;2006K2;48915
Bydel - Amager Vest;2006K3;49395
Bydel - Amager Vest;2006K4;50551
Bydel - Amager Vest;2007K1;51109
Bydel - Amager Vest;2007K2;51705
Bydel - Amager Vest;2007K3;52381
Bydel - Amager Vest;2007K4;52930
Bydel - Amager Vest;2008K1;53374
Bydel - Amager Vest;2008K2;53881
Bydel - Amager Vest;2008K3;54101
Bydel - Amager Vest;2008K4;54915
Bydel - Amager Vest;2009K1;55082
Bydel - Amager Vest;2009K2;55452
Bydel - Amager Vest;2009K3;55578
Bydel - Amager Vest;2009K4;56257
Bydel - Amager Vest;2010K1;56506
Bydel - Amager Vest;2010K2;57049
Bydel - Amager Vest;2010K3;57189
Bydel - Amager Vest;2010K4;57516
Bydel - Amager Vest;2011K1;57893
Bydel - Amager Vest;2011K2;58263
Bydel - Amager Vest;2011K3;58425
Bydel - Amager Vest;2011K4;59405
Bydel - Amager Vest;2012K1;59733
Bydel - Amager Vest;2012K2;60271
Bydel - Amager Vest;2012K3;60327
Bydel - Amager Vest;2012K4;61067
Bydel - Amager Vest;2013K1;61687
Bydel - Amager Vest;2013K2;62361
Bydel - Amager Vest;2013K3;62616
Bydel - Amager Vest;2013K4;63287
Bydel - Amager Vest;2014K1;63479
Bydel - Amager Vest;2014K2;63712
Bydel - Amager Vest;2014K3;63791
Bydel - Amager Vest;2014K4;64642
Bydel - Amager Vest;2015K1;64967
Bydel - Amager Vest;2015K2;65514
Bydel - Amager Vest;2015K3;65935
Bydel - Amager Vest;2015K4;66473
Bydel - Amager Vest;2016K1;66993
Bydel - Amager Vest;2016K2;67517
Bydel - Amager Vest;2016K3;67543
Bydel - Amager Vest;2016K4;68668
Bydel - Amager Vest;2017K1;69055
Bydel - Amager Vest;2017K2;69981
Bydel - Amager Vest;2017K3;70475
Bydel - Amager Vest;2017K4;71705
Bydel - Amager Vest;2018K1;71755
Bydel - Amager Vest;2018K2;72627
Bydel - Amager Vest;2018K3;72899
Bydel - Amager Vest;2018K4;74419
Bydel - Amager Vest;2019K1;75214
Bydel - Amager Vest;2019K2;76443
Bydel - Amager Vest;2019K3;77006
Bydel - Amager Vest;2019K4;78955
Bydel - Amager Vest;2020K1;78973
Bydel - Amager Vest;2020K2;79344
Bydel - Amager Vest;2020K3;79565
Bydel - Amager Vest;2020K4;80669
Bydel - Amager Vest;2021K1;81320
Bydel - Amager Vest;2021K2;82076
Bydel - Amager Vest;2021K3;82637
Bydel - Amager Vest;2021K4;83966
Bydel - Amager Vest;2022K1;84561
Bydel - Amager Vest;2022K2;85520
Bydel - Amager Vest;2022K3;85505
Bydel - Amager Vest;2022K4;86352
Bydel - Amager Vest;2023K1;86668
Bydel - Amager Vest;2023K2;87669
Bydel - Amager Vest;2023K3;87226
Bydel - Amager Vest;2023K4;88306
Bydel - Amager Vest;2024K1;88380
Bydel - Amager Vest;2024K2;89357
Bydel - Amager Vest;2024K3;89327
Bydel - Amager Vest;2024K4;90683
Bydel - Amager Vest;2025K1;90713
Bydel - Uden for inddeling;1974K1;0
Bydel - Uden for inddeling;1975K1;1
Bydel - Uden for inddeling;1976K1;0
Bydel - Uden for inddeling;1977K1;0
Bydel - Uden for inddeling;1978K1;0
Bydel - Uden for inddeling;1979K1;0
Bydel - Uden for inddeling;1980K1;0
Bydel - Uden for inddeling;1981K1;0
Bydel - Uden for inddeling;1982K1;0
Bydel - Uden for inddeling;1983K1;0
Bydel - Uden for inddeling;1984K1;0
Bydel - Uden for inddeling;1985K1;0
Bydel - Uden for inddeling;1986K1;0
Bydel - Uden for inddeling;1987K1;0
Bydel - Uden for inddeling;1988K1;0
Bydel - Uden for inddeling;1989K1;0
Bydel - Uden for inddeling;1990K1;0
Bydel - Uden for inddeling;1991K1;2428
Bydel - Uden for inddeling;1992K1;2187
Bydel - Uden for inddeling;1993K1;1900
Bydel - Uden for inddeling;1994K1;1936
Bydel - Uden for inddeling;1995K1;2301
Bydel - Uden for inddeling;1996K1;2424
Bydel - Uden for inddeling;1997K1;2848
Bydel - Uden for inddeling;1998K1;3314
Bydel - Uden for inddeling;1999K1;2475
Bydel - Uden for inddeling;2000K1;3161
Bydel - Uden for inddeling;2001K1;3498
Bydel - Uden for inddeling;2002K1;2681
Bydel - Uden for inddeling;2002K2;2904
Bydel - Uden for inddeling;2002K3;2655
Bydel - Uden for inddeling;2002K4;2781
Bydel - Uden for inddeling;2003K1;2922
Bydel - Uden for inddeling;2003K2;2863
Bydel - Uden for inddeling;2003K3;2944
Bydel - Uden for inddeling;2003K4;2906
Bydel - Uden for inddeling;2004K1;3201
Bydel - Uden for inddeling;2004K2;3004
Bydel - Uden for inddeling;2004K3;3150
Bydel - Uden for inddeling;2004K4;3374
Bydel - Uden for inddeling;2005K1;3530
Bydel - Uden for inddeling;2005K2;3628
Bydel - Uden for inddeling;2005K3;3098
Bydel - Uden for inddeling;2005K4;3281
Bydel - Uden for inddeling;2006K1;3464
Bydel - Uden for inddeling;2006K2;3625
Bydel - Uden for inddeling;2006K3;3723
Bydel - Uden for inddeling;2006K4;3580
Bydel - Uden for inddeling;2007K1;3125
Bydel - Uden for inddeling;2007K2;3250
Bydel - Uden for inddeling;2007K3;3359
Bydel - Uden for inddeling;2007K4;3669
Bydel - Uden for inddeling;2008K1;3785
Bydel - Uden for inddeling;2008K2;3861
Bydel - Uden for inddeling;2008K3;3878
Bydel - Uden for inddeling;2008K4;3954
Bydel - Uden for inddeling;2009K1;4049
Bydel - Uden for inddeling;2009K2;3420
Bydel - Uden for inddeling;2009K3;3741
Bydel - Uden for inddeling;2009K4;4090
Bydel - Uden for inddeling;2010K1;4270
Bydel - Uden for inddeling;2010K2;4451
Bydel - Uden for inddeling;2010K3;4606
Bydel - Uden for inddeling;2010K4;4918
Bydel - Uden for inddeling;2011K1;4974
Bydel - Uden for inddeling;2011K2;4895
Bydel - Uden for inddeling;2011K3;4909
Bydel - Uden for inddeling;2011K4;5073
Bydel - Uden for inddeling;2012K1;3439
Bydel - Uden for inddeling;2012K2;3551
Bydel - Uden for inddeling;2012K3;3641
Bydel - Uden for inddeling;2012K4;3594
Bydel - Uden for inddeling;2013K1;3638
Bydel - Uden for inddeling;2013K2;3283
Bydel - Uden for inddeling;2013K3;3289
Bydel - Uden for inddeling;2013K4;3461
Bydel - Uden for inddeling;2014K1;3579
Bydel - Uden for inddeling;2014K2;3572
Bydel - Uden for inddeling;2014K3;3827
Bydel - Uden for inddeling;2014K4;3859
Bydel - Uden for inddeling;2015K1;3869
Bydel - Uden for inddeling;2015K2;3472
Bydel - Uden for inddeling;2015K3;3693
Bydel - Uden for inddeling;2015K4;3698
Bydel - Uden for inddeling;2016K1;3751
Bydel - Uden for inddeling;2016K2;3664
Bydel - Uden for inddeling;2016K3;3752
Bydel - Uden for inddeling;2016K4;3630
Bydel - Uden for inddeling;2017K1;3705
Bydel - Uden for inddeling;2017K2;3646
Bydel - Uden for inddeling;2017K3;3579
Bydel - Uden for inddeling;2017K4;3541
Bydel - Uden for inddeling;2018K1;3565
Bydel - Uden for inddeling;2018K2;3556
Bydel - Uden for inddeling;2018K3;3476
Bydel - Uden for inddeling;2018K4;3345
Bydel - Uden for inddeling;2019K1;3217
Bydel - Uden for inddeling;2019K2;3172
Bydel - Uden for inddeling;2019K3;3154
Bydel - Uden for inddeling;2019K4;3508
Bydel - Uden for inddeling;2020K1;3521
Bydel - Uden for inddeling;2020K2;3786
Bydel - Uden for inddeling;2020K3;3834
Bydel - Uden for inddeling;2020K4;3706
Bydel - Uden for inddeling;2021K1;3785
Bydel - Uden for inddeling;2021K2;3729
Bydel - Uden for inddeling;2021K3;3775
Bydel - Uden for inddeling;2021K4;3944
Bydel - Uden for inddeling;2022K1;3840
Bydel - Uden for inddeling;2022K2;3942
Bydel - Uden for inddeling;2022K3;3960
Bydel - Uden for inddeling;2022K4;4185
Bydel - Uden for inddeling;2023K1;4156
Bydel - Uden for inddeling;2023K2;4188
Bydel - Uden for inddeling;2023K3;4623
Bydel - Uden for inddeling;2023K4;4329
Bydel - Uden for inddeling;2024K1;4285
Bydel - Uden for inddeling;2024K2;4176
Bydel - Uden for inddeling;2024K3;4143
Bydel - Uden for inddeling;2024K4;4348
Bydel - Uden for inddeling;2025K1;4112
Lokaludvalg - Indre By;1974K1;45276
Lokaludvalg - Indre By;1975K1;44341
Lokaludvalg - Indre By;1976K1;42455
Lokaludvalg - Indre By;1977K1;40629
Lokaludvalg - Indre By;1978K1;38866
Lokaludvalg - Indre By;1979K1;37989
Lokaludvalg - Indre By;1980K1;37410
Lokaludvalg - Indre By;1981K1;36865
Lokaludvalg - Indre By;1982K1;36577
Lokaludvalg - Indre By;1983K1;35952
Lokaludvalg - Indre By;1984K1;35558
Lokaludvalg - Indre By;1985K1;35261
Lokaludvalg - Indre By;1986K1;34329
Lokaludvalg - Indre By;1987K1;33800
Lokaludvalg - Indre By;1988K1;33314
Lokaludvalg - Indre By;1989K1;32906
Lokaludvalg - Indre By;1990K1;32595
Lokaludvalg - Indre By;1991K1;32475
Lokaludvalg - Indre By;1992K1;32424
Lokaludvalg - Indre By;1993K1;32613
Lokaludvalg - Indre By;1994K1;32891
Lokaludvalg - Indre By;1995K1;33141
Lokaludvalg - Indre By;1996K1;33231
Lokaludvalg - Indre By;1997K1;33657
Lokaludvalg - Indre By;1998K1;33826
Lokaludvalg - Indre By;1999K1;34294
Lokaludvalg - Indre By;2000K1;34561
Lokaludvalg - Indre By;2001K1;34649
Lokaludvalg - Indre By;2002K1;34556
Lokaludvalg - Indre By;2002K2;34596
Lokaludvalg - Indre By;2002K3;34504
Lokaludvalg - Indre By;2002K4;34612
Lokaludvalg - Indre By;2003K1;34679
Lokaludvalg - Indre By;2003K2;34632
Lokaludvalg - Indre By;2003K3;34527
Lokaludvalg - Indre By;2003K4;34686
Lokaludvalg - Indre By;2004K1;34542
Lokaludvalg - Indre By;2004K2;34519
Lokaludvalg - Indre By;2004K3;34400
Lokaludvalg - Indre By;2004K4;34580
Lokaludvalg - Indre By;2005K1;34631
Lokaludvalg - Indre By;2005K2;34764
Lokaludvalg - Indre By;2005K3;34763
Lokaludvalg - Indre By;2005K4;34817
Lokaludvalg - Indre By;2006K1;34639
Lokaludvalg - Indre By;2006K2;35003
Lokaludvalg - Indre By;2006K3;35006
Lokaludvalg - Indre By;2006K4;35219
Lokaludvalg - Indre By;2007K1;35331
Lokaludvalg - Indre By;2007K2;35483
Lokaludvalg - Indre By;2007K3;35284
Lokaludvalg - Indre By;2007K4;35572
Lokaludvalg - Indre By;2008K1;35521
Lokaludvalg - Indre By;2008K2;35678
Lokaludvalg - Indre By;2008K3;35667
Lokaludvalg - Indre By;2008K4;35953
Lokaludvalg - Indre By;2009K1;36120
Lokaludvalg - Indre By;2009K2;36383
Lokaludvalg - Indre By;2009K3;36385
Lokaludvalg - Indre By;2009K4;36816
Lokaludvalg - Indre By;2010K1;36996
Lokaludvalg - Indre By;2010K2;37386
Lokaludvalg - Indre By;2010K3;37236
Lokaludvalg - Indre By;2010K4;37621
Lokaludvalg - Indre By;2011K1;37693
Lokaludvalg - Indre By;2011K2;38057
Lokaludvalg - Indre By;2011K3;37973
Lokaludvalg - Indre By;2011K4;38849
Lokaludvalg - Indre By;2012K1;38951
Lokaludvalg - Indre By;2012K2;39122
Lokaludvalg - Indre By;2012K3;38876
Lokaludvalg - Indre By;2012K4;39462
Lokaludvalg - Indre By;2013K1;39497
Lokaludvalg - Indre By;2013K2;39816
Lokaludvalg - Indre By;2013K3;39575
Lokaludvalg - Indre By;2013K4;40238
Lokaludvalg - Indre By;2014K1;40281
Lokaludvalg - Indre By;2014K2;40166
Lokaludvalg - Indre By;2014K3;39787
Lokaludvalg - Indre By;2014K4;40234
Lokaludvalg - Indre By;2015K1;39928
Lokaludvalg - Indre By;2015K2;40268
Lokaludvalg - Indre By;2015K3;40189
Lokaludvalg - Indre By;2015K4;40827
Lokaludvalg - Indre By;2016K1;40864
Lokaludvalg - Indre By;2016K2;41235
Lokaludvalg - Indre By;2016K3;40965
Lokaludvalg - Indre By;2016K4;42055
Lokaludvalg - Indre By;2017K1;41964
Lokaludvalg - Indre By;2017K2;42213
Lokaludvalg - Indre By;2017K3;41832
Lokaludvalg - Indre By;2017K4;42488
Lokaludvalg - Indre By;2018K1;42453
Lokaludvalg - Indre By;2018K2;42749
Lokaludvalg - Indre By;2018K3;42342
Lokaludvalg - Indre By;2018K4;43090
Lokaludvalg - Indre By;2019K1;42844
Lokaludvalg - Indre By;2019K2;43289
Lokaludvalg - Indre By;2019K3;42871
Lokaludvalg - Indre By;2019K4;43375
Lokaludvalg - Indre By;2020K1;42646
Lokaludvalg - Indre By;2020K2;42710
Lokaludvalg - Indre By;2020K3;42553
Lokaludvalg - Indre By;2020K4;43099
Lokaludvalg - Indre By;2021K1;43055
Lokaludvalg - Indre By;2021K2;43038
Lokaludvalg - Indre By;2021K3;42892
Lokaludvalg - Indre By;2021K4;43214
Lokaludvalg - Indre By;2022K1;43087
Lokaludvalg - Indre By;2022K2;43365
Lokaludvalg - Indre By;2022K3;43105
Lokaludvalg - Indre By;2022K4;43527
Lokaludvalg - Indre By;2023K1;43198
Lokaludvalg - Indre By;2023K2;43536
Lokaludvalg - Indre By;2023K3;43138
Lokaludvalg - Indre By;2023K4;43853
Lokaludvalg - Indre By;2024K1;43419
Lokaludvalg - Indre By;2024K2;43927
Lokaludvalg - Indre By;2024K3;43529
Lokaludvalg - Indre By;2024K4;44218
Lokaludvalg - Indre By;2025K1;43951
Lokaludvalg - Christianshavn;1974K1;9270
Lokaludvalg - Christianshavn;1975K1;9057
Lokaludvalg - Christianshavn;1976K1;8453
Lokaludvalg - Christianshavn;1977K1;8105
Lokaludvalg - Christianshavn;1978K1;8220
Lokaludvalg - Christianshavn;1979K1;8305
Lokaludvalg - Christianshavn;1980K1;8348
Lokaludvalg - Christianshavn;1981K1;8281
Lokaludvalg - Christianshavn;1982K1;8375
Lokaludvalg - Christianshavn;1983K1;8345
Lokaludvalg - Christianshavn;1984K1;8345
Lokaludvalg - Christianshavn;1985K1;8378
Lokaludvalg - Christianshavn;1986K1;8454
Lokaludvalg - Christianshavn;1987K1;8408
Lokaludvalg - Christianshavn;1988K1;8318
Lokaludvalg - Christianshavn;1989K1;8334
Lokaludvalg - Christianshavn;1990K1;8321
Lokaludvalg - Christianshavn;1991K1;8269
Lokaludvalg - Christianshavn;1992K1;8171
Lokaludvalg - Christianshavn;1993K1;8312
Lokaludvalg - Christianshavn;1994K1;8394
Lokaludvalg - Christianshavn;1995K1;8439
Lokaludvalg - Christianshavn;1996K1;8544
Lokaludvalg - Christianshavn;1997K1;8733
Lokaludvalg - Christianshavn;1998K1;8849
Lokaludvalg - Christianshavn;1999K1;9109
Lokaludvalg - Christianshavn;2000K1;9130
Lokaludvalg - Christianshavn;2001K1;9329
Lokaludvalg - Christianshavn;2002K1;9569
Lokaludvalg - Christianshavn;2002K2;9572
Lokaludvalg - Christianshavn;2002K3;9608
Lokaludvalg - Christianshavn;2002K4;9695
Lokaludvalg - Christianshavn;2003K1;9781
Lokaludvalg - Christianshavn;2003K2;9880
Lokaludvalg - Christianshavn;2003K3;10089
Lokaludvalg - Christianshavn;2003K4;10139
Lokaludvalg - Christianshavn;2004K1;10140
Lokaludvalg - Christianshavn;2004K2;10147
Lokaludvalg - Christianshavn;2004K3;10137
Lokaludvalg - Christianshavn;2004K4;10135
Lokaludvalg - Christianshavn;2005K1;10142
Lokaludvalg - Christianshavn;2005K2;10117
Lokaludvalg - Christianshavn;2005K3;9875
Lokaludvalg - Christianshavn;2005K4;10078
Lokaludvalg - Christianshavn;2006K1;10098
Lokaludvalg - Christianshavn;2006K2;10045
Lokaludvalg - Christianshavn;2006K3;10020
Lokaludvalg - Christianshavn;2006K4;10102
Lokaludvalg - Christianshavn;2007K1;10102
Lokaludvalg - Christianshavn;2007K2;10136
Lokaludvalg - Christianshavn;2007K3;10105
Lokaludvalg - Christianshavn;2007K4;10173
Lokaludvalg - Christianshavn;2008K1;10146
Lokaludvalg - Christianshavn;2008K2;10195
Lokaludvalg - Christianshavn;2008K3;10232
Lokaludvalg - Christianshavn;2008K4;10277
Lokaludvalg - Christianshavn;2009K1;10303
Lokaludvalg - Christianshavn;2009K2;10404
Lokaludvalg - Christianshavn;2009K3;10421
Lokaludvalg - Christianshavn;2009K4;10523
Lokaludvalg - Christianshavn;2010K1;10515
Lokaludvalg - Christianshavn;2010K2;10502
Lokaludvalg - Christianshavn;2010K3;10484
Lokaludvalg - Christianshavn;2010K4;10623
Lokaludvalg - Christianshavn;2011K1;10558
Lokaludvalg - Christianshavn;2011K2;10576
Lokaludvalg - Christianshavn;2011K3;10571
Lokaludvalg - Christianshavn;2011K4;10736
Lokaludvalg - Christianshavn;2012K1;10790
Lokaludvalg - Christianshavn;2012K2;10857
Lokaludvalg - Christianshavn;2012K3;10986
Lokaludvalg - Christianshavn;2012K4;11100
Lokaludvalg - Christianshavn;2013K1;11057
Lokaludvalg - Christianshavn;2013K2;11090
Lokaludvalg - Christianshavn;2013K3;11033
Lokaludvalg - Christianshavn;2013K4;11128
Lokaludvalg - Christianshavn;2014K1;11143
Lokaludvalg - Christianshavn;2014K2;11326
Lokaludvalg - Christianshavn;2014K3;11428
Lokaludvalg - Christianshavn;2014K4;11716
Lokaludvalg - Christianshavn;2015K1;12009
Lokaludvalg - Christianshavn;2015K2;12272
Lokaludvalg - Christianshavn;2015K3;12448
Lokaludvalg - Christianshavn;2015K4;12661
Lokaludvalg - Christianshavn;2016K1;12732
Lokaludvalg - Christianshavn;2016K2;12826
Lokaludvalg - Christianshavn;2016K3;12814
Lokaludvalg - Christianshavn;2016K4;13034
Lokaludvalg - Christianshavn;2017K1;12958
Lokaludvalg - Christianshavn;2017K2;13085
Lokaludvalg - Christianshavn;2017K3;13017
Lokaludvalg - Christianshavn;2017K4;13078
Lokaludvalg - Christianshavn;2018K1;13040
Lokaludvalg - Christianshavn;2018K2;13074
Lokaludvalg - Christianshavn;2018K3;13055
Lokaludvalg - Christianshavn;2018K4;13260
Lokaludvalg - Christianshavn;2019K1;13340
Lokaludvalg - Christianshavn;2019K2;13394
Lokaludvalg - Christianshavn;2019K3;13309
Lokaludvalg - Christianshavn;2019K4;13358
Lokaludvalg - Christianshavn;2020K1;13220
Lokaludvalg - Christianshavn;2020K2;13237
Lokaludvalg - Christianshavn;2020K3;13209
Lokaludvalg - Christianshavn;2020K4;13320
Lokaludvalg - Christianshavn;2021K1;13244
Lokaludvalg - Christianshavn;2021K2;13215
Lokaludvalg - Christianshavn;2021K3;13212
Lokaludvalg - Christianshavn;2021K4;13199
Lokaludvalg - Christianshavn;2022K1;13146
Lokaludvalg - Christianshavn;2022K2;13236
Lokaludvalg - Christianshavn;2022K3;13233
Lokaludvalg - Christianshavn;2022K4;13286
Lokaludvalg - Christianshavn;2023K1;13248
Lokaludvalg - Christianshavn;2023K2;13302
Lokaludvalg - Christianshavn;2023K3;13257
Lokaludvalg - Christianshavn;2023K4;13300
Lokaludvalg - Christianshavn;2024K1;13249
Lokaludvalg - Christianshavn;2024K2;13421
Lokaludvalg - Christianshavn;2024K3;13406
Lokaludvalg - Christianshavn;2024K4;13538
Lokaludvalg - Christianshavn;2025K1;13478
Lokaludvalg - Østerbro;1974K1;74953
Lokaludvalg - Østerbro;1975K1;73153
Lokaludvalg - Østerbro;1976K1;71577
Lokaludvalg - Østerbro;1977K1;69365
Lokaludvalg - Østerbro;1978K1;67546
Lokaludvalg - Østerbro;1979K1;66492
Lokaludvalg - Østerbro;1980K1;64934
Lokaludvalg - Østerbro;1981K1;64731
Lokaludvalg - Østerbro;1982K1;64889
Lokaludvalg - Østerbro;1983K1;64407
Lokaludvalg - Østerbro;1984K1;64142
Lokaludvalg - Østerbro;1985K1;63355
Lokaludvalg - Østerbro;1986K1;62646
Lokaludvalg - Østerbro;1987K1;62287
Lokaludvalg - Østerbro;1988K1;62034
Lokaludvalg - Østerbro;1989K1;61893
Lokaludvalg - Østerbro;1990K1;61718
Lokaludvalg - Østerbro;1991K1;62452
Lokaludvalg - Østerbro;1992K1;62221
Lokaludvalg - Østerbro;1993K1;62583
Lokaludvalg - Østerbro;1994K1;63050
Lokaludvalg - Østerbro;1995K1;63572
Lokaludvalg - Østerbro;1996K1;64503
Lokaludvalg - Østerbro;1997K1;65856
Lokaludvalg - Østerbro;1998K1;66148
Lokaludvalg - Østerbro;1999K1;66295
Lokaludvalg - Østerbro;2000K1;66673
Lokaludvalg - Østerbro;2001K1;66877
Lokaludvalg - Østerbro;2002K1;67017
Lokaludvalg - Østerbro;2002K2;67248
Lokaludvalg - Østerbro;2002K3;67095
Lokaludvalg - Østerbro;2002K4;67495
Lokaludvalg - Østerbro;2003K1;67554
Lokaludvalg - Østerbro;2003K2;67700
Lokaludvalg - Østerbro;2003K3;67630
Lokaludvalg - Østerbro;2003K4;67756
Lokaludvalg - Østerbro;2004K1;67574
Lokaludvalg - Østerbro;2004K2;67652
Lokaludvalg - Østerbro;2004K3;67499
Lokaludvalg - Østerbro;2004K4;67760
Lokaludvalg - Østerbro;2005K1;67677
Lokaludvalg - Østerbro;2005K2;67762
Lokaludvalg - Østerbro;2005K3;67461
Lokaludvalg - Østerbro;2005K4;67574
Lokaludvalg - Østerbro;2006K1;67366
Lokaludvalg - Østerbro;2006K2;67454
Lokaludvalg - Østerbro;2006K3;67152
Lokaludvalg - Østerbro;2006K4;67309
Lokaludvalg - Østerbro;2007K1;67351
Lokaludvalg - Østerbro;2007K2;67702
Lokaludvalg - Østerbro;2007K3;67385
Lokaludvalg - Østerbro;2007K4;67890
Lokaludvalg - Østerbro;2008K1;67974
Lokaludvalg - Østerbro;2008K2;68181
Lokaludvalg - Østerbro;2008K3;67967
Lokaludvalg - Østerbro;2008K4;68713
Lokaludvalg - Østerbro;2009K1;68771
Lokaludvalg - Østerbro;2009K2;69129
Lokaludvalg - Østerbro;2009K3;69094
Lokaludvalg - Østerbro;2009K4;69874
Lokaludvalg - Østerbro;2010K1;69954
Lokaludvalg - Østerbro;2010K2;70394
Lokaludvalg - Østerbro;2010K3;70251
Lokaludvalg - Østerbro;2010K4;70801
Lokaludvalg - Østerbro;2011K1;70908
Lokaludvalg - Østerbro;2011K2;71245
Lokaludvalg - Østerbro;2011K3;71412
Lokaludvalg - Østerbro;2011K4;72112
Lokaludvalg - Østerbro;2012K1;72407
Lokaludvalg - Østerbro;2012K2;72703
Lokaludvalg - Østerbro;2012K3;72521
Lokaludvalg - Østerbro;2012K4;73350
Lokaludvalg - Østerbro;2013K1;73421
Lokaludvalg - Østerbro;2013K2;73992
Lokaludvalg - Østerbro;2013K3;73718
Lokaludvalg - Østerbro;2013K4;74506
Lokaludvalg - Østerbro;2014K1;74521
Lokaludvalg - Østerbro;2014K2;74792
Lokaludvalg - Østerbro;2014K3;74425
Lokaludvalg - Østerbro;2014K4;75092
Lokaludvalg - Østerbro;2015K1;75113
Lokaludvalg - Østerbro;2015K2;75429
Lokaludvalg - Østerbro;2015K3;75282
Lokaludvalg - Østerbro;2015K4;76158
Lokaludvalg - Østerbro;2016K1;76402
Lokaludvalg - Østerbro;2016K2;76759
Lokaludvalg - Østerbro;2016K3;76748
Lokaludvalg - Østerbro;2016K4;77700
Lokaludvalg - Østerbro;2017K1;77975
Lokaludvalg - Østerbro;2017K2;78371
Lokaludvalg - Østerbro;2017K3;78403
Lokaludvalg - Østerbro;2017K4;79284
Lokaludvalg - Østerbro;2018K1;79276
Lokaludvalg - Østerbro;2018K2;79277
Lokaludvalg - Østerbro;2018K3;79034
Lokaludvalg - Østerbro;2018K4;79471
Lokaludvalg - Østerbro;2019K1;79339
Lokaludvalg - Østerbro;2019K2;79582
Lokaludvalg - Østerbro;2019K3;79449
Lokaludvalg - Østerbro;2019K4;79908
Lokaludvalg - Østerbro;2020K1;79803
Lokaludvalg - Østerbro;2020K2;79920
Lokaludvalg - Østerbro;2020K3;79865
Lokaludvalg - Østerbro;2020K4;80367
Lokaludvalg - Østerbro;2021K1;80166
Lokaludvalg - Østerbro;2021K2;79912
Lokaludvalg - Østerbro;2021K3;79854
Lokaludvalg - Østerbro;2021K4;79900
Lokaludvalg - Østerbro;2022K1;79952
Lokaludvalg - Østerbro;2022K2;80345
Lokaludvalg - Østerbro;2022K3;80356
Lokaludvalg - Østerbro;2022K4;80655
Lokaludvalg - Østerbro;2023K1;80605
Lokaludvalg - Østerbro;2023K2;80842
Lokaludvalg - Østerbro;2023K3;80779
Lokaludvalg - Østerbro;2023K4;81326
Lokaludvalg - Østerbro;2024K1;81278
Lokaludvalg - Østerbro;2024K2;81497
Lokaludvalg - Østerbro;2024K3;81336
Lokaludvalg - Østerbro;2024K4;81809
Lokaludvalg - Østerbro;2025K1;81458
Lokaludvalg - Nørrebro;1974K1;84868
Lokaludvalg - Nørrebro;1975K1;82334
Lokaludvalg - Nørrebro;1976K1;78942
Lokaludvalg - Nørrebro;1977K1;75556
Lokaludvalg - Nørrebro;1978K1;73075
Lokaludvalg - Nørrebro;1979K1;71353
Lokaludvalg - Nørrebro;1980K1;70399
Lokaludvalg - Nørrebro;1981K1;68770
Lokaludvalg - Nørrebro;1982K1;67883
Lokaludvalg - Nørrebro;1983K1;67038
Lokaludvalg - Nørrebro;1984K1;66306
Lokaludvalg - Nørrebro;1985K1;66227
Lokaludvalg - Nørrebro;1986K1;65533
Lokaludvalg - Nørrebro;1987K1;65081
Lokaludvalg - Nørrebro;1988K1;66754
Lokaludvalg - Nørrebro;1989K1;67158
Lokaludvalg - Nørrebro;1990K1;67258
Lokaludvalg - Nørrebro;1991K1;66304
Lokaludvalg - Nørrebro;1992K1;67251
Lokaludvalg - Nørrebro;1993K1;67783
Lokaludvalg - Nørrebro;1994K1;68115
Lokaludvalg - Nørrebro;1995K1;68638
Lokaludvalg - Nørrebro;1996K1;69705
Lokaludvalg - Nørrebro;1997K1;70847
Lokaludvalg - Nørrebro;1998K1;71393
Lokaludvalg - Nørrebro;1999K1;72378
Lokaludvalg - Nørrebro;2000K1;72993
Lokaludvalg - Nørrebro;2001K1;73502
Lokaludvalg - Nørrebro;2002K1;73865
Lokaludvalg - Nørrebro;2002K2;73962
Lokaludvalg - Nørrebro;2002K3;73813
Lokaludvalg - Nørrebro;2002K4;74049
Lokaludvalg - Nørrebro;2003K1;73836
Lokaludvalg - Nørrebro;2003K2;73957
Lokaludvalg - Nørrebro;2003K3;73529
Lokaludvalg - Nørrebro;2003K4;73721
Lokaludvalg - Nørrebro;2004K1;73566
Lokaludvalg - Nørrebro;2004K2;73639
Lokaludvalg - Nørrebro;2004K3;73121
Lokaludvalg - Nørrebro;2004K4;73296
Lokaludvalg - Nørrebro;2005K1;73090
Lokaludvalg - Nørrebro;2005K2;73141
Lokaludvalg - Nørrebro;2005K3;72418
Lokaludvalg - Nørrebro;2005K4;72224
Lokaludvalg - Nørrebro;2006K1;71824
Lokaludvalg - Nørrebro;2006K2;71688
Lokaludvalg - Nørrebro;2006K3;71281
Lokaludvalg - Nørrebro;2006K4;71627
Lokaludvalg - Nørrebro;2007K1;71330
Lokaludvalg - Nørrebro;2007K2;71359
Lokaludvalg - Nørrebro;2007K3;71104
Lokaludvalg - Nørrebro;2007K4;71601
Lokaludvalg - Nørrebro;2008K1;71574
Lokaludvalg - Nørrebro;2008K2;71471
Lokaludvalg - Nørrebro;2008K3;71206
Lokaludvalg - Nørrebro;2008K4;71715
Lokaludvalg - Nørrebro;2009K1;71890
Lokaludvalg - Nørrebro;2009K2;72189
Lokaludvalg - Nørrebro;2009K3;72341
Lokaludvalg - Nørrebro;2009K4;73020
Lokaludvalg - Nørrebro;2010K1;72915
Lokaludvalg - Nørrebro;2010K2;73040
Lokaludvalg - Nørrebro;2010K3;73174
Lokaludvalg - Nørrebro;2010K4;73928
Lokaludvalg - Nørrebro;2011K1;74113
Lokaludvalg - Nørrebro;2011K2;74520
Lokaludvalg - Nørrebro;2011K3;74432
Lokaludvalg - Nørrebro;2011K4;75304
Lokaludvalg - Nørrebro;2012K1;75425
Lokaludvalg - Nørrebro;2012K2;75714
Lokaludvalg - Nørrebro;2012K3;75752
Lokaludvalg - Nørrebro;2012K4;76609
Lokaludvalg - Nørrebro;2013K1;76602
Lokaludvalg - Nørrebro;2013K2;76715
Lokaludvalg - Nørrebro;2013K3;76827
Lokaludvalg - Nørrebro;2013K4;77725
Lokaludvalg - Nørrebro;2014K1;77807
Lokaludvalg - Nørrebro;2014K2;78063
Lokaludvalg - Nørrebro;2014K3;78088
Lokaludvalg - Nørrebro;2014K4;78966
Lokaludvalg - Nørrebro;2015K1;78802
Lokaludvalg - Nørrebro;2015K2;79269
Lokaludvalg - Nørrebro;2015K3;78971
Lokaludvalg - Nørrebro;2015K4;79580
Lokaludvalg - Nørrebro;2016K1;79668
Lokaludvalg - Nørrebro;2016K2;79737
Lokaludvalg - Nørrebro;2016K3;79542
Lokaludvalg - Nørrebro;2016K4;80066
Lokaludvalg - Nørrebro;2017K1;79951
Lokaludvalg - Nørrebro;2017K2;80282
Lokaludvalg - Nørrebro;2017K3;80058
Lokaludvalg - Nørrebro;2017K4;80792
Lokaludvalg - Nørrebro;2018K1;80572
Lokaludvalg - Nørrebro;2018K2;80686
Lokaludvalg - Nørrebro;2018K3;80513
Lokaludvalg - Nørrebro;2018K4;80842
Lokaludvalg - Nørrebro;2019K1;80615
Lokaludvalg - Nørrebro;2019K2;80712
Lokaludvalg - Nørrebro;2019K3;80318
Lokaludvalg - Nørrebro;2019K4;80646
Lokaludvalg - Nørrebro;2020K1;80254
Lokaludvalg - Nørrebro;2020K2;79977
Lokaludvalg - Nørrebro;2020K3;79505
Lokaludvalg - Nørrebro;2020K4;79601
Lokaludvalg - Nørrebro;2021K1;79217
Lokaludvalg - Nørrebro;2021K2;79000
Lokaludvalg - Nørrebro;2021K3;78484
Lokaludvalg - Nørrebro;2021K4;78591
Lokaludvalg - Nørrebro;2022K1;78588
Lokaludvalg - Nørrebro;2022K2;78552
Lokaludvalg - Nørrebro;2022K3;78402
Lokaludvalg - Nørrebro;2022K4;78508
Lokaludvalg - Nørrebro;2023K1;78583
Lokaludvalg - Nørrebro;2023K2;78779
Lokaludvalg - Nørrebro;2023K3;78962
Lokaludvalg - Nørrebro;2023K4;79318
Lokaludvalg - Nørrebro;2024K1;79067
Lokaludvalg - Nørrebro;2024K2;79264
Lokaludvalg - Nørrebro;2024K3;79339
Lokaludvalg - Nørrebro;2024K4;79639
Lokaludvalg - Nørrebro;2025K1;79768
Lokaludvalg - Vesterbro;1974K1;45946
Lokaludvalg - Vesterbro;1975K1;44278
Lokaludvalg - Vesterbro;1976K1;42232
Lokaludvalg - Vesterbro;1977K1;40900
Lokaludvalg - Vesterbro;1978K1;39613
Lokaludvalg - Vesterbro;1979K1;38672
Lokaludvalg - Vesterbro;1980K1;38023
Lokaludvalg - Vesterbro;1981K1;37814
Lokaludvalg - Vesterbro;1982K1;37053
Lokaludvalg - Vesterbro;1983K1;36459
Lokaludvalg - Vesterbro;1984K1;36110
Lokaludvalg - Vesterbro;1985K1;35107
Lokaludvalg - Vesterbro;1986K1;34291
Lokaludvalg - Vesterbro;1987K1;34072
Lokaludvalg - Vesterbro;1988K1;33782
Lokaludvalg - Vesterbro;1989K1;33772
Lokaludvalg - Vesterbro;1990K1;33491
Lokaludvalg - Vesterbro;1991K1;33161
Lokaludvalg - Vesterbro;1992K1;33172
Lokaludvalg - Vesterbro;1993K1;33178
Lokaludvalg - Vesterbro;1994K1;33054
Lokaludvalg - Vesterbro;1995K1;32939
Lokaludvalg - Vesterbro;1996K1;33089
Lokaludvalg - Vesterbro;1997K1;33423
Lokaludvalg - Vesterbro;1998K1;34115
Lokaludvalg - Vesterbro;1999K1;34124
Lokaludvalg - Vesterbro;2000K1;34797
Lokaludvalg - Vesterbro;2001K1;35070
Lokaludvalg - Vesterbro;2002K1;35342
Lokaludvalg - Vesterbro;2002K2;35441
Lokaludvalg - Vesterbro;2002K3;35299
Lokaludvalg - Vesterbro;2002K4;35385
Lokaludvalg - Vesterbro;2003K1;35487
Lokaludvalg - Vesterbro;2003K2;35595
Lokaludvalg - Vesterbro;2003K3;35422
Lokaludvalg - Vesterbro;2003K4;35549
Lokaludvalg - Vesterbro;2004K1;35546
Lokaludvalg - Vesterbro;2004K2;35531
Lokaludvalg - Vesterbro;2004K3;35212
Lokaludvalg - Vesterbro;2004K4;35266
Lokaludvalg - Vesterbro;2005K1;35229
Lokaludvalg - Vesterbro;2005K2;35146
Lokaludvalg - Vesterbro;2005K3;34927
Lokaludvalg - Vesterbro;2005K4;35010
Lokaludvalg - Vesterbro;2006K1;34992
Lokaludvalg - Vesterbro;2006K2;34943
Lokaludvalg - Vesterbro;2006K3;34806
Lokaludvalg - Vesterbro;2006K4;35078
Lokaludvalg - Vesterbro;2007K1;35096
Lokaludvalg - Vesterbro;2007K2;35177
Lokaludvalg - Vesterbro;2007K3;35002
Lokaludvalg - Vesterbro;2007K4;34992
Lokaludvalg - Vesterbro;2008K1;34957
Lokaludvalg - Vesterbro;2008K2;35076
Lokaludvalg - Vesterbro;2008K3;35017
Lokaludvalg - Vesterbro;2008K4;35248
Lokaludvalg - Vesterbro;2009K1;35419
Lokaludvalg - Vesterbro;2009K2;35788
Lokaludvalg - Vesterbro;2009K3;35952
Lokaludvalg - Vesterbro;2009K4;36423
Lokaludvalg - Vesterbro;2010K1;36591
Lokaludvalg - Vesterbro;2010K2;36912
Lokaludvalg - Vesterbro;2010K3;37045
Lokaludvalg - Vesterbro;2010K4;37514
Lokaludvalg - Vesterbro;2011K1;37658
Lokaludvalg - Vesterbro;2011K2;37835
Lokaludvalg - Vesterbro;2011K3;37890
Lokaludvalg - Vesterbro;2011K4;38248
Lokaludvalg - Vesterbro;2012K1;38366
Lokaludvalg - Vesterbro;2012K2;38567
Lokaludvalg - Vesterbro;2012K3;38524
Lokaludvalg - Vesterbro;2012K4;38833
Lokaludvalg - Vesterbro;2013K1;38962
Lokaludvalg - Vesterbro;2013K2;39077
Lokaludvalg - Vesterbro;2013K3;39219
Lokaludvalg - Vesterbro;2013K4;39630
Lokaludvalg - Vesterbro;2014K1;39699
Lokaludvalg - Vesterbro;2014K2;39776
Lokaludvalg - Vesterbro;2014K3;39857
Lokaludvalg - Vesterbro;2014K4;40223
Lokaludvalg - Vesterbro;2015K1;40186
Lokaludvalg - Vesterbro;2015K2;40395
Lokaludvalg - Vesterbro;2015K3;40298
Lokaludvalg - Vesterbro;2015K4;40758
Lokaludvalg - Vesterbro;2016K1;40712
Lokaludvalg - Vesterbro;2016K2;40647
Lokaludvalg - Vesterbro;2016K3;40954
Lokaludvalg - Vesterbro;2016K4;41296
Lokaludvalg - Vesterbro;2017K1;41300
Lokaludvalg - Vesterbro;2017K2;41497
Lokaludvalg - Vesterbro;2017K3;41339
Lokaludvalg - Vesterbro;2017K4;41476
Lokaludvalg - Vesterbro;2018K1;41911
Lokaludvalg - Vesterbro;2018K2;41988
Lokaludvalg - Vesterbro;2018K3;42084
Lokaludvalg - Vesterbro;2018K4;42267
Lokaludvalg - Vesterbro;2019K1;42341
Lokaludvalg - Vesterbro;2019K2;42519
Lokaludvalg - Vesterbro;2019K3;42566
Lokaludvalg - Vesterbro;2019K4;42911
Lokaludvalg - Vesterbro;2020K1;42910
Lokaludvalg - Vesterbro;2020K2;42826
Lokaludvalg - Vesterbro;2020K3;42828
Lokaludvalg - Vesterbro;2020K4;43393
Lokaludvalg - Vesterbro;2021K1;43557
Lokaludvalg - Vesterbro;2021K2;43891
Lokaludvalg - Vesterbro;2021K3;44217
Lokaludvalg - Vesterbro;2021K4;44987
Lokaludvalg - Vesterbro;2022K1;45167
Lokaludvalg - Vesterbro;2022K2;45469
Lokaludvalg - Vesterbro;2022K3;45809
Lokaludvalg - Vesterbro;2022K4;47011
Lokaludvalg - Vesterbro;2023K1;47546
Lokaludvalg - Vesterbro;2023K2;47764
Lokaludvalg - Vesterbro;2023K3;47810
Lokaludvalg - Vesterbro;2023K4;48153
Lokaludvalg - Vesterbro;2024K1;47911
Lokaludvalg - Vesterbro;2024K2;47991
Lokaludvalg - Vesterbro;2024K3;47907
Lokaludvalg - Vesterbro;2024K4;48172
Lokaludvalg - Vesterbro;2025K1;48170
Lokaludvalg - Kgs. Enghave;1974K1;18889
Lokaludvalg - Kgs. Enghave;1975K1;18456
Lokaludvalg - Kgs. Enghave;1976K1;17945
Lokaludvalg - Kgs. Enghave;1977K1;17522
Lokaludvalg - Kgs. Enghave;1978K1;17127
Lokaludvalg - Kgs. Enghave;1979K1;16748
Lokaludvalg - Kgs. Enghave;1980K1;16525
Lokaludvalg - Kgs. Enghave;1981K1;16434
Lokaludvalg - Kgs. Enghave;1982K1;16282
Lokaludvalg - Kgs. Enghave;1983K1;16067
Lokaludvalg - Kgs. Enghave;1984K1;15973
Lokaludvalg - Kgs. Enghave;1985K1;15798
Lokaludvalg - Kgs. Enghave;1986K1;15578
Lokaludvalg - Kgs. Enghave;1987K1;15353
Lokaludvalg - Kgs. Enghave;1988K1;15334
Lokaludvalg - Kgs. Enghave;1989K1;15122
Lokaludvalg - Kgs. Enghave;1990K1;14920
Lokaludvalg - Kgs. Enghave;1991K1;14871
Lokaludvalg - Kgs. Enghave;1992K1;14682
Lokaludvalg - Kgs. Enghave;1993K1;14411
Lokaludvalg - Kgs. Enghave;1994K1;14484
Lokaludvalg - Kgs. Enghave;1995K1;14694
Lokaludvalg - Kgs. Enghave;1996K1;14645
Lokaludvalg - Kgs. Enghave;1997K1;14852
Lokaludvalg - Kgs. Enghave;1998K1;14994
Lokaludvalg - Kgs. Enghave;1999K1;15396
Lokaludvalg - Kgs. Enghave;2000K1;15515
Lokaludvalg - Kgs. Enghave;2001K1;15686
Lokaludvalg - Kgs. Enghave;2002K1;15695
Lokaludvalg - Kgs. Enghave;2002K2;15600
Lokaludvalg - Kgs. Enghave;2002K3;15579
Lokaludvalg - Kgs. Enghave;2002K4;15596
Lokaludvalg - Kgs. Enghave;2003K1;15548
Lokaludvalg - Kgs. Enghave;2003K2;15584
Lokaludvalg - Kgs. Enghave;2003K3;15499
Lokaludvalg - Kgs. Enghave;2003K4;15493
Lokaludvalg - Kgs. Enghave;2004K1;15426
Lokaludvalg - Kgs. Enghave;2004K2;15383
Lokaludvalg - Kgs. Enghave;2004K3;15348
Lokaludvalg - Kgs. Enghave;2004K4;15463
Lokaludvalg - Kgs. Enghave;2005K1;15434
Lokaludvalg - Kgs. Enghave;2005K2;15446
Lokaludvalg - Kgs. Enghave;2005K3;15370
Lokaludvalg - Kgs. Enghave;2005K4;15375
Lokaludvalg - Kgs. Enghave;2006K1;15307
Lokaludvalg - Kgs. Enghave;2006K2;15238
Lokaludvalg - Kgs. Enghave;2006K3;15239
Lokaludvalg - Kgs. Enghave;2006K4;15594
Lokaludvalg - Kgs. Enghave;2007K1;15870
Lokaludvalg - Kgs. Enghave;2007K2;16028
Lokaludvalg - Kgs. Enghave;2007K3;16098
Lokaludvalg - Kgs. Enghave;2007K4;16437
Lokaludvalg - Kgs. Enghave;2008K1;16531
Lokaludvalg - Kgs. Enghave;2008K2;16783
Lokaludvalg - Kgs. Enghave;2008K3;17200
Lokaludvalg - Kgs. Enghave;2008K4;17688
Lokaludvalg - Kgs. Enghave;2009K1;17939
Lokaludvalg - Kgs. Enghave;2009K2;18192
Lokaludvalg - Kgs. Enghave;2009K3;18202
Lokaludvalg - Kgs. Enghave;2009K4;18489
Lokaludvalg - Kgs. Enghave;2010K1;18725
Lokaludvalg - Kgs. Enghave;2010K2;18821
Lokaludvalg - Kgs. Enghave;2010K3;18913
Lokaludvalg - Kgs. Enghave;2010K4;19350
Lokaludvalg - Kgs. Enghave;2011K1;19475
Lokaludvalg - Kgs. Enghave;2011K2;19573
Lokaludvalg - Kgs. Enghave;2011K3;19645
Lokaludvalg - Kgs. Enghave;2011K4;20018
Lokaludvalg - Kgs. Enghave;2012K1;20065
Lokaludvalg - Kgs. Enghave;2012K2;20060
Lokaludvalg - Kgs. Enghave;2012K3;20067
Lokaludvalg - Kgs. Enghave;2012K4;20196
Lokaludvalg - Kgs. Enghave;2013K1;20278
Lokaludvalg - Kgs. Enghave;2013K2;20369
Lokaludvalg - Kgs. Enghave;2013K3;20308
Lokaludvalg - Kgs. Enghave;2013K4;20612
Lokaludvalg - Kgs. Enghave;2014K1;20629
Lokaludvalg - Kgs. Enghave;2014K2;20737
Lokaludvalg - Kgs. Enghave;2014K3;20852
Lokaludvalg - Kgs. Enghave;2014K4;21413
Lokaludvalg - Kgs. Enghave;2015K1;21437
Lokaludvalg - Kgs. Enghave;2015K2;21504
Lokaludvalg - Kgs. Enghave;2015K3;21468
Lokaludvalg - Kgs. Enghave;2015K4;21957
Lokaludvalg - Kgs. Enghave;2016K1;22250
Lokaludvalg - Kgs. Enghave;2016K2;22816
Lokaludvalg - Kgs. Enghave;2016K3;23099
Lokaludvalg - Kgs. Enghave;2016K4;23369
Lokaludvalg - Kgs. Enghave;2017K1;23894
Lokaludvalg - Kgs. Enghave;2017K2;24465
Lokaludvalg - Kgs. Enghave;2017K3;24684
Lokaludvalg - Kgs. Enghave;2017K4;25525
Lokaludvalg - Kgs. Enghave;2018K1;25973
Lokaludvalg - Kgs. Enghave;2018K2;26397
Lokaludvalg - Kgs. Enghave;2018K3;26688
Lokaludvalg - Kgs. Enghave;2018K4;27435
Lokaludvalg - Kgs. Enghave;2019K1;27467
Lokaludvalg - Kgs. Enghave;2019K2;27807
Lokaludvalg - Kgs. Enghave;2019K3;28427
Lokaludvalg - Kgs. Enghave;2019K4;29217
Lokaludvalg - Kgs. Enghave;2020K1;29778
Lokaludvalg - Kgs. Enghave;2020K2;30066
Lokaludvalg - Kgs. Enghave;2020K3;30270
Lokaludvalg - Kgs. Enghave;2020K4;30782
Lokaludvalg - Kgs. Enghave;2021K1;31001
Lokaludvalg - Kgs. Enghave;2021K2;31275
Lokaludvalg - Kgs. Enghave;2021K3;31615
Lokaludvalg - Kgs. Enghave;2021K4;32087
Lokaludvalg - Kgs. Enghave;2022K1;32116
Lokaludvalg - Kgs. Enghave;2022K2;31973
Lokaludvalg - Kgs. Enghave;2022K3;31895
Lokaludvalg - Kgs. Enghave;2022K4;31883
Lokaludvalg - Kgs. Enghave;2023K1;32100
Lokaludvalg - Kgs. Enghave;2023K2;32238
Lokaludvalg - Kgs. Enghave;2023K3;32553
Lokaludvalg - Kgs. Enghave;2023K4;32990
Lokaludvalg - Kgs. Enghave;2024K1;33009
Lokaludvalg - Kgs. Enghave;2024K2;33396
Lokaludvalg - Kgs. Enghave;2024K3;33881
Lokaludvalg - Kgs. Enghave;2024K4;34757
Lokaludvalg - Kgs. Enghave;2025K1;35069
Lokaludvalg - Valby;1974K1;52452
Lokaludvalg - Valby;1975K1;51116
Lokaludvalg - Valby;1976K1;49890
Lokaludvalg - Valby;1977K1;48639
Lokaludvalg - Valby;1978K1;47488
Lokaludvalg - Valby;1979K1;46926
Lokaludvalg - Valby;1980K1;46566
Lokaludvalg - Valby;1981K1;45890
Lokaludvalg - Valby;1982K1;45856
Lokaludvalg - Valby;1983K1;45698
Lokaludvalg - Valby;1984K1;45334
Lokaludvalg - Valby;1985K1;45009
Lokaludvalg - Valby;1986K1;44488
Lokaludvalg - Valby;1987K1;44246
Lokaludvalg - Valby;1988K1;44105
Lokaludvalg - Valby;1989K1;43924
Lokaludvalg - Valby;1990K1;43966
Lokaludvalg - Valby;1991K1;43585
Lokaludvalg - Valby;1992K1;43688
Lokaludvalg - Valby;1993K1;43786
Lokaludvalg - Valby;1994K1;43578
Lokaludvalg - Valby;1995K1;43672
Lokaludvalg - Valby;1996K1;45017
Lokaludvalg - Valby;1997K1;45335
Lokaludvalg - Valby;1998K1;45728
Lokaludvalg - Valby;1999K1;46106
Lokaludvalg - Valby;2000K1;46209
Lokaludvalg - Valby;2001K1;46189
Lokaludvalg - Valby;2002K1;46271
Lokaludvalg - Valby;2002K2;46348
Lokaludvalg - Valby;2002K3;46264
Lokaludvalg - Valby;2002K4;46273
Lokaludvalg - Valby;2003K1;46211
Lokaludvalg - Valby;2003K2;46225
Lokaludvalg - Valby;2003K3;46145
Lokaludvalg - Valby;2003K4;46315
Lokaludvalg - Valby;2004K1;46208
Lokaludvalg - Valby;2004K2;46158
Lokaludvalg - Valby;2004K3;46041
Lokaludvalg - Valby;2004K4;46030
Lokaludvalg - Valby;2005K1;46113
Lokaludvalg - Valby;2005K2;46065
Lokaludvalg - Valby;2005K3;45873
Lokaludvalg - Valby;2005K4;45852
Lokaludvalg - Valby;2006K1;45603
Lokaludvalg - Valby;2006K2;45433
Lokaludvalg - Valby;2006K3;45221
Lokaludvalg - Valby;2006K4;45307
Lokaludvalg - Valby;2007K1;45208
Lokaludvalg - Valby;2007K2;45215
Lokaludvalg - Valby;2007K3;45197
Lokaludvalg - Valby;2007K4;45394
Lokaludvalg - Valby;2008K1;45465
Lokaludvalg - Valby;2008K2;45672
Lokaludvalg - Valby;2008K3;45782
Lokaludvalg - Valby;2008K4;46216
Lokaludvalg - Valby;2009K1;46387
Lokaludvalg - Valby;2009K2;46479
Lokaludvalg - Valby;2009K3;46692
Lokaludvalg - Valby;2009K4;47057
Lokaludvalg - Valby;2010K1;47122
Lokaludvalg - Valby;2010K2;47145
Lokaludvalg - Valby;2010K3;47150
Lokaludvalg - Valby;2010K4;47679
Lokaludvalg - Valby;2011K1;47841
Lokaludvalg - Valby;2011K2;48227
Lokaludvalg - Valby;2011K3;48258
Lokaludvalg - Valby;2011K4;48591
Lokaludvalg - Valby;2012K1;48694
Lokaludvalg - Valby;2012K2;48800
Lokaludvalg - Valby;2012K3;48959
Lokaludvalg - Valby;2012K4;49482
Lokaludvalg - Valby;2013K1;49677
Lokaludvalg - Valby;2013K2;50127
Lokaludvalg - Valby;2013K3;50278
Lokaludvalg - Valby;2013K4;50783
Lokaludvalg - Valby;2014K1;50941
Lokaludvalg - Valby;2014K2;51230
Lokaludvalg - Valby;2014K3;51229
Lokaludvalg - Valby;2014K4;51573
Lokaludvalg - Valby;2015K1;51727
Lokaludvalg - Valby;2015K2;51986
Lokaludvalg - Valby;2015K3;52057
Lokaludvalg - Valby;2015K4;52526
Lokaludvalg - Valby;2016K1;52809
Lokaludvalg - Valby;2016K2;53126
Lokaludvalg - Valby;2016K3;53358
Lokaludvalg - Valby;2016K4;54189
Lokaludvalg - Valby;2017K1;54560
Lokaludvalg - Valby;2017K2;54735
Lokaludvalg - Valby;2017K3;54809
Lokaludvalg - Valby;2017K4;55602
Lokaludvalg - Valby;2018K1;56274
Lokaludvalg - Valby;2018K2;56541
Lokaludvalg - Valby;2018K3;56794
Lokaludvalg - Valby;2018K4;57805
Lokaludvalg - Valby;2019K1;58307
Lokaludvalg - Valby;2019K2;58573
Lokaludvalg - Valby;2019K3;59031
Lokaludvalg - Valby;2019K4;59840
Lokaludvalg - Valby;2020K1;60308
Lokaludvalg - Valby;2020K2;60754
Lokaludvalg - Valby;2020K3;61088
Lokaludvalg - Valby;2020K4;61895
Lokaludvalg - Valby;2021K1;62024
Lokaludvalg - Valby;2021K2;62549
Lokaludvalg - Valby;2021K3;62627
Lokaludvalg - Valby;2021K4;63496
Lokaludvalg - Valby;2022K1;64144
Lokaludvalg - Valby;2022K2;64518
Lokaludvalg - Valby;2022K3;65176
Lokaludvalg - Valby;2022K4;65889
Lokaludvalg - Valby;2023K1;66435
Lokaludvalg - Valby;2023K2;66404
Lokaludvalg - Valby;2023K3;65877
Lokaludvalg - Valby;2023K4;65933
Lokaludvalg - Valby;2024K1;65780
Lokaludvalg - Valby;2024K2;65775
Lokaludvalg - Valby;2024K3;65777
Lokaludvalg - Valby;2024K4;66322
Lokaludvalg - Valby;2025K1;66473
Lokaludvalg - Vanløse;1974K1;40265
Lokaludvalg - Vanløse;1975K1;39439
Lokaludvalg - Vanløse;1976K1;38506
Lokaludvalg - Vanløse;1977K1;37657
Lokaludvalg - Vanløse;1978K1;37022
Lokaludvalg - Vanløse;1979K1;36226
Lokaludvalg - Vanløse;1980K1;35774
Lokaludvalg - Vanløse;1981K1;35683
Lokaludvalg - Vanløse;1982K1;35491
Lokaludvalg - Vanløse;1983K1;35332
Lokaludvalg - Vanløse;1984K1;35327
Lokaludvalg - Vanløse;1985K1;35470
Lokaludvalg - Vanløse;1986K1;35265
Lokaludvalg - Vanløse;1987K1;34965
Lokaludvalg - Vanløse;1988K1;34845
Lokaludvalg - Vanløse;1989K1;34851
Lokaludvalg - Vanløse;1990K1;34764
Lokaludvalg - Vanløse;1991K1;34289
Lokaludvalg - Vanløse;1992K1;34303
Lokaludvalg - Vanløse;1993K1;34465
Lokaludvalg - Vanløse;1994K1;34785
Lokaludvalg - Vanløse;1995K1;34923
Lokaludvalg - Vanløse;1996K1;35062
Lokaludvalg - Vanløse;1997K1;35292
Lokaludvalg - Vanløse;1998K1;35485
Lokaludvalg - Vanløse;1999K1;35614
Lokaludvalg - Vanløse;2000K1;35822
Lokaludvalg - Vanløse;2001K1;36049
Lokaludvalg - Vanløse;2002K1;36233
Lokaludvalg - Vanløse;2002K2;36125
Lokaludvalg - Vanløse;2002K3;36069
Lokaludvalg - Vanløse;2002K4;36222
Lokaludvalg - Vanløse;2003K1;36228
Lokaludvalg - Vanløse;2003K2;36193
Lokaludvalg - Vanløse;2003K3;36146
Lokaludvalg - Vanløse;2003K4;36178
Lokaludvalg - Vanløse;2004K1;36219
Lokaludvalg - Vanløse;2004K2;36252
Lokaludvalg - Vanløse;2004K3;36068
Lokaludvalg - Vanløse;2004K4;36182
Lokaludvalg - Vanløse;2005K1;36286
Lokaludvalg - Vanløse;2005K2;36334
Lokaludvalg - Vanløse;2005K3;36301
Lokaludvalg - Vanløse;2005K4;36251
Lokaludvalg - Vanløse;2006K1;36156
Lokaludvalg - Vanløse;2006K2;36153
Lokaludvalg - Vanløse;2006K3;35980
Lokaludvalg - Vanløse;2006K4;35894
Lokaludvalg - Vanløse;2007K1;35781
Lokaludvalg - Vanløse;2007K2;35793
Lokaludvalg - Vanløse;2007K3;35858
Lokaludvalg - Vanløse;2007K4;35902
Lokaludvalg - Vanløse;2008K1;35893
Lokaludvalg - Vanløse;2008K2;35920
Lokaludvalg - Vanløse;2008K3;35764
Lokaludvalg - Vanløse;2008K4;35956
Lokaludvalg - Vanløse;2009K1;36113
Lokaludvalg - Vanløse;2009K2;36256
Lokaludvalg - Vanløse;2009K3;36277
Lokaludvalg - Vanløse;2009K4;36403
Lokaludvalg - Vanløse;2010K1;36579
Lokaludvalg - Vanløse;2010K2;36712
Lokaludvalg - Vanløse;2010K3;36751
Lokaludvalg - Vanløse;2010K4;36928
Lokaludvalg - Vanløse;2011K1;37123
Lokaludvalg - Vanløse;2011K2;37345
Lokaludvalg - Vanløse;2011K3;37447
Lokaludvalg - Vanløse;2011K4;37752
Lokaludvalg - Vanløse;2012K1;37902
Lokaludvalg - Vanløse;2012K2;38025
Lokaludvalg - Vanløse;2012K3;38188
Lokaludvalg - Vanløse;2012K4;38506
Lokaludvalg - Vanløse;2013K1;38618
Lokaludvalg - Vanløse;2013K2;38734
Lokaludvalg - Vanløse;2013K3;38728
Lokaludvalg - Vanløse;2013K4;39107
Lokaludvalg - Vanløse;2014K1;39214
Lokaludvalg - Vanløse;2014K2;39280
Lokaludvalg - Vanløse;2014K3;39127
Lokaludvalg - Vanløse;2014K4;39423
Lokaludvalg - Vanløse;2015K1;39537
Lokaludvalg - Vanløse;2015K2;39768
Lokaludvalg - Vanløse;2015K3;39861
Lokaludvalg - Vanløse;2015K4;40260
Lokaludvalg - Vanløse;2016K1;40353
Lokaludvalg - Vanløse;2016K2;40435
Lokaludvalg - Vanløse;2016K3;40389
Lokaludvalg - Vanløse;2016K4;40640
Lokaludvalg - Vanløse;2017K1;40656
Lokaludvalg - Vanløse;2017K2;40625
Lokaludvalg - Vanløse;2017K3;40509
Lokaludvalg - Vanløse;2017K4;40763
Lokaludvalg - Vanløse;2018K1;40843
Lokaludvalg - Vanløse;2018K2;41062
Lokaludvalg - Vanløse;2018K3;41116
Lokaludvalg - Vanløse;2018K4;41159
Lokaludvalg - Vanløse;2019K1;41209
Lokaludvalg - Vanløse;2019K2;41125
Lokaludvalg - Vanløse;2019K3;41048
Lokaludvalg - Vanløse;2019K4;41137
Lokaludvalg - Vanløse;2020K1;41195
Lokaludvalg - Vanløse;2020K2;41281
Lokaludvalg - Vanløse;2020K3;41114
Lokaludvalg - Vanløse;2020K4;41158
Lokaludvalg - Vanløse;2021K1;41002
Lokaludvalg - Vanløse;2021K2;40774
Lokaludvalg - Vanløse;2021K3;40645
Lokaludvalg - Vanløse;2021K4;40805
Lokaludvalg - Vanløse;2022K1;40781
Lokaludvalg - Vanløse;2022K2;40709
Lokaludvalg - Vanløse;2022K3;40598
Lokaludvalg - Vanløse;2022K4;40657
Lokaludvalg - Vanløse;2023K1;40633
Lokaludvalg - Vanløse;2023K2;40757
Lokaludvalg - Vanløse;2023K3;40710
Lokaludvalg - Vanløse;2023K4;40776
Lokaludvalg - Vanløse;2024K1;40709
Lokaludvalg - Vanløse;2024K2;40799
Lokaludvalg - Vanløse;2024K3;40833
Lokaludvalg - Vanløse;2024K4;40895
Lokaludvalg - Vanløse;2025K1;40815
Lokaludvalg - Brønshøj-Husum;1974K1;44754
Lokaludvalg - Brønshøj-Husum;1975K1;44125
Lokaludvalg - Brønshøj-Husum;1976K1;42958
Lokaludvalg - Brønshøj-Husum;1977K1;41989
Lokaludvalg - Brønshøj-Husum;1978K1;41100
Lokaludvalg - Brønshøj-Husum;1979K1;40391
Lokaludvalg - Brønshøj-Husum;1980K1;39683
Lokaludvalg - Brønshøj-Husum;1981K1;39308
Lokaludvalg - Brønshøj-Husum;1982K1;39009
Lokaludvalg - Brønshøj-Husum;1983K1;38509
Lokaludvalg - Brønshøj-Husum;1984K1;38190
Lokaludvalg - Brønshøj-Husum;1985K1;37253
Lokaludvalg - Brønshøj-Husum;1986K1;36965
Lokaludvalg - Brønshøj-Husum;1987K1;36633
Lokaludvalg - Brønshøj-Husum;1988K1;36478
Lokaludvalg - Brønshøj-Husum;1989K1;36457
Lokaludvalg - Brønshøj-Husum;1990K1;36413
Lokaludvalg - Brønshøj-Husum;1991K1;36689
Lokaludvalg - Brønshøj-Husum;1992K1;36746
Lokaludvalg - Brønshøj-Husum;1993K1;36754
Lokaludvalg - Brønshøj-Husum;1994K1;36725
Lokaludvalg - Brønshøj-Husum;1995K1;37446
Lokaludvalg - Brønshøj-Husum;1996K1;37450
Lokaludvalg - Brønshøj-Husum;1997K1;38560
Lokaludvalg - Brønshøj-Husum;1998K1;39051
Lokaludvalg - Brønshøj-Husum;1999K1;39405
Lokaludvalg - Brønshøj-Husum;2000K1;39657
Lokaludvalg - Brønshøj-Husum;2001K1;39854
Lokaludvalg - Brønshøj-Husum;2002K1;40008
Lokaludvalg - Brønshøj-Husum;2002K2;39984
Lokaludvalg - Brønshøj-Husum;2002K3;39923
Lokaludvalg - Brønshøj-Husum;2002K4;40015
Lokaludvalg - Brønshøj-Husum;2003K1;39989
Lokaludvalg - Brønshøj-Husum;2003K2;40015
Lokaludvalg - Brønshøj-Husum;2003K3;40060
Lokaludvalg - Brønshøj-Husum;2003K4;40039
Lokaludvalg - Brønshøj-Husum;2004K1;40064
Lokaludvalg - Brønshøj-Husum;2004K2;39963
Lokaludvalg - Brønshøj-Husum;2004K3;39935
Lokaludvalg - Brønshøj-Husum;2004K4;39933
Lokaludvalg - Brønshøj-Husum;2005K1;39891
Lokaludvalg - Brønshøj-Husum;2005K2;39834
Lokaludvalg - Brønshøj-Husum;2005K3;39732
Lokaludvalg - Brønshøj-Husum;2005K4;39693
Lokaludvalg - Brønshøj-Husum;2006K1;39649
Lokaludvalg - Brønshøj-Husum;2006K2;39593
Lokaludvalg - Brønshøj-Husum;2006K3;39501
Lokaludvalg - Brønshøj-Husum;2006K4;39562
Lokaludvalg - Brønshøj-Husum;2007K1;39464
Lokaludvalg - Brønshøj-Husum;2007K2;39392
Lokaludvalg - Brønshøj-Husum;2007K3;39393
Lokaludvalg - Brønshøj-Husum;2007K4;39406
Lokaludvalg - Brønshøj-Husum;2008K1;39420
Lokaludvalg - Brønshøj-Husum;2008K2;39496
Lokaludvalg - Brønshøj-Husum;2008K3;39419
Lokaludvalg - Brønshøj-Husum;2008K4;39623
Lokaludvalg - Brønshøj-Husum;2009K1;39571
Lokaludvalg - Brønshøj-Husum;2009K2;39587
Lokaludvalg - Brønshøj-Husum;2009K3;39575
Lokaludvalg - Brønshøj-Husum;2009K4;39771
Lokaludvalg - Brønshøj-Husum;2010K1;39827
Lokaludvalg - Brønshøj-Husum;2010K2;39874
Lokaludvalg - Brønshøj-Husum;2010K3;39847
Lokaludvalg - Brønshøj-Husum;2010K4;40079
Lokaludvalg - Brønshøj-Husum;2011K1;40402
Lokaludvalg - Brønshøj-Husum;2011K2;40538
Lokaludvalg - Brønshøj-Husum;2011K3;40646
Lokaludvalg - Brønshøj-Husum;2011K4;41089
Lokaludvalg - Brønshøj-Husum;2012K1;41347
Lokaludvalg - Brønshøj-Husum;2012K2;41440
Lokaludvalg - Brønshøj-Husum;2012K3;41708
Lokaludvalg - Brønshøj-Husum;2012K4;42165
Lokaludvalg - Brønshøj-Husum;2013K1;42294
Lokaludvalg - Brønshøj-Husum;2013K2;42441
Lokaludvalg - Brønshøj-Husum;2013K3;42595
Lokaludvalg - Brønshøj-Husum;2013K4;42989
Lokaludvalg - Brønshøj-Husum;2014K1;43056
Lokaludvalg - Brønshøj-Husum;2014K2;43309
Lokaludvalg - Brønshøj-Husum;2014K3;43387
Lokaludvalg - Brønshøj-Husum;2014K4;43905
Lokaludvalg - Brønshøj-Husum;2015K1;43908
Lokaludvalg - Brønshøj-Husum;2015K2;44068
Lokaludvalg - Brønshøj-Husum;2015K3;44038
Lokaludvalg - Brønshøj-Husum;2015K4;44291
Lokaludvalg - Brønshøj-Husum;2016K1;44376
Lokaludvalg - Brønshøj-Husum;2016K2;44420
Lokaludvalg - Brønshøj-Husum;2016K3;44389
Lokaludvalg - Brønshøj-Husum;2016K4;44658
Lokaludvalg - Brønshøj-Husum;2017K1;44598
Lokaludvalg - Brønshøj-Husum;2017K2;44692
Lokaludvalg - Brønshøj-Husum;2017K3;44654
Lokaludvalg - Brønshøj-Husum;2017K4;44751
Lokaludvalg - Brønshøj-Husum;2018K1;44741
Lokaludvalg - Brønshøj-Husum;2018K2;44593
Lokaludvalg - Brønshøj-Husum;2018K3;44592
Lokaludvalg - Brønshøj-Husum;2018K4;44957
Lokaludvalg - Brønshøj-Husum;2019K1;45092
Lokaludvalg - Brønshøj-Husum;2019K2;45125
Lokaludvalg - Brønshøj-Husum;2019K3;45037
Lokaludvalg - Brønshøj-Husum;2019K4;44901
Lokaludvalg - Brønshøj-Husum;2020K1;44784
Lokaludvalg - Brønshøj-Husum;2020K2;44592
Lokaludvalg - Brønshøj-Husum;2020K3;44485
Lokaludvalg - Brønshøj-Husum;2020K4;44548
Lokaludvalg - Brønshøj-Husum;2021K1;44433
Lokaludvalg - Brønshøj-Husum;2021K2;44230
Lokaludvalg - Brønshøj-Husum;2021K3;44072
Lokaludvalg - Brønshøj-Husum;2021K4;44053
Lokaludvalg - Brønshøj-Husum;2022K1;44005
Lokaludvalg - Brønshøj-Husum;2022K2;43838
Lokaludvalg - Brønshøj-Husum;2022K3;43803
Lokaludvalg - Brønshøj-Husum;2022K4;43928
Lokaludvalg - Brønshøj-Husum;2023K1;43933
Lokaludvalg - Brønshøj-Husum;2023K2;43831
Lokaludvalg - Brønshøj-Husum;2023K3;43690
Lokaludvalg - Brønshøj-Husum;2023K4;44457
Lokaludvalg - Brønshøj-Husum;2024K1;44467
Lokaludvalg - Brønshøj-Husum;2024K2;44464
Lokaludvalg - Brønshøj-Husum;2024K3;44447
Lokaludvalg - Brønshøj-Husum;2024K4;44480
Lokaludvalg - Brønshøj-Husum;2025K1;44524
Lokaludvalg - Bispebjerg;1974K1;51310
Lokaludvalg - Bispebjerg;1975K1;50176
Lokaludvalg - Bispebjerg;1976K1;48920
Lokaludvalg - Bispebjerg;1977K1;47623
Lokaludvalg - Bispebjerg;1978K1;46500
Lokaludvalg - Bispebjerg;1979K1;45563
Lokaludvalg - Bispebjerg;1980K1;44887
Lokaludvalg - Bispebjerg;1981K1;44285
Lokaludvalg - Bispebjerg;1982K1;44016
Lokaludvalg - Bispebjerg;1983K1;44031
Lokaludvalg - Bispebjerg;1984K1;43810
Lokaludvalg - Bispebjerg;1985K1;43812
Lokaludvalg - Bispebjerg;1986K1;43402
Lokaludvalg - Bispebjerg;1987K1;43004
Lokaludvalg - Bispebjerg;1988K1;42790
Lokaludvalg - Bispebjerg;1989K1;42533
Lokaludvalg - Bispebjerg;1990K1;42440
Lokaludvalg - Bispebjerg;1991K1;42014
Lokaludvalg - Bispebjerg;1992K1;41668
Lokaludvalg - Bispebjerg;1993K1;41662
Lokaludvalg - Bispebjerg;1994K1;41111
Lokaludvalg - Bispebjerg;1995K1;41731
Lokaludvalg - Bispebjerg;1996K1;42591
Lokaludvalg - Bispebjerg;1997K1;43103
Lokaludvalg - Bispebjerg;1998K1;43261
Lokaludvalg - Bispebjerg;1999K1;43601
Lokaludvalg - Bispebjerg;2000K1;44251
Lokaludvalg - Bispebjerg;2001K1;44641
Lokaludvalg - Bispebjerg;2002K1;45163
Lokaludvalg - Bispebjerg;2002K2;45217
Lokaludvalg - Bispebjerg;2002K3;45024
Lokaludvalg - Bispebjerg;2002K4;45141
Lokaludvalg - Bispebjerg;2003K1;44997
Lokaludvalg - Bispebjerg;2003K2;45084
Lokaludvalg - Bispebjerg;2003K3;44979
Lokaludvalg - Bispebjerg;2003K4;45165
Lokaludvalg - Bispebjerg;2004K1;45209
Lokaludvalg - Bispebjerg;2004K2;45196
Lokaludvalg - Bispebjerg;2004K3;45176
Lokaludvalg - Bispebjerg;2004K4;45151
Lokaludvalg - Bispebjerg;2005K1;45067
Lokaludvalg - Bispebjerg;2005K2;44901
Lokaludvalg - Bispebjerg;2005K3;44833
Lokaludvalg - Bispebjerg;2005K4;44942
Lokaludvalg - Bispebjerg;2006K1;44984
Lokaludvalg - Bispebjerg;2006K2;44993
Lokaludvalg - Bispebjerg;2006K3;44873
Lokaludvalg - Bispebjerg;2006K4;45327
Lokaludvalg - Bispebjerg;2007K1;45532
Lokaludvalg - Bispebjerg;2007K2;45758
Lokaludvalg - Bispebjerg;2007K3;45660
Lokaludvalg - Bispebjerg;2007K4;46283
Lokaludvalg - Bispebjerg;2008K1;46396
Lokaludvalg - Bispebjerg;2008K2;46612
Lokaludvalg - Bispebjerg;2008K3;46497
Lokaludvalg - Bispebjerg;2008K4;47151
Lokaludvalg - Bispebjerg;2009K1;47193
Lokaludvalg - Bispebjerg;2009K2;47438
Lokaludvalg - Bispebjerg;2009K3;47307
Lokaludvalg - Bispebjerg;2009K4;47798
Lokaludvalg - Bispebjerg;2010K1;47991
Lokaludvalg - Bispebjerg;2010K2;48267
Lokaludvalg - Bispebjerg;2010K3;48159
Lokaludvalg - Bispebjerg;2010K4;48937
Lokaludvalg - Bispebjerg;2011K1;49163
Lokaludvalg - Bispebjerg;2011K2;49488
Lokaludvalg - Bispebjerg;2011K3;49443
Lokaludvalg - Bispebjerg;2011K4;50147
Lokaludvalg - Bispebjerg;2012K1;50555
Lokaludvalg - Bispebjerg;2012K2;50828
Lokaludvalg - Bispebjerg;2012K3;50686
Lokaludvalg - Bispebjerg;2012K4;51368
Lokaludvalg - Bispebjerg;2013K1;51519
Lokaludvalg - Bispebjerg;2013K2;51764
Lokaludvalg - Bispebjerg;2013K3;51758
Lokaludvalg - Bispebjerg;2013K4;52463
Lokaludvalg - Bispebjerg;2014K1;52499
Lokaludvalg - Bispebjerg;2014K2;52927
Lokaludvalg - Bispebjerg;2014K3;52839
Lokaludvalg - Bispebjerg;2014K4;53625
Lokaludvalg - Bispebjerg;2015K1;53604
Lokaludvalg - Bispebjerg;2015K2;53992
Lokaludvalg - Bispebjerg;2015K3;53783
Lokaludvalg - Bispebjerg;2015K4;54329
Lokaludvalg - Bispebjerg;2016K1;54583
Lokaludvalg - Bispebjerg;2016K2;54817
Lokaludvalg - Bispebjerg;2016K3;54638
Lokaludvalg - Bispebjerg;2016K4;55241
Lokaludvalg - Bispebjerg;2017K1;55135
Lokaludvalg - Bispebjerg;2017K2;55312
Lokaludvalg - Bispebjerg;2017K3;54999
Lokaludvalg - Bispebjerg;2017K4;55364
Lokaludvalg - Bispebjerg;2018K1;55239
Lokaludvalg - Bispebjerg;2018K2;55449
Lokaludvalg - Bispebjerg;2018K3;55278
Lokaludvalg - Bispebjerg;2018K4;55624
Lokaludvalg - Bispebjerg;2019K1;55476
Lokaludvalg - Bispebjerg;2019K2;55346
Lokaludvalg - Bispebjerg;2019K3;55111
Lokaludvalg - Bispebjerg;2019K4;55328
Lokaludvalg - Bispebjerg;2020K1;55172
Lokaludvalg - Bispebjerg;2020K2;55005
Lokaludvalg - Bispebjerg;2020K3;54625
Lokaludvalg - Bispebjerg;2020K4;54631
Lokaludvalg - Bispebjerg;2021K1;54466
Lokaludvalg - Bispebjerg;2021K2;54086
Lokaludvalg - Bispebjerg;2021K3;53854
Lokaludvalg - Bispebjerg;2021K4;53934
Lokaludvalg - Bispebjerg;2022K1;53845
Lokaludvalg - Bispebjerg;2022K2;53957
Lokaludvalg - Bispebjerg;2022K3;54017
Lokaludvalg - Bispebjerg;2022K4;54239
Lokaludvalg - Bispebjerg;2023K1;54346
Lokaludvalg - Bispebjerg;2023K2;54758
Lokaludvalg - Bispebjerg;2023K3;54626
Lokaludvalg - Bispebjerg;2023K4;55044
Lokaludvalg - Bispebjerg;2024K1;54980
Lokaludvalg - Bispebjerg;2024K2;55364
Lokaludvalg - Bispebjerg;2024K3;55170
Lokaludvalg - Bispebjerg;2024K4;55523
Lokaludvalg - Bispebjerg;2025K1;55508
Lokaludvalg - Amager Øst;1974K1;54027
Lokaludvalg - Amager Øst;1975K1;53264
Lokaludvalg - Amager Øst;1976K1;51961
Lokaludvalg - Amager Øst;1977K1;50857
Lokaludvalg - Amager Øst;1978K1;49585
Lokaludvalg - Amager Øst;1979K1;48720
Lokaludvalg - Amager Øst;1980K1;48473
Lokaludvalg - Amager Øst;1981K1;48267
Lokaludvalg - Amager Øst;1982K1;47974
Lokaludvalg - Amager Øst;1983K1;47369
Lokaludvalg - Amager Øst;1984K1;47050
Lokaludvalg - Amager Øst;1985K1;46772
Lokaludvalg - Amager Øst;1986K1;46231
Lokaludvalg - Amager Øst;1987K1;45879
Lokaludvalg - Amager Øst;1988K1;45509
Lokaludvalg - Amager Øst;1989K1;45377
Lokaludvalg - Amager Øst;1990K1;45431
Lokaludvalg - Amager Øst;1991K1;45307
Lokaludvalg - Amager Øst;1992K1;45305
Lokaludvalg - Amager Øst;1993K1;45345
Lokaludvalg - Amager Øst;1994K1;45821
Lokaludvalg - Amager Øst;1995K1;46136
Lokaludvalg - Amager Øst;1996K1;46447
Lokaludvalg - Amager Øst;1997K1;46748
Lokaludvalg - Amager Øst;1998K1;46941
Lokaludvalg - Amager Øst;1999K1;47248
Lokaludvalg - Amager Øst;2000K1;47533
Lokaludvalg - Amager Øst;2001K1;48196
Lokaludvalg - Amager Øst;2002K1;48428
Lokaludvalg - Amager Øst;2002K2;48449
Lokaludvalg - Amager Øst;2002K3;48358
Lokaludvalg - Amager Øst;2002K4;48357
Lokaludvalg - Amager Øst;2003K1;48443
Lokaludvalg - Amager Øst;2003K2;48492
Lokaludvalg - Amager Øst;2003K3;48330
Lokaludvalg - Amager Øst;2003K4;48608
Lokaludvalg - Amager Øst;2004K1;48638
Lokaludvalg - Amager Øst;2004K2;48797
Lokaludvalg - Amager Øst;2004K3;48727
Lokaludvalg - Amager Øst;2004K4;48839
Lokaludvalg - Amager Øst;2005K1;48754
Lokaludvalg - Amager Øst;2005K2;48809
Lokaludvalg - Amager Øst;2005K3;48478
Lokaludvalg - Amager Øst;2005K4;48738
Lokaludvalg - Amager Øst;2006K1;48532
Lokaludvalg - Amager Øst;2006K2;48610
Lokaludvalg - Amager Øst;2006K3;48343
Lokaludvalg - Amager Øst;2006K4;48552
Lokaludvalg - Amager Øst;2007K1;48453
Lokaludvalg - Amager Øst;2007K2;48504
Lokaludvalg - Amager Øst;2007K3;48325
Lokaludvalg - Amager Øst;2007K4;48735
Lokaludvalg - Amager Øst;2008K1;48872
Lokaludvalg - Amager Øst;2008K2;49007
Lokaludvalg - Amager Øst;2008K3;48941
Lokaludvalg - Amager Øst;2008K4;49490
Lokaludvalg - Amager Øst;2009K1;49707
Lokaludvalg - Amager Øst;2009K2;49981
Lokaludvalg - Amager Øst;2009K3;50054
Lokaludvalg - Amager Øst;2009K4;50390
Lokaludvalg - Amager Øst;2010K1;50274
Lokaludvalg - Amager Øst;2010K2;50421
Lokaludvalg - Amager Øst;2010K3;50461
Lokaludvalg - Amager Øst;2010K4;50849
Lokaludvalg - Amager Øst;2011K1;50841
Lokaludvalg - Amager Øst;2011K2;51043
Lokaludvalg - Amager Øst;2011K3;50987
Lokaludvalg - Amager Øst;2011K4;51538
Lokaludvalg - Amager Øst;2012K1;51549
Lokaludvalg - Amager Øst;2012K2;51794
Lokaludvalg - Amager Øst;2012K3;51705
Lokaludvalg - Amager Øst;2012K4;52393
Lokaludvalg - Amager Øst;2013K1;52481
Lokaludvalg - Amager Øst;2013K2;52641
Lokaludvalg - Amager Øst;2013K3;52550
Lokaludvalg - Amager Øst;2013K4;53287
Lokaludvalg - Amager Øst;2014K1;53323
Lokaludvalg - Amager Øst;2014K2;53560
Lokaludvalg - Amager Øst;2014K3;53651
Lokaludvalg - Amager Øst;2014K4;54960
Lokaludvalg - Amager Øst;2015K1;55205
Lokaludvalg - Amager Øst;2015K2;55590
Lokaludvalg - Amager Øst;2015K3;55485
Lokaludvalg - Amager Øst;2015K4;56185
Lokaludvalg - Amager Øst;2016K1;55986
Lokaludvalg - Amager Øst;2016K2;56240
Lokaludvalg - Amager Øst;2016K3;56348
Lokaludvalg - Amager Øst;2016K4;56926
Lokaludvalg - Amager Øst;2017K1;56746
Lokaludvalg - Amager Øst;2017K2;57147
Lokaludvalg - Amager Øst;2017K3;57007
Lokaludvalg - Amager Øst;2017K4;57469
Lokaludvalg - Amager Øst;2018K1;57673
Lokaludvalg - Amager Øst;2018K2;57999
Lokaludvalg - Amager Øst;2018K3;58212
Lokaludvalg - Amager Øst;2018K4;59023
Lokaludvalg - Amager Øst;2019K1;59051
Lokaludvalg - Amager Øst;2019K2;59291
Lokaludvalg - Amager Øst;2019K3;59234
Lokaludvalg - Amager Øst;2019K4;59937
Lokaludvalg - Amager Øst;2020K1;59803
Lokaludvalg - Amager Øst;2020K2;59966
Lokaludvalg - Amager Øst;2020K3;60093
Lokaludvalg - Amager Øst;2020K4;60726
Lokaludvalg - Amager Øst;2021K1;60877
Lokaludvalg - Amager Øst;2021K2;60907
Lokaludvalg - Amager Øst;2021K3;60893
Lokaludvalg - Amager Øst;2021K4;61455
Lokaludvalg - Amager Øst;2022K1;61193
Lokaludvalg - Amager Øst;2022K2;61411
Lokaludvalg - Amager Øst;2022K3;61663
Lokaludvalg - Amager Øst;2022K4;62101
Lokaludvalg - Amager Øst;2023K1;62197
Lokaludvalg - Amager Øst;2023K2;62718
Lokaludvalg - Amager Øst;2023K3;62476
Lokaludvalg - Amager Øst;2023K4;63068
Lokaludvalg - Amager Øst;2024K1;62818
Lokaludvalg - Amager Øst;2024K2;62969
Lokaludvalg - Amager Øst;2024K3;62757
Lokaludvalg - Amager Øst;2024K4;63200
Lokaludvalg - Amager Øst;2025K1;63085
Lokaludvalg - Amager Vest;1974K1;54020
Lokaludvalg - Amager Vest;1975K1;52665
Lokaludvalg - Amager Vest;1976K1;51511
Lokaludvalg - Amager Vest;1977K1;50312
Lokaludvalg - Amager Vest;1978K1;49452
Lokaludvalg - Amager Vest;1979K1;48597
Lokaludvalg - Amager Vest;1980K1;47828
Lokaludvalg - Amager Vest;1981K1;47443
Lokaludvalg - Amager Vest;1982K1;47182
Lokaludvalg - Amager Vest;1983K1;47386
Lokaludvalg - Amager Vest;1984K1;46792
Lokaludvalg - Amager Vest;1985K1;46173
Lokaludvalg - Amager Vest;1986K1;45818
Lokaludvalg - Amager Vest;1987K1;45978
Lokaludvalg - Amager Vest;1988K1;45441
Lokaludvalg - Amager Vest;1989K1;45523
Lokaludvalg - Amager Vest;1990K1;45406
Lokaludvalg - Amager Vest;1991K1;42929
Lokaludvalg - Amager Vest;1992K1;42748
Lokaludvalg - Amager Vest;1993K1;43337
Lokaludvalg - Amager Vest;1994K1;43309
Lokaludvalg - Amager Vest;1995K1;43668
Lokaludvalg - Amager Vest;1996K1;44043
Lokaludvalg - Amager Vest;1997K1;44404
Lokaludvalg - Amager Vest;1998K1;44864
Lokaludvalg - Amager Vest;1999K1;45037
Lokaludvalg - Amager Vest;2000K1;45397
Lokaludvalg - Amager Vest;2001K1;45608
Lokaludvalg - Amager Vest;2002K1;45695
Lokaludvalg - Amager Vest;2002K2;45647
Lokaludvalg - Amager Vest;2002K3;45523
Lokaludvalg - Amager Vest;2002K4;45673
Lokaludvalg - Amager Vest;2003K1;45631
Lokaludvalg - Amager Vest;2003K2;45630
Lokaludvalg - Amager Vest;2003K3;45409
Lokaludvalg - Amager Vest;2003K4;45654
Lokaludvalg - Amager Vest;2004K1;45866
Lokaludvalg - Amager Vest;2004K2;45893
Lokaludvalg - Amager Vest;2004K3;46283
Lokaludvalg - Amager Vest;2004K4;46663
Lokaludvalg - Amager Vest;2005K1;46620
Lokaludvalg - Amager Vest;2005K2;46966
Lokaludvalg - Amager Vest;2005K3;47079
Lokaludvalg - Amager Vest;2005K4;48012
Lokaludvalg - Amager Vest;2006K1;48575
Lokaludvalg - Amager Vest;2006K2;48915
Lokaludvalg - Amager Vest;2006K3;49395
Lokaludvalg - Amager Vest;2006K4;50551
Lokaludvalg - Amager Vest;2007K1;51109
Lokaludvalg - Amager Vest;2007K2;51705
Lokaludvalg - Amager Vest;2007K3;52381
Lokaludvalg - Amager Vest;2007K4;52930
Lokaludvalg - Amager Vest;2008K1;53374
Lokaludvalg - Amager Vest;2008K2;53881
Lokaludvalg - Amager Vest;2008K3;54101
Lokaludvalg - Amager Vest;2008K4;54915
Lokaludvalg - Amager Vest;2009K1;55082
Lokaludvalg - Amager Vest;2009K2;55452
Lokaludvalg - Amager Vest;2009K3;55578
Lokaludvalg - Amager Vest;2009K4;56257
Lokaludvalg - Amager Vest;2010K1;56506
Lokaludvalg - Amager Vest;2010K2;57049
Lokaludvalg - Amager Vest;2010K3;57189
Lokaludvalg - Amager Vest;2010K4;57516
Lokaludvalg - Amager Vest;2011K1;57893
Lokaludvalg - Amager Vest;2011K2;58263
Lokaludvalg - Amager Vest;2011K3;58425
Lokaludvalg - Amager Vest;2011K4;59405
Lokaludvalg - Amager Vest;2012K1;59733
Lokaludvalg - Amager Vest;2012K2;60271
Lokaludvalg - Amager Vest;2012K3;60327
Lokaludvalg - Amager Vest;2012K4;61067
Lokaludvalg - Amager Vest;2013K1;61687
Lokaludvalg - Amager Vest;2013K2;62361
Lokaludvalg - Amager Vest;2013K3;62616
Lokaludvalg - Amager Vest;2013K4;63287
Lokaludvalg - Amager Vest;2014K1;63479
Lokaludvalg - Amager Vest;2014K2;63712
Lokaludvalg - Amager Vest;2014K3;63791
Lokaludvalg - Amager Vest;2014K4;64642
Lokaludvalg - Amager Vest;2015K1;64967
Lokaludvalg - Amager Vest;2015K2;65514
Lokaludvalg - Amager Vest;2015K3;65935
Lokaludvalg - Amager Vest;2015K4;66473
Lokaludvalg - Amager Vest;2016K1;66993
Lokaludvalg - Amager Vest;2016K2;67517
Lokaludvalg - Amager Vest;2016K3;67543
Lokaludvalg - Amager Vest;2016K4;68668
Lokaludvalg - Amager Vest;2017K1;69055
Lokaludvalg - Amager Vest;2017K2;69981
Lokaludvalg - Amager Vest;2017K3;70475
Lokaludvalg - Amager Vest;2017K4;71705
Lokaludvalg - Amager Vest;2018K1;71755
Lokaludvalg - Amager Vest;2018K2;72627
Lokaludvalg - Amager Vest;2018K3;72899
Lokaludvalg - Amager Vest;2018K4;74419
Lokaludvalg - Amager Vest;2019K1;75214
Lokaludvalg - Amager Vest;2019K2;76443
Lokaludvalg - Amager Vest;2019K3;77006
Lokaludvalg - Amager Vest;2019K4;78955
Lokaludvalg - Amager Vest;2020K1;78973
Lokaludvalg - Amager Vest;2020K2;79344
Lokaludvalg - Amager Vest;2020K3;79565
Lokaludvalg - Amager Vest;2020K4;80669
Lokaludvalg - Amager Vest;2021K1;81320
Lokaludvalg - Amager Vest;2021K2;82076
Lokaludvalg - Amager Vest;2021K3;82637
Lokaludvalg - Amager Vest;2021K4;83966
Lokaludvalg - Amager Vest;2022K1;84561
Lokaludvalg - Amager Vest;2022K2;85520
Lokaludvalg - Amager Vest;2022K3;85505
Lokaludvalg - Amager Vest;2022K4;86352
Lokaludvalg - Amager Vest;2023K1;86668
Lokaludvalg - Amager Vest;2023K2;87669
Lokaludvalg - Amager Vest;2023K3;87226
Lokaludvalg - Amager Vest;2023K4;88306
Lokaludvalg - Amager Vest;2024K1;88380
Lokaludvalg - Amager Vest;2024K2;89357
Lokaludvalg - Amager Vest;2024K3;89327
Lokaludvalg - Amager Vest;2024K4;90683
Lokaludvalg - Amager Vest;2025K1;90713
Lokaludvalg - Uden for inddeling;1974K1;0
Lokaludvalg - Uden for inddeling;1975K1;1
Lokaludvalg - Uden for inddeling;1976K1;0
Lokaludvalg - Uden for inddeling;1977K1;0
Lokaludvalg - Uden for inddeling;1978K1;0
Lokaludvalg - Uden for inddeling;1979K1;0
Lokaludvalg - Uden for inddeling;1980K1;0
Lokaludvalg - Uden for inddeling;1981K1;0
Lokaludvalg - Uden for inddeling;1982K1;0
Lokaludvalg - Uden for inddeling;1983K1;0
Lokaludvalg - Uden for inddeling;1984K1;0
Lokaludvalg - Uden for inddeling;1985K1;0
Lokaludvalg - Uden for inddeling;1986K1;0
Lokaludvalg - Uden for inddeling;1987K1;0
Lokaludvalg - Uden for inddeling;1988K1;0
Lokaludvalg - Uden for inddeling;1989K1;0
Lokaludvalg - Uden for inddeling;1990K1;0
Lokaludvalg - Uden for inddeling;1991K1;2428
Lokaludvalg - Uden for inddeling;1992K1;2187
Lokaludvalg - Uden for inddeling;1993K1;1900
Lokaludvalg - Uden for inddeling;1994K1;1936
Lokaludvalg - Uden for inddeling;1995K1;2301
Lokaludvalg - Uden for inddeling;1996K1;2424
Lokaludvalg - Uden for inddeling;1997K1;2848
Lokaludvalg - Uden for inddeling;1998K1;3314
Lokaludvalg - Uden for inddeling;1999K1;2475
Lokaludvalg - Uden for inddeling;2000K1;3161
Lokaludvalg - Uden for inddeling;2001K1;3498
Lokaludvalg - Uden for inddeling;2002K1;2681
Lokaludvalg - Uden for inddeling;2002K2;2904
Lokaludvalg - Uden for inddeling;2002K3;2655
Lokaludvalg - Uden for inddeling;2002K4;2781
Lokaludvalg - Uden for inddeling;2003K1;2922
Lokaludvalg - Uden for inddeling;2003K2;2863
Lokaludvalg - Uden for inddeling;2003K3;2944
Lokaludvalg - Uden for inddeling;2003K4;2906
Lokaludvalg - Uden for inddeling;2004K1;3201
Lokaludvalg - Uden for inddeling;2004K2;3004
Lokaludvalg - Uden for inddeling;2004K3;3150
Lokaludvalg - Uden for inddeling;2004K4;3374
Lokaludvalg - Uden for inddeling;2005K1;3530
Lokaludvalg - Uden for inddeling;2005K2;3628
Lokaludvalg - Uden for inddeling;2005K3;3098
Lokaludvalg - Uden for inddeling;2005K4;3281
Lokaludvalg - Uden for inddeling;2006K1;3464
Lokaludvalg - Uden for inddeling;2006K2;3625
Lokaludvalg - Uden for inddeling;2006K3;3723
Lokaludvalg - Uden for inddeling;2006K4;3580
Lokaludvalg - Uden for inddeling;2007K1;3125
Lokaludvalg - Uden for inddeling;2007K2;3250
Lokaludvalg - Uden for inddeling;2007K3;3359
Lokaludvalg - Uden for inddeling;2007K4;3669
Lokaludvalg - Uden for inddeling;2008K1;3785
Lokaludvalg - Uden for inddeling;2008K2;3861
Lokaludvalg - Uden for inddeling;2008K3;3878
Lokaludvalg - Uden for inddeling;2008K4;3954
Lokaludvalg - Uden for inddeling;2009K1;4049
Lokaludvalg - Uden for inddeling;2009K2;3420
Lokaludvalg - Uden for inddeling;2009K3;3741
Lokaludvalg - Uden for inddeling;2009K4;4090
Lokaludvalg - Uden for inddeling;2010K1;4270
Lokaludvalg - Uden for inddeling;2010K2;4451
Lokaludvalg - Uden for inddeling;2010K3;4606
Lokaludvalg - Uden for inddeling;2010K4;4918
Lokaludvalg - Uden for inddeling;2011K1;4974
Lokaludvalg - Uden for inddeling;2011K2;4895
Lokaludvalg - Uden for inddeling;2011K3;4909
Lokaludvalg - Uden for inddeling;2011K4;5073
Lokaludvalg - Uden for inddeling;2012K1;3439
Lokaludvalg - Uden for inddeling;2012K2;3551
Lokaludvalg - Uden for inddeling;2012K3;3641
Lokaludvalg - Uden for inddeling;2012K4;3594
Lokaludvalg - Uden for inddeling;2013K1;3638
Lokaludvalg - Uden for inddeling;2013K2;3283
Lokaludvalg - Uden for inddeling;2013K3;3289
Lokaludvalg - Uden for inddeling;2013K4;3461
Lokaludvalg - Uden for inddeling;2014K1;3579
Lokaludvalg - Uden for inddeling;2014K2;3572
Lokaludvalg - Uden for inddeling;2014K3;3827
Lokaludvalg - Uden for inddeling;2014K4;3859
Lokaludvalg - Uden for inddeling;2015K1;3869
Lokaludvalg - Uden for inddeling;2015K2;3472
Lokaludvalg - Uden for inddeling;2015K3;3693
Lokaludvalg - Uden for inddeling;2015K4;3698
Lokaludvalg - Uden for inddeling;2016K1;3751
Lokaludvalg - Uden for inddeling;2016K2;3664
Lokaludvalg - Uden for inddeling;2016K3;3752
Lokaludvalg - Uden for inddeling;2016K4;3630
Lokaludvalg - Uden for inddeling;2017K1;3705
Lokaludvalg - Uden for inddeling;2017K2;3646
Lokaludvalg - Uden for inddeling;2017K3;3579
Lokaludvalg - Uden for inddeling;2017K4;3541
Lokaludvalg - Uden for inddeling;2018K1;3565
Lokaludvalg - Uden for inddeling;2018K2;3556
Lokaludvalg - Uden for inddeling;2018K3;3476
Lokaludvalg - Uden for inddeling;2018K4;3345
Lokaludvalg - Uden for inddeling;2019K1;3217
Lokaludvalg - Uden for inddeling;2019K2;3172
Lokaludvalg - Uden for inddeling;2019K3;3154
Lokaludvalg - Uden for inddeling;2019K4;3508
Lokaludvalg - Uden for inddeling;2020K1;3521
Lokaludvalg - Uden for inddeling;2020K2;3786
Lokaludvalg - Uden for inddeling;2020K3;3834
Lokaludvalg - Uden for inddeling;2020K4;3706
Lokaludvalg - Uden for inddeling;2021K1;3785
Lokaludvalg - Uden for inddeling;2021K2;3729
Lokaludvalg - Uden for inddeling;2021K3;3775
Lokaludvalg - Uden for inddeling;2021K4;3944
Lokaludvalg - Uden for inddeling;2022K1;3840
Lokaludvalg - Uden for inddeling;2022K2;3942
Lokaludvalg - Uden for inddeling;2022K3;3960
Lokaludvalg - Uden for inddeling;2022K4;4185
Lokaludvalg - Uden for inddeling;2023K1;4156
Lokaludvalg - Uden for inddeling;2023K2;4188
Lokaludvalg - Uden for inddeling;2023K3;4623
Lokaludvalg - Uden for inddeling;2023K4;4329
Lokaludvalg - Uden for inddeling;2024K1;4285
Lokaludvalg - Uden for inddeling;2024K2;4176
Lokaludvalg - Uden for inddeling;2024K3;4143
Lokaludvalg - Uden for inddeling;2024K4;4348
Lokaludvalg - Uden for inddeling;2025K1;4112
Indre By - Middelalderbyen;1974K1;7052
Indre By - Middelalderbyen;1975K1;6940
Indre By - Middelalderbyen;1976K1;6653
Indre By - Middelalderbyen;1977K1;6447
Indre By - Middelalderbyen;1978K1;6103
Indre By - Middelalderbyen;1979K1;5920
Indre By - Middelalderbyen;1980K1;5729
Indre By - Middelalderbyen;1981K1;5628
Indre By - Middelalderbyen;1982K1;5580
Indre By - Middelalderbyen;1983K1;5592
Indre By - Middelalderbyen;1984K1;5568
Indre By - Middelalderbyen;1985K1;5519
Indre By - Middelalderbyen;1986K1;5359
Indre By - Middelalderbyen;1987K1;5243
Indre By - Middelalderbyen;1988K1;5069
Indre By - Middelalderbyen;1989K1;5008
Indre By - Middelalderbyen;1990K1;4988
Indre By - Middelalderbyen;1991K1;4943
Indre By - Middelalderbyen;1992K1;5017
Indre By - Middelalderbyen;1993K1;5106
Indre By - Middelalderbyen;1994K1;5190
Indre By - Middelalderbyen;1995K1;5307
Indre By - Middelalderbyen;1996K1;5384
Indre By - Middelalderbyen;1997K1;5483
Indre By - Middelalderbyen;1998K1;5421
Indre By - Middelalderbyen;1999K1;5502
Indre By - Middelalderbyen;2000K1;5588
Indre By - Middelalderbyen;2001K1;5597
Indre By - Middelalderbyen;2002K1;5497
Indre By - Middelalderbyen;2002K2;5520
Indre By - Middelalderbyen;2002K3;5537
Indre By - Middelalderbyen;2002K4;5599
Indre By - Middelalderbyen;2003K1;5608
Indre By - Middelalderbyen;2003K2;5583
Indre By - Middelalderbyen;2003K3;5582
Indre By - Middelalderbyen;2003K4;5585
Indre By - Middelalderbyen;2004K1;5586
Indre By - Middelalderbyen;2004K2;5599
Indre By - Middelalderbyen;2004K3;5506
Indre By - Middelalderbyen;2004K4;5580
Indre By - Middelalderbyen;2005K1;5621
Indre By - Middelalderbyen;2005K2;5597
Indre By - Middelalderbyen;2005K3;5640
Indre By - Middelalderbyen;2005K4;5663
Indre By - Middelalderbyen;2006K1;5642
Indre By - Middelalderbyen;2006K2;5689
Indre By - Middelalderbyen;2006K3;5695
Indre By - Middelalderbyen;2006K4;5751
Indre By - Middelalderbyen;2007K1;5770
Indre By - Middelalderbyen;2007K2;5784
Indre By - Middelalderbyen;2007K3;5710
Indre By - Middelalderbyen;2007K4;5820
Indre By - Middelalderbyen;2008K1;5821
Indre By - Middelalderbyen;2008K2;5877
Indre By - Middelalderbyen;2008K3;5870
Indre By - Middelalderbyen;2008K4;5952
Indre By - Middelalderbyen;2009K1;6000
Indre By - Middelalderbyen;2009K2;6114
Indre By - Middelalderbyen;2009K3;6056
Indre By - Middelalderbyen;2009K4;6180
Indre By - Middelalderbyen;2010K1;6215
Indre By - Middelalderbyen;2010K2;6303
Indre By - Middelalderbyen;2010K3;6217
Indre By - Middelalderbyen;2010K4;6455
Indre By - Middelalderbyen;2011K1;6428
Indre By - Middelalderbyen;2011K2;6549
Indre By - Middelalderbyen;2011K3;6487
Indre By - Middelalderbyen;2011K4;6835
Indre By - Middelalderbyen;2012K1;6831
Indre By - Middelalderbyen;2012K2;6915
Indre By - Middelalderbyen;2012K3;6795
Indre By - Middelalderbyen;2012K4;6983
Indre By - Middelalderbyen;2013K1;6959
Indre By - Middelalderbyen;2013K2;7113
Indre By - Middelalderbyen;2013K3;6965
Indre By - Middelalderbyen;2013K4;7235
Indre By - Middelalderbyen;2014K1;7250
Indre By - Middelalderbyen;2014K2;7237
Indre By - Middelalderbyen;2014K3;7088
Indre By - Middelalderbyen;2014K4;7295
Indre By - Middelalderbyen;2015K1;7164
Indre By - Middelalderbyen;2015K2;7377
Indre By - Middelalderbyen;2015K3;7397
Indre By - Middelalderbyen;2015K4;7541
Indre By - Middelalderbyen;2016K1;7538
Indre By - Middelalderbyen;2016K2;7731
Indre By - Middelalderbyen;2016K3;7555
Indre By - Middelalderbyen;2016K4;7806
Indre By - Middelalderbyen;2017K1;7812
Indre By - Middelalderbyen;2017K2;7969
Indre By - Middelalderbyen;2017K3;7770
Indre By - Middelalderbyen;2017K4;7961
Indre By - Middelalderbyen;2018K1;7943
Indre By - Middelalderbyen;2018K2;8055
Indre By - Middelalderbyen;2018K3;7863
Indre By - Middelalderbyen;2018K4;8196
Indre By - Middelalderbyen;2019K1;8064
Indre By - Middelalderbyen;2019K2;8244
Indre By - Middelalderbyen;2019K3;8097
Indre By - Middelalderbyen;2019K4;8431
Indre By - Middelalderbyen;2020K1;8155
Indre By - Middelalderbyen;2020K2;8150
Indre By - Middelalderbyen;2020K3;8170
Indre By - Middelalderbyen;2020K4;8401
Indre By - Middelalderbyen;2021K1;8434
Indre By - Middelalderbyen;2021K2;8436
Indre By - Middelalderbyen;2021K3;8390
Indre By - Middelalderbyen;2021K4;8514
Indre By - Middelalderbyen;2022K1;8549
Indre By - Middelalderbyen;2022K2;8694
Indre By - Middelalderbyen;2022K3;8509
Indre By - Middelalderbyen;2022K4;8702
Indre By - Middelalderbyen;2023K1;8602
Indre By - Middelalderbyen;2023K2;8745
Indre By - Middelalderbyen;2023K3;8591
Indre By - Middelalderbyen;2023K4;8826
Indre By - Middelalderbyen;2024K1;8636
Indre By - Middelalderbyen;2024K2;8726
Indre By - Middelalderbyen;2024K3;8563
Indre By - Middelalderbyen;2024K4;8816
Indre By - Middelalderbyen;2025K1;8694
Indre By - Metropolzonen;1974K1;2012
Indre By - Metropolzonen;1975K1;1988
Indre By - Metropolzonen;1976K1;1896
Indre By - Metropolzonen;1977K1;1837
Indre By - Metropolzonen;1978K1;1821
Indre By - Metropolzonen;1979K1;1816
Indre By - Metropolzonen;1980K1;1771
Indre By - Metropolzonen;1981K1;1710
Indre By - Metropolzonen;1982K1;1746
Indre By - Metropolzonen;1983K1;1764
Indre By - Metropolzonen;1984K1;1735
Indre By - Metropolzonen;1985K1;1715
Indre By - Metropolzonen;1986K1;1679
Indre By - Metropolzonen;1987K1;1633
Indre By - Metropolzonen;1988K1;1616
Indre By - Metropolzonen;1989K1;1608
Indre By - Metropolzonen;1990K1;1520
Indre By - Metropolzonen;1991K1;1516
Indre By - Metropolzonen;1992K1;1538
Indre By - Metropolzonen;1993K1;1525
Indre By - Metropolzonen;1994K1;1539
Indre By - Metropolzonen;1995K1;1560
Indre By - Metropolzonen;1996K1;1577
Indre By - Metropolzonen;1997K1;1620
Indre By - Metropolzonen;1998K1;1609
Indre By - Metropolzonen;1999K1;1631
Indre By - Metropolzonen;2000K1;1651
Indre By - Metropolzonen;2001K1;1622
Indre By - Metropolzonen;2002K1;1675
Indre By - Metropolzonen;2002K2;1687
Indre By - Metropolzonen;2002K3;1654
Indre By - Metropolzonen;2002K4;1632
Indre By - Metropolzonen;2003K1;1643
Indre By - Metropolzonen;2003K2;1645
Indre By - Metropolzonen;2003K3;1652
Indre By - Metropolzonen;2003K4;1655
Indre By - Metropolzonen;2004K1;1628
Indre By - Metropolzonen;2004K2;1612
Indre By - Metropolzonen;2004K3;1660
Indre By - Metropolzonen;2004K4;1683
Indre By - Metropolzonen;2005K1;1686
Indre By - Metropolzonen;2005K2;1712
Indre By - Metropolzonen;2005K3;1697
Indre By - Metropolzonen;2005K4;1731
Indre By - Metropolzonen;2006K1;1765
Indre By - Metropolzonen;2006K2;1831
Indre By - Metropolzonen;2006K3;1890
Indre By - Metropolzonen;2006K4;1899
Indre By - Metropolzonen;2007K1;1928
Indre By - Metropolzonen;2007K2;1922
Indre By - Metropolzonen;2007K3;1947
Indre By - Metropolzonen;2007K4;2044
Indre By - Metropolzonen;2008K1;2070
Indre By - Metropolzonen;2008K2;2067
Indre By - Metropolzonen;2008K3;2086
Indre By - Metropolzonen;2008K4;2089
Indre By - Metropolzonen;2009K1;2114
Indre By - Metropolzonen;2009K2;2097
Indre By - Metropolzonen;2009K3;2104
Indre By - Metropolzonen;2009K4;2125
Indre By - Metropolzonen;2010K1;2133
Indre By - Metropolzonen;2010K2;2133
Indre By - Metropolzonen;2010K3;2112
Indre By - Metropolzonen;2010K4;2116
Indre By - Metropolzonen;2011K1;2123
Indre By - Metropolzonen;2011K2;2163
Indre By - Metropolzonen;2011K3;2158
Indre By - Metropolzonen;2011K4;2223
Indre By - Metropolzonen;2012K1;2258
Indre By - Metropolzonen;2012K2;2277
Indre By - Metropolzonen;2012K3;2237
Indre By - Metropolzonen;2012K4;2260
Indre By - Metropolzonen;2013K1;2268
Indre By - Metropolzonen;2013K2;2280
Indre By - Metropolzonen;2013K3;2272
Indre By - Metropolzonen;2013K4;2339
Indre By - Metropolzonen;2014K1;2339
Indre By - Metropolzonen;2014K2;2392
Indre By - Metropolzonen;2014K3;2377
Indre By - Metropolzonen;2014K4;2412
Indre By - Metropolzonen;2015K1;2420
Indre By - Metropolzonen;2015K2;2394
Indre By - Metropolzonen;2015K3;2393
Indre By - Metropolzonen;2015K4;2468
Indre By - Metropolzonen;2016K1;2517
Indre By - Metropolzonen;2016K2;2553
Indre By - Metropolzonen;2016K3;2522
Indre By - Metropolzonen;2016K4;2561
Indre By - Metropolzonen;2017K1;2585
Indre By - Metropolzonen;2017K2;2586
Indre By - Metropolzonen;2017K3;2552
Indre By - Metropolzonen;2017K4;2610
Indre By - Metropolzonen;2018K1;2613
Indre By - Metropolzonen;2018K2;2700
Indre By - Metropolzonen;2018K3;2728
Indre By - Metropolzonen;2018K4;2769
Indre By - Metropolzonen;2019K1;2789
Indre By - Metropolzonen;2019K2;2777
Indre By - Metropolzonen;2019K3;2757
Indre By - Metropolzonen;2019K4;2741
Indre By - Metropolzonen;2020K1;2728
Indre By - Metropolzonen;2020K2;2743
Indre By - Metropolzonen;2020K3;2710
Indre By - Metropolzonen;2020K4;2802
Indre By - Metropolzonen;2021K1;2808
Indre By - Metropolzonen;2021K2;2815
Indre By - Metropolzonen;2021K3;2806
Indre By - Metropolzonen;2021K4;2857
Indre By - Metropolzonen;2022K1;2824
Indre By - Metropolzonen;2022K2;2859
Indre By - Metropolzonen;2022K3;2811
Indre By - Metropolzonen;2022K4;2831
Indre By - Metropolzonen;2023K1;2825
Indre By - Metropolzonen;2023K2;2849
Indre By - Metropolzonen;2023K3;2865
Indre By - Metropolzonen;2023K4;2878
Indre By - Metropolzonen;2024K1;2837
Indre By - Metropolzonen;2024K2;2852
Indre By - Metropolzonen;2024K3;2833
Indre By - Metropolzonen;2024K4;2843
Indre By - Metropolzonen;2025K1;2920
Indre By - Nansensgade-kvarteret;1974K1;8336
Indre By - Nansensgade-kvarteret;1975K1;8131
Indre By - Nansensgade-kvarteret;1976K1;7804
Indre By - Nansensgade-kvarteret;1977K1;7504
Indre By - Nansensgade-kvarteret;1978K1;7088
Indre By - Nansensgade-kvarteret;1979K1;6917
Indre By - Nansensgade-kvarteret;1980K1;6709
Indre By - Nansensgade-kvarteret;1981K1;6680
Indre By - Nansensgade-kvarteret;1982K1;6633
Indre By - Nansensgade-kvarteret;1983K1;6322
Indre By - Nansensgade-kvarteret;1984K1;6118
Indre By - Nansensgade-kvarteret;1985K1;5998
Indre By - Nansensgade-kvarteret;1986K1;5805
Indre By - Nansensgade-kvarteret;1987K1;5723
Indre By - Nansensgade-kvarteret;1988K1;5649
Indre By - Nansensgade-kvarteret;1989K1;5484
Indre By - Nansensgade-kvarteret;1990K1;5428
Indre By - Nansensgade-kvarteret;1991K1;5467
Indre By - Nansensgade-kvarteret;1992K1;5368
Indre By - Nansensgade-kvarteret;1993K1;5341
Indre By - Nansensgade-kvarteret;1994K1;5407
Indre By - Nansensgade-kvarteret;1995K1;5456
Indre By - Nansensgade-kvarteret;1996K1;5506
Indre By - Nansensgade-kvarteret;1997K1;5568
Indre By - Nansensgade-kvarteret;1998K1;5635
Indre By - Nansensgade-kvarteret;1999K1;5768
Indre By - Nansensgade-kvarteret;2000K1;5840
Indre By - Nansensgade-kvarteret;2001K1;5762
Indre By - Nansensgade-kvarteret;2002K1;5830
Indre By - Nansensgade-kvarteret;2002K2;5827
Indre By - Nansensgade-kvarteret;2002K3;5822
Indre By - Nansensgade-kvarteret;2002K4;5853
Indre By - Nansensgade-kvarteret;2003K1;5885
Indre By - Nansensgade-kvarteret;2003K2;5890
Indre By - Nansensgade-kvarteret;2003K3;5900
Indre By - Nansensgade-kvarteret;2003K4;5916
Indre By - Nansensgade-kvarteret;2004K1;5864
Indre By - Nansensgade-kvarteret;2004K2;5860
Indre By - Nansensgade-kvarteret;2004K3;5833
Indre By - Nansensgade-kvarteret;2004K4;5838
Indre By - Nansensgade-kvarteret;2005K1;5822
Indre By - Nansensgade-kvarteret;2005K2;5840
Indre By - Nansensgade-kvarteret;2005K3;5852
Indre By - Nansensgade-kvarteret;2005K4;5844
Indre By - Nansensgade-kvarteret;2006K1;5789
Indre By - Nansensgade-kvarteret;2006K2;5804
Indre By - Nansensgade-kvarteret;2006K3;5769
Indre By - Nansensgade-kvarteret;2006K4;5765
Indre By - Nansensgade-kvarteret;2007K1;5758
Indre By - Nansensgade-kvarteret;2007K2;5753
Indre By - Nansensgade-kvarteret;2007K3;5712
Indre By - Nansensgade-kvarteret;2007K4;5718
Indre By - Nansensgade-kvarteret;2008K1;5711
Indre By - Nansensgade-kvarteret;2008K2;5699
Indre By - Nansensgade-kvarteret;2008K3;5699
Indre By - Nansensgade-kvarteret;2008K4;5730
Indre By - Nansensgade-kvarteret;2009K1;5738
Indre By - Nansensgade-kvarteret;2009K2;5823
Indre By - Nansensgade-kvarteret;2009K3;5855
Indre By - Nansensgade-kvarteret;2009K4;5915
Indre By - Nansensgade-kvarteret;2010K1;6007
Indre By - Nansensgade-kvarteret;2010K2;6046
Indre By - Nansensgade-kvarteret;2010K3;6029
Indre By - Nansensgade-kvarteret;2010K4;6130
Indre By - Nansensgade-kvarteret;2011K1;6136
Indre By - Nansensgade-kvarteret;2011K2;6179
Indre By - Nansensgade-kvarteret;2011K3;6149
Indre By - Nansensgade-kvarteret;2011K4;6259
Indre By - Nansensgade-kvarteret;2012K1;6271
Indre By - Nansensgade-kvarteret;2012K2;6265
Indre By - Nansensgade-kvarteret;2012K3;6224
Indre By - Nansensgade-kvarteret;2012K4;6360
Indre By - Nansensgade-kvarteret;2013K1;6382
Indre By - Nansensgade-kvarteret;2013K2;6425
Indre By - Nansensgade-kvarteret;2013K3;6413
Indre By - Nansensgade-kvarteret;2013K4;6518
Indre By - Nansensgade-kvarteret;2014K1;6544
Indre By - Nansensgade-kvarteret;2014K2;6534
Indre By - Nansensgade-kvarteret;2014K3;6518
Indre By - Nansensgade-kvarteret;2014K4;6604
Indre By - Nansensgade-kvarteret;2015K1;6602
Indre By - Nansensgade-kvarteret;2015K2;6619
Indre By - Nansensgade-kvarteret;2015K3;6581
Indre By - Nansensgade-kvarteret;2015K4;6652
Indre By - Nansensgade-kvarteret;2016K1;6676
Indre By - Nansensgade-kvarteret;2016K2;6692
Indre By - Nansensgade-kvarteret;2016K3;6661
Indre By - Nansensgade-kvarteret;2016K4;6709
Indre By - Nansensgade-kvarteret;2017K1;6635
Indre By - Nansensgade-kvarteret;2017K2;6643
Indre By - Nansensgade-kvarteret;2017K3;6624
Indre By - Nansensgade-kvarteret;2017K4;6605
Indre By - Nansensgade-kvarteret;2018K1;6566
Indre By - Nansensgade-kvarteret;2018K2;6622
Indre By - Nansensgade-kvarteret;2018K3;6626
Indre By - Nansensgade-kvarteret;2018K4;6674
Indre By - Nansensgade-kvarteret;2019K1;6718
Indre By - Nansensgade-kvarteret;2019K2;6732
Indre By - Nansensgade-kvarteret;2019K3;6718
Indre By - Nansensgade-kvarteret;2019K4;6704
Indre By - Nansensgade-kvarteret;2020K1;6683
Indre By - Nansensgade-kvarteret;2020K2;6676
Indre By - Nansensgade-kvarteret;2020K3;6631
Indre By - Nansensgade-kvarteret;2020K4;6692
Indre By - Nansensgade-kvarteret;2021K1;6666
Indre By - Nansensgade-kvarteret;2021K2;6669
Indre By - Nansensgade-kvarteret;2021K3;6668
Indre By - Nansensgade-kvarteret;2021K4;6626
Indre By - Nansensgade-kvarteret;2022K1;6635
Indre By - Nansensgade-kvarteret;2022K2;6589
Indre By - Nansensgade-kvarteret;2022K3;6590
Indre By - Nansensgade-kvarteret;2022K4;6656
Indre By - Nansensgade-kvarteret;2023K1;6648
Indre By - Nansensgade-kvarteret;2023K2;6678
Indre By - Nansensgade-kvarteret;2023K3;6661
Indre By - Nansensgade-kvarteret;2023K4;6695
Indre By - Nansensgade-kvarteret;2024K1;6667
Indre By - Nansensgade-kvarteret;2024K2;6698
Indre By - Nansensgade-kvarteret;2024K3;6702
Indre By - Nansensgade-kvarteret;2024K4;6759
Indre By - Nansensgade-kvarteret;2025K1;6742
Indre By - Øster Farimagsgade-kvarteret;1974K1;8251
Indre By - Øster Farimagsgade-kvarteret;1975K1;8076
Indre By - Øster Farimagsgade-kvarteret;1976K1;7710
Indre By - Øster Farimagsgade-kvarteret;1977K1;7461
Indre By - Øster Farimagsgade-kvarteret;1978K1;7122
Indre By - Øster Farimagsgade-kvarteret;1979K1;6963
Indre By - Øster Farimagsgade-kvarteret;1980K1;6928
Indre By - Øster Farimagsgade-kvarteret;1981K1;6821
Indre By - Øster Farimagsgade-kvarteret;1982K1;6858
Indre By - Øster Farimagsgade-kvarteret;1983K1;6788
Indre By - Øster Farimagsgade-kvarteret;1984K1;6756
Indre By - Øster Farimagsgade-kvarteret;1985K1;6717
Indre By - Øster Farimagsgade-kvarteret;1986K1;6564
Indre By - Øster Farimagsgade-kvarteret;1987K1;6465
Indre By - Øster Farimagsgade-kvarteret;1988K1;6451
Indre By - Øster Farimagsgade-kvarteret;1989K1;6479
Indre By - Øster Farimagsgade-kvarteret;1990K1;6438
Indre By - Øster Farimagsgade-kvarteret;1991K1;6402
Indre By - Øster Farimagsgade-kvarteret;1992K1;6340
Indre By - Øster Farimagsgade-kvarteret;1993K1;6384
Indre By - Øster Farimagsgade-kvarteret;1994K1;6431
Indre By - Øster Farimagsgade-kvarteret;1995K1;6359
Indre By - Øster Farimagsgade-kvarteret;1996K1;6402
Indre By - Øster Farimagsgade-kvarteret;1997K1;6427
Indre By - Øster Farimagsgade-kvarteret;1998K1;6439
Indre By - Øster Farimagsgade-kvarteret;1999K1;6501
Indre By - Øster Farimagsgade-kvarteret;2000K1;6507
Indre By - Øster Farimagsgade-kvarteret;2001K1;6549
Indre By - Øster Farimagsgade-kvarteret;2002K1;6561
Indre By - Øster Farimagsgade-kvarteret;2002K2;6554
Indre By - Øster Farimagsgade-kvarteret;2002K3;6538
Indre By - Øster Farimagsgade-kvarteret;2002K4;6580
Indre By - Øster Farimagsgade-kvarteret;2003K1;6583
Indre By - Øster Farimagsgade-kvarteret;2003K2;6587
Indre By - Øster Farimagsgade-kvarteret;2003K3;6547
Indre By - Øster Farimagsgade-kvarteret;2003K4;6608
Indre By - Øster Farimagsgade-kvarteret;2004K1;6573
Indre By - Øster Farimagsgade-kvarteret;2004K2;6587
Indre By - Øster Farimagsgade-kvarteret;2004K3;6549
Indre By - Øster Farimagsgade-kvarteret;2004K4;6593
Indre By - Øster Farimagsgade-kvarteret;2005K1;6621
Indre By - Øster Farimagsgade-kvarteret;2005K2;6698
Indre By - Øster Farimagsgade-kvarteret;2005K3;6665
Indre By - Øster Farimagsgade-kvarteret;2005K4;6630
Indre By - Øster Farimagsgade-kvarteret;2006K1;6550
Indre By - Øster Farimagsgade-kvarteret;2006K2;6595
Indre By - Øster Farimagsgade-kvarteret;2006K3;6614
Indre By - Øster Farimagsgade-kvarteret;2006K4;6609
Indre By - Øster Farimagsgade-kvarteret;2007K1;6564
Indre By - Øster Farimagsgade-kvarteret;2007K2;6625
Indre By - Øster Farimagsgade-kvarteret;2007K3;6593
Indre By - Øster Farimagsgade-kvarteret;2007K4;6649
Indre By - Øster Farimagsgade-kvarteret;2008K1;6658
Indre By - Øster Farimagsgade-kvarteret;2008K2;6670
Indre By - Øster Farimagsgade-kvarteret;2008K3;6655
Indre By - Øster Farimagsgade-kvarteret;2008K4;6689
Indre By - Øster Farimagsgade-kvarteret;2009K1;6731
Indre By - Øster Farimagsgade-kvarteret;2009K2;6768
Indre By - Øster Farimagsgade-kvarteret;2009K3;6793
Indre By - Øster Farimagsgade-kvarteret;2009K4;6826
Indre By - Øster Farimagsgade-kvarteret;2010K1;6850
Indre By - Øster Farimagsgade-kvarteret;2010K2;6867
Indre By - Øster Farimagsgade-kvarteret;2010K3;6891
Indre By - Øster Farimagsgade-kvarteret;2010K4;6890
Indre By - Øster Farimagsgade-kvarteret;2011K1;6927
Indre By - Øster Farimagsgade-kvarteret;2011K2;6943
Indre By - Øster Farimagsgade-kvarteret;2011K3;6909
Indre By - Øster Farimagsgade-kvarteret;2011K4;7006
Indre By - Øster Farimagsgade-kvarteret;2012K1;7031
Indre By - Øster Farimagsgade-kvarteret;2012K2;7049
Indre By - Øster Farimagsgade-kvarteret;2012K3;7040
Indre By - Øster Farimagsgade-kvarteret;2012K4;7090
Indre By - Øster Farimagsgade-kvarteret;2013K1;7102
Indre By - Øster Farimagsgade-kvarteret;2013K2;7120
Indre By - Øster Farimagsgade-kvarteret;2013K3;7095
Indre By - Øster Farimagsgade-kvarteret;2013K4;7186
Indre By - Øster Farimagsgade-kvarteret;2014K1;7178
Indre By - Øster Farimagsgade-kvarteret;2014K2;7155
Indre By - Øster Farimagsgade-kvarteret;2014K3;7111
Indre By - Øster Farimagsgade-kvarteret;2014K4;7199
Indre By - Øster Farimagsgade-kvarteret;2015K1;7191
Indre By - Øster Farimagsgade-kvarteret;2015K2;7222
Indre By - Øster Farimagsgade-kvarteret;2015K3;7208
Indre By - Øster Farimagsgade-kvarteret;2015K4;7345
Indre By - Øster Farimagsgade-kvarteret;2016K1;7339
Indre By - Øster Farimagsgade-kvarteret;2016K2;7300
Indre By - Øster Farimagsgade-kvarteret;2016K3;7312
Indre By - Øster Farimagsgade-kvarteret;2016K4;7429
Indre By - Øster Farimagsgade-kvarteret;2017K1;7374
Indre By - Øster Farimagsgade-kvarteret;2017K2;7404
Indre By - Øster Farimagsgade-kvarteret;2017K3;7369
Indre By - Øster Farimagsgade-kvarteret;2017K4;7421
Indre By - Øster Farimagsgade-kvarteret;2018K1;7407
Indre By - Øster Farimagsgade-kvarteret;2018K2;7390
Indre By - Øster Farimagsgade-kvarteret;2018K3;7282
Indre By - Øster Farimagsgade-kvarteret;2018K4;7344
Indre By - Øster Farimagsgade-kvarteret;2019K1;7319
Indre By - Øster Farimagsgade-kvarteret;2019K2;7389
Indre By - Øster Farimagsgade-kvarteret;2019K3;7301
Indre By - Øster Farimagsgade-kvarteret;2019K4;7366
Indre By - Øster Farimagsgade-kvarteret;2020K1;7344
Indre By - Øster Farimagsgade-kvarteret;2020K2;7295
Indre By - Øster Farimagsgade-kvarteret;2020K3;7240
Indre By - Øster Farimagsgade-kvarteret;2020K4;7261
Indre By - Øster Farimagsgade-kvarteret;2021K1;7232
Indre By - Øster Farimagsgade-kvarteret;2021K2;7234
Indre By - Øster Farimagsgade-kvarteret;2021K3;7197
Indre By - Øster Farimagsgade-kvarteret;2021K4;7219
Indre By - Øster Farimagsgade-kvarteret;2022K1;7218
Indre By - Øster Farimagsgade-kvarteret;2022K2;7241
Indre By - Øster Farimagsgade-kvarteret;2022K3;7346
Indre By - Øster Farimagsgade-kvarteret;2022K4;7328
Indre By - Øster Farimagsgade-kvarteret;2023K1;7294
Indre By - Øster Farimagsgade-kvarteret;2023K2;7310
Indre By - Øster Farimagsgade-kvarteret;2023K3;7300
Indre By - Øster Farimagsgade-kvarteret;2023K4;7385
Indre By - Øster Farimagsgade-kvarteret;2024K1;7325
Indre By - Øster Farimagsgade-kvarteret;2024K2;7323
Indre By - Øster Farimagsgade-kvarteret;2024K3;7296
Indre By - Øster Farimagsgade-kvarteret;2024K4;7343
Indre By - Øster Farimagsgade-kvarteret;2025K1;7319
Indre By - Østerport;1974K1;4779
Indre By - Østerport;1975K1;4738
Indre By - Østerport;1976K1;4617
Indre By - Østerport;1977K1;4372
Indre By - Østerport;1978K1;4265
Indre By - Østerport;1979K1;4142
Indre By - Østerport;1980K1;4095
Indre By - Østerport;1981K1;4009
Indre By - Østerport;1982K1;3964
Indre By - Østerport;1983K1;3988
Indre By - Østerport;1984K1;3983
Indre By - Østerport;1985K1;3962
Indre By - Østerport;1986K1;3979
Indre By - Østerport;1987K1;3998
Indre By - Østerport;1988K1;3906
Indre By - Østerport;1989K1;3859
Indre By - Østerport;1990K1;3852
Indre By - Østerport;1991K1;3830
Indre By - Østerport;1992K1;3890
Indre By - Østerport;1993K1;3905
Indre By - Østerport;1994K1;3902
Indre By - Østerport;1995K1;3970
Indre By - Østerport;1996K1;3940
Indre By - Østerport;1997K1;3955
Indre By - Østerport;1998K1;3963
Indre By - Østerport;1999K1;4081
Indre By - Østerport;2000K1;4107
Indre By - Østerport;2001K1;4149
Indre By - Østerport;2002K1;4057
Indre By - Østerport;2002K2;4066
Indre By - Østerport;2002K3;4063
Indre By - Østerport;2002K4;4076
Indre By - Østerport;2003K1;4097
Indre By - Østerport;2003K2;4066
Indre By - Østerport;2003K3;4078
Indre By - Østerport;2003K4;4097
Indre By - Østerport;2004K1;4101
Indre By - Østerport;2004K2;4105
Indre By - Østerport;2004K3;4084
Indre By - Østerport;2004K4;4100
Indre By - Østerport;2005K1;4101
Indre By - Østerport;2005K2;4091
Indre By - Østerport;2005K3;4092
Indre By - Østerport;2005K4;4112
Indre By - Østerport;2006K1;4072
Indre By - Østerport;2006K2;4117
Indre By - Østerport;2006K3;4103
Indre By - Østerport;2006K4;4150
Indre By - Østerport;2007K1;4176
Indre By - Østerport;2007K2;4191
Indre By - Østerport;2007K3;4187
Indre By - Østerport;2007K4;4194
Indre By - Østerport;2008K1;4166
Indre By - Østerport;2008K2;4179
Indre By - Østerport;2008K3;4160
Indre By - Østerport;2008K4;4161
Indre By - Østerport;2009K1;4206
Indre By - Østerport;2009K2;4227
Indre By - Østerport;2009K3;4236
Indre By - Østerport;2009K4;4302
Indre By - Østerport;2010K1;4290
Indre By - Østerport;2010K2;4345
Indre By - Østerport;2010K3;4345
Indre By - Østerport;2010K4;4427
Indre By - Østerport;2011K1;4439
Indre By - Østerport;2011K2;4483
Indre By - Østerport;2011K3;4521
Indre By - Østerport;2011K4;4522
Indre By - Østerport;2012K1;4515
Indre By - Østerport;2012K2;4533
Indre By - Østerport;2012K3;4504
Indre By - Østerport;2012K4;4524
Indre By - Østerport;2013K1;4545
Indre By - Østerport;2013K2;4551
Indre By - Østerport;2013K3;4565
Indre By - Østerport;2013K4;4594
Indre By - Østerport;2014K1;4608
Indre By - Østerport;2014K2;4500
Indre By - Østerport;2014K3;4463
Indre By - Østerport;2014K4;4489
Indre By - Østerport;2015K1;4483
Indre By - Østerport;2015K2;4498
Indre By - Østerport;2015K3;4487
Indre By - Østerport;2015K4;4557
Indre By - Østerport;2016K1;4491
Indre By - Østerport;2016K2;4515
Indre By - Østerport;2016K3;4507
Indre By - Østerport;2016K4;4563
Indre By - Østerport;2017K1;4575
Indre By - Østerport;2017K2;4541
Indre By - Østerport;2017K3;4491
Indre By - Østerport;2017K4;4523
Indre By - Østerport;2018K1;4500
Indre By - Østerport;2018K2;4530
Indre By - Østerport;2018K3;4516
Indre By - Østerport;2018K4;4535
Indre By - Østerport;2019K1;4506
Indre By - Østerport;2019K2;4540
Indre By - Østerport;2019K3;4525
Indre By - Østerport;2019K4;4521
Indre By - Østerport;2020K1;4428
Indre By - Østerport;2020K2;4451
Indre By - Østerport;2020K3;4460
Indre By - Østerport;2020K4;4491
Indre By - Østerport;2021K1;4498
Indre By - Østerport;2021K2;4549
Indre By - Østerport;2021K3;4525
Indre By - Østerport;2021K4;4529
Indre By - Østerport;2022K1;4520
Indre By - Østerport;2022K2;4509
Indre By - Østerport;2022K3;4533
Indre By - Østerport;2022K4;4533
Indre By - Østerport;2023K1;4496
Indre By - Østerport;2023K2;4493
Indre By - Østerport;2023K3;4493
Indre By - Østerport;2023K4;4525
Indre By - Østerport;2024K1;4519
Indre By - Østerport;2024K2;4572
Indre By - Østerport;2024K3;4553
Indre By - Østerport;2024K4;4553
Indre By - Østerport;2025K1;4560
Indre By - Frederiksstaden;1974K1;11008
Indre By - Frederiksstaden;1975K1;10699
Indre By - Frederiksstaden;1976K1;10186
Indre By - Frederiksstaden;1977K1;9645
Indre By - Frederiksstaden;1978K1;9286
Indre By - Frederiksstaden;1979K1;9233
Indre By - Frederiksstaden;1980K1;9065
Indre By - Frederiksstaden;1981K1;8902
Indre By - Frederiksstaden;1982K1;8820
Indre By - Frederiksstaden;1983K1;8731
Indre By - Frederiksstaden;1984K1;8682
Indre By - Frederiksstaden;1985K1;8571
Indre By - Frederiksstaden;1986K1;8312
Indre By - Frederiksstaden;1987K1;8129
Indre By - Frederiksstaden;1988K1;8096
Indre By - Frederiksstaden;1989K1;7967
Indre By - Frederiksstaden;1990K1;7895
Indre By - Frederiksstaden;1991K1;7851
Indre By - Frederiksstaden;1992K1;7851
Indre By - Frederiksstaden;1993K1;7909
Indre By - Frederiksstaden;1994K1;7954
Indre By - Frederiksstaden;1995K1;8051
Indre By - Frederiksstaden;1996K1;7939
Indre By - Frederiksstaden;1997K1;8055
Indre By - Frederiksstaden;1998K1;8198
Indre By - Frederiksstaden;1999K1;8206
Indre By - Frederiksstaden;2000K1;8225
Indre By - Frederiksstaden;2001K1;8281
Indre By - Frederiksstaden;2002K1;8212
Indre By - Frederiksstaden;2002K2;8219
Indre By - Frederiksstaden;2002K3;8188
Indre By - Frederiksstaden;2002K4;8177
Indre By - Frederiksstaden;2003K1;8157
Indre By - Frederiksstaden;2003K2;8161
Indre By - Frederiksstaden;2003K3;8085
Indre By - Frederiksstaden;2003K4;8127
Indre By - Frederiksstaden;2004K1;8099
Indre By - Frederiksstaden;2004K2;8077
Indre By - Frederiksstaden;2004K3;8040
Indre By - Frederiksstaden;2004K4;8032
Indre By - Frederiksstaden;2005K1;8028
Indre By - Frederiksstaden;2005K2;8066
Indre By - Frederiksstaden;2005K3;8099
Indre By - Frederiksstaden;2005K4;8096
Indre By - Frederiksstaden;2006K1;8091
Indre By - Frederiksstaden;2006K2;8190
Indre By - Frederiksstaden;2006K3;8176
Indre By - Frederiksstaden;2006K4;8263
Indre By - Frederiksstaden;2007K1;8322
Indre By - Frederiksstaden;2007K2;8351
Indre By - Frederiksstaden;2007K3;8273
Indre By - Frederiksstaden;2007K4;8276
Indre By - Frederiksstaden;2008K1;8235
Indre By - Frederiksstaden;2008K2;8255
Indre By - Frederiksstaden;2008K3;8264
Indre By - Frederiksstaden;2008K4;8356
Indre By - Frederiksstaden;2009K1;8362
Indre By - Frederiksstaden;2009K2;8336
Indre By - Frederiksstaden;2009K3;8332
Indre By - Frederiksstaden;2009K4;8378
Indre By - Frederiksstaden;2010K1;8439
Indre By - Frederiksstaden;2010K2;8535
Indre By - Frederiksstaden;2010K3;8546
Indre By - Frederiksstaden;2010K4;8590
Indre By - Frederiksstaden;2011K1;8643
Indre By - Frederiksstaden;2011K2;8678
Indre By - Frederiksstaden;2011K3;8709
Indre By - Frederiksstaden;2011K4;8856
Indre By - Frederiksstaden;2012K1;8924
Indre By - Frederiksstaden;2012K2;8979
Indre By - Frederiksstaden;2012K3;8985
Indre By - Frederiksstaden;2012K4;9076
Indre By - Frederiksstaden;2013K1;9087
Indre By - Frederiksstaden;2013K2;9093
Indre By - Frederiksstaden;2013K3;9066
Indre By - Frederiksstaden;2013K4;9121
Indre By - Frederiksstaden;2014K1;9138
Indre By - Frederiksstaden;2014K2;9150
Indre By - Frederiksstaden;2014K3;9063
Indre By - Frederiksstaden;2014K4;9021
Indre By - Frederiksstaden;2015K1;8903
Indre By - Frederiksstaden;2015K2;8969
Indre By - Frederiksstaden;2015K3;8947
Indre By - Frederiksstaden;2015K4;9076
Indre By - Frederiksstaden;2016K1;9128
Indre By - Frederiksstaden;2016K2;9195
Indre By - Frederiksstaden;2016K3;9203
Indre By - Frederiksstaden;2016K4;9739
Indre By - Frederiksstaden;2017K1;9770
Indre By - Frederiksstaden;2017K2;9821
Indre By - Frederiksstaden;2017K3;9805
Indre By - Frederiksstaden;2017K4;10071
Indre By - Frederiksstaden;2018K1;10100
Indre By - Frederiksstaden;2018K2;10095
Indre By - Frederiksstaden;2018K3;10041
Indre By - Frederiksstaden;2018K4;10263
Indre By - Frederiksstaden;2019K1;10159
Indre By - Frederiksstaden;2019K2;10272
Indre By - Frederiksstaden;2019K3;10173
Indre By - Frederiksstaden;2019K4;10281
Indre By - Frederiksstaden;2020K1;10055
Indre By - Frederiksstaden;2020K2;10149
Indre By - Frederiksstaden;2020K3;10106
Indre By - Frederiksstaden;2020K4;10210
Indre By - Frederiksstaden;2021K1;10179
Indre By - Frederiksstaden;2021K2;10105
Indre By - Frederiksstaden;2021K3;10104
Indre By - Frederiksstaden;2021K4;10270
Indre By - Frederiksstaden;2022K1;10158
Indre By - Frederiksstaden;2022K2;10239
Indre By - Frederiksstaden;2022K3;10106
Indre By - Frederiksstaden;2022K4;10250
Indre By - Frederiksstaden;2023K1;10135
Indre By - Frederiksstaden;2023K2;10251
Indre By - Frederiksstaden;2023K3;10086
Indre By - Frederiksstaden;2023K4;10349
Indre By - Frederiksstaden;2024K1;10234
Indre By - Frederiksstaden;2024K2;10433
Indre By - Frederiksstaden;2024K3;10298
Indre By - Frederiksstaden;2024K4;10530
Indre By - Frederiksstaden;2025K1;10389
Indre By - Gammelholm og Nyhavn;1974K1;3838
Indre By - Gammelholm og Nyhavn;1975K1;3769
Indre By - Gammelholm og Nyhavn;1976K1;3589
Indre By - Gammelholm og Nyhavn;1977K1;3363
Indre By - Gammelholm og Nyhavn;1978K1;3181
Indre By - Gammelholm og Nyhavn;1979K1;2998
Indre By - Gammelholm og Nyhavn;1980K1;3113
Indre By - Gammelholm og Nyhavn;1981K1;3115
Indre By - Gammelholm og Nyhavn;1982K1;2976
Indre By - Gammelholm og Nyhavn;1983K1;2767
Indre By - Gammelholm og Nyhavn;1984K1;2716
Indre By - Gammelholm og Nyhavn;1985K1;2779
Indre By - Gammelholm og Nyhavn;1986K1;2631
Indre By - Gammelholm og Nyhavn;1987K1;2609
Indre By - Gammelholm og Nyhavn;1988K1;2527
Indre By - Gammelholm og Nyhavn;1989K1;2501
Indre By - Gammelholm og Nyhavn;1990K1;2474
Indre By - Gammelholm og Nyhavn;1991K1;2466
Indre By - Gammelholm og Nyhavn;1992K1;2420
Indre By - Gammelholm og Nyhavn;1993K1;2443
Indre By - Gammelholm og Nyhavn;1994K1;2468
Indre By - Gammelholm og Nyhavn;1995K1;2438
Indre By - Gammelholm og Nyhavn;1996K1;2483
Indre By - Gammelholm og Nyhavn;1997K1;2549
Indre By - Gammelholm og Nyhavn;1998K1;2561
Indre By - Gammelholm og Nyhavn;1999K1;2605
Indre By - Gammelholm og Nyhavn;2000K1;2643
Indre By - Gammelholm og Nyhavn;2001K1;2689
Indre By - Gammelholm og Nyhavn;2002K1;2724
Indre By - Gammelholm og Nyhavn;2002K2;2723
Indre By - Gammelholm og Nyhavn;2002K3;2702
Indre By - Gammelholm og Nyhavn;2002K4;2695
Indre By - Gammelholm og Nyhavn;2003K1;2706
Indre By - Gammelholm og Nyhavn;2003K2;2700
Indre By - Gammelholm og Nyhavn;2003K3;2683
Indre By - Gammelholm og Nyhavn;2003K4;2698
Indre By - Gammelholm og Nyhavn;2004K1;2691
Indre By - Gammelholm og Nyhavn;2004K2;2679
Indre By - Gammelholm og Nyhavn;2004K3;2728
Indre By - Gammelholm og Nyhavn;2004K4;2754
Indre By - Gammelholm og Nyhavn;2005K1;2752
Indre By - Gammelholm og Nyhavn;2005K2;2760
Indre By - Gammelholm og Nyhavn;2005K3;2718
Indre By - Gammelholm og Nyhavn;2005K4;2741
Indre By - Gammelholm og Nyhavn;2006K1;2730
Indre By - Gammelholm og Nyhavn;2006K2;2777
Indre By - Gammelholm og Nyhavn;2006K3;2759
Indre By - Gammelholm og Nyhavn;2006K4;2782
Indre By - Gammelholm og Nyhavn;2007K1;2813
Indre By - Gammelholm og Nyhavn;2007K2;2857
Indre By - Gammelholm og Nyhavn;2007K3;2862
Indre By - Gammelholm og Nyhavn;2007K4;2871
Indre By - Gammelholm og Nyhavn;2008K1;2860
Indre By - Gammelholm og Nyhavn;2008K2;2931
Indre By - Gammelholm og Nyhavn;2008K3;2933
Indre By - Gammelholm og Nyhavn;2008K4;2976
Indre By - Gammelholm og Nyhavn;2009K1;2969
Indre By - Gammelholm og Nyhavn;2009K2;3018
Indre By - Gammelholm og Nyhavn;2009K3;3009
Indre By - Gammelholm og Nyhavn;2009K4;3090
Indre By - Gammelholm og Nyhavn;2010K1;3062
Indre By - Gammelholm og Nyhavn;2010K2;3157
Indre By - Gammelholm og Nyhavn;2010K3;3096
Indre By - Gammelholm og Nyhavn;2010K4;3013
Indre By - Gammelholm og Nyhavn;2011K1;2997
Indre By - Gammelholm og Nyhavn;2011K2;3062
Indre By - Gammelholm og Nyhavn;2011K3;3040
Indre By - Gammelholm og Nyhavn;2011K4;3148
Indre By - Gammelholm og Nyhavn;2012K1;3121
Indre By - Gammelholm og Nyhavn;2012K2;3104
Indre By - Gammelholm og Nyhavn;2012K3;3091
Indre By - Gammelholm og Nyhavn;2012K4;3169
Indre By - Gammelholm og Nyhavn;2013K1;3154
Indre By - Gammelholm og Nyhavn;2013K2;3234
Indre By - Gammelholm og Nyhavn;2013K3;3199
Indre By - Gammelholm og Nyhavn;2013K4;3245
Indre By - Gammelholm og Nyhavn;2014K1;3224
Indre By - Gammelholm og Nyhavn;2014K2;3198
Indre By - Gammelholm og Nyhavn;2014K3;3167
Indre By - Gammelholm og Nyhavn;2014K4;3214
Indre By - Gammelholm og Nyhavn;2015K1;3165
Indre By - Gammelholm og Nyhavn;2015K2;3189
Indre By - Gammelholm og Nyhavn;2015K3;3176
Indre By - Gammelholm og Nyhavn;2015K4;3188
Indre By - Gammelholm og Nyhavn;2016K1;3175
Indre By - Gammelholm og Nyhavn;2016K2;3249
Indre By - Gammelholm og Nyhavn;2016K3;3205
Indre By - Gammelholm og Nyhavn;2016K4;3248
Indre By - Gammelholm og Nyhavn;2017K1;3213
Indre By - Gammelholm og Nyhavn;2017K2;3249
Indre By - Gammelholm og Nyhavn;2017K3;3221
Indre By - Gammelholm og Nyhavn;2017K4;3297
Indre By - Gammelholm og Nyhavn;2018K1;3324
Indre By - Gammelholm og Nyhavn;2018K2;3357
Indre By - Gammelholm og Nyhavn;2018K3;3286
Indre By - Gammelholm og Nyhavn;2018K4;3309
Indre By - Gammelholm og Nyhavn;2019K1;3289
Indre By - Gammelholm og Nyhavn;2019K2;3335
Indre By - Gammelholm og Nyhavn;2019K3;3300
Indre By - Gammelholm og Nyhavn;2019K4;3331
Indre By - Gammelholm og Nyhavn;2020K1;3253
Indre By - Gammelholm og Nyhavn;2020K2;3246
Indre By - Gammelholm og Nyhavn;2020K3;3236
Indre By - Gammelholm og Nyhavn;2020K4;3242
Indre By - Gammelholm og Nyhavn;2021K1;3238
Indre By - Gammelholm og Nyhavn;2021K2;3230
Indre By - Gammelholm og Nyhavn;2021K3;3202
Indre By - Gammelholm og Nyhavn;2021K4;3199
Indre By - Gammelholm og Nyhavn;2022K1;3183
Indre By - Gammelholm og Nyhavn;2022K2;3234
Indre By - Gammelholm og Nyhavn;2022K3;3210
Indre By - Gammelholm og Nyhavn;2022K4;3227
Indre By - Gammelholm og Nyhavn;2023K1;3198
Indre By - Gammelholm og Nyhavn;2023K2;3210
Indre By - Gammelholm og Nyhavn;2023K3;3142
Indre By - Gammelholm og Nyhavn;2023K4;3195
Indre By - Gammelholm og Nyhavn;2024K1;3201
Indre By - Gammelholm og Nyhavn;2024K2;3323
Indre By - Gammelholm og Nyhavn;2024K3;3284
Indre By - Gammelholm og Nyhavn;2024K4;3374
Indre By - Gammelholm og Nyhavn;2025K1;3327
Christianshavn - Neden Vandet;1974K1;1591
Christianshavn - Neden Vandet;1975K1;1601
Christianshavn - Neden Vandet;1976K1;1502
Christianshavn - Neden Vandet;1977K1;1453
Christianshavn - Neden Vandet;1978K1;1407
Christianshavn - Neden Vandet;1979K1;1721
Christianshavn - Neden Vandet;1980K1;1771
Christianshavn - Neden Vandet;1981K1;1748
Christianshavn - Neden Vandet;1982K1;1753
Christianshavn - Neden Vandet;1983K1;1746
Christianshavn - Neden Vandet;1984K1;1724
Christianshavn - Neden Vandet;1985K1;1752
Christianshavn - Neden Vandet;1986K1;1929
Christianshavn - Neden Vandet;1987K1;1927
Christianshavn - Neden Vandet;1988K1;1890
Christianshavn - Neden Vandet;1989K1;1908
Christianshavn - Neden Vandet;1990K1;1924
Christianshavn - Neden Vandet;1991K1;1941
Christianshavn - Neden Vandet;1992K1;1981
Christianshavn - Neden Vandet;1993K1;1988
Christianshavn - Neden Vandet;1994K1;2045
Christianshavn - Neden Vandet;1995K1;2034
Christianshavn - Neden Vandet;1996K1;2089
Christianshavn - Neden Vandet;1997K1;2307
Christianshavn - Neden Vandet;1998K1;2353
Christianshavn - Neden Vandet;1999K1;2425
Christianshavn - Neden Vandet;2000K1;2429
Christianshavn - Neden Vandet;2001K1;2393
Christianshavn - Neden Vandet;2002K1;2559
Christianshavn - Neden Vandet;2002K2;2563
Christianshavn - Neden Vandet;2002K3;2614
Christianshavn - Neden Vandet;2002K4;2630
Christianshavn - Neden Vandet;2003K1;2616
Christianshavn - Neden Vandet;2003K2;2642
Christianshavn - Neden Vandet;2003K3;2691
Christianshavn - Neden Vandet;2003K4;2690
Christianshavn - Neden Vandet;2004K1;2700
Christianshavn - Neden Vandet;2004K2;2717
Christianshavn - Neden Vandet;2004K3;2727
Christianshavn - Neden Vandet;2004K4;2721
Christianshavn - Neden Vandet;2005K1;2729
Christianshavn - Neden Vandet;2005K2;2696
Christianshavn - Neden Vandet;2005K3;2707
Christianshavn - Neden Vandet;2005K4;2678
Christianshavn - Neden Vandet;2006K1;2642
Christianshavn - Neden Vandet;2006K2;2638
Christianshavn - Neden Vandet;2006K3;2661
Christianshavn - Neden Vandet;2006K4;2674
Christianshavn - Neden Vandet;2007K1;2674
Christianshavn - Neden Vandet;2007K2;2700
Christianshavn - Neden Vandet;2007K3;2696
Christianshavn - Neden Vandet;2007K4;2748
Christianshavn - Neden Vandet;2008K1;2713
Christianshavn - Neden Vandet;2008K2;2725
Christianshavn - Neden Vandet;2008K3;2741
Christianshavn - Neden Vandet;2008K4;2721
Christianshavn - Neden Vandet;2009K1;2752
Christianshavn - Neden Vandet;2009K2;2792
Christianshavn - Neden Vandet;2009K3;2799
Christianshavn - Neden Vandet;2009K4;2814
Christianshavn - Neden Vandet;2010K1;2803
Christianshavn - Neden Vandet;2010K2;2807
Christianshavn - Neden Vandet;2010K3;2806
Christianshavn - Neden Vandet;2010K4;2872
Christianshavn - Neden Vandet;2011K1;2846
Christianshavn - Neden Vandet;2011K2;2847
Christianshavn - Neden Vandet;2011K3;2854
Christianshavn - Neden Vandet;2011K4;2928
Christianshavn - Neden Vandet;2012K1;2925
Christianshavn - Neden Vandet;2012K2;2930
Christianshavn - Neden Vandet;2012K3;2959
Christianshavn - Neden Vandet;2012K4;2994
Christianshavn - Neden Vandet;2013K1;2983
Christianshavn - Neden Vandet;2013K2;2976
Christianshavn - Neden Vandet;2013K3;2994
Christianshavn - Neden Vandet;2013K4;3028
Christianshavn - Neden Vandet;2014K1;3019
Christianshavn - Neden Vandet;2014K2;3037
Christianshavn - Neden Vandet;2014K3;3019
Christianshavn - Neden Vandet;2014K4;3059
Christianshavn - Neden Vandet;2015K1;3032
Christianshavn - Neden Vandet;2015K2;3083
Christianshavn - Neden Vandet;2015K3;3088
Christianshavn - Neden Vandet;2015K4;3077
Christianshavn - Neden Vandet;2016K1;3093
Christianshavn - Neden Vandet;2016K2;3159
Christianshavn - Neden Vandet;2016K3;3136
Christianshavn - Neden Vandet;2016K4;3239
Christianshavn - Neden Vandet;2017K1;3201
Christianshavn - Neden Vandet;2017K2;3268
Christianshavn - Neden Vandet;2017K3;3191
Christianshavn - Neden Vandet;2017K4;3248
Christianshavn - Neden Vandet;2018K1;3198
Christianshavn - Neden Vandet;2018K2;3188
Christianshavn - Neden Vandet;2018K3;3151
Christianshavn - Neden Vandet;2018K4;3196
Christianshavn - Neden Vandet;2019K1;3228
Christianshavn - Neden Vandet;2019K2;3294
Christianshavn - Neden Vandet;2019K3;3231
Christianshavn - Neden Vandet;2019K4;3290
Christianshavn - Neden Vandet;2020K1;3192
Christianshavn - Neden Vandet;2020K2;3189
Christianshavn - Neden Vandet;2020K3;3173
Christianshavn - Neden Vandet;2020K4;3217
Christianshavn - Neden Vandet;2021K1;3214
Christianshavn - Neden Vandet;2021K2;3249
Christianshavn - Neden Vandet;2021K3;3206
Christianshavn - Neden Vandet;2021K4;3180
Christianshavn - Neden Vandet;2022K1;3166
Christianshavn - Neden Vandet;2022K2;3234
Christianshavn - Neden Vandet;2022K3;3180
Christianshavn - Neden Vandet;2022K4;3208
Christianshavn - Neden Vandet;2023K1;3187
Christianshavn - Neden Vandet;2023K2;3241
Christianshavn - Neden Vandet;2023K3;3197
Christianshavn - Neden Vandet;2023K4;3260
Christianshavn - Neden Vandet;2024K1;3214
Christianshavn - Neden Vandet;2024K2;3255
Christianshavn - Neden Vandet;2024K3;3195
Christianshavn - Neden Vandet;2024K4;3288
Christianshavn - Neden Vandet;2025K1;3231
Christianshavn - Oven Vandet;1974K1;7629
Christianshavn - Oven Vandet;1975K1;7424
Christianshavn - Oven Vandet;1976K1;6909
Christianshavn - Oven Vandet;1977K1;6617
Christianshavn - Oven Vandet;1978K1;6795
Christianshavn - Oven Vandet;1979K1;6565
Christianshavn - Oven Vandet;1980K1;6566
Christianshavn - Oven Vandet;1981K1;6504
Christianshavn - Oven Vandet;1982K1;6589
Christianshavn - Oven Vandet;1983K1;6573
Christianshavn - Oven Vandet;1984K1;6602
Christianshavn - Oven Vandet;1985K1;6605
Christianshavn - Oven Vandet;1986K1;6506
Christianshavn - Oven Vandet;1987K1;6457
Christianshavn - Oven Vandet;1988K1;6411
Christianshavn - Oven Vandet;1989K1;6407
Christianshavn - Oven Vandet;1990K1;6376
Christianshavn - Oven Vandet;1991K1;6305
Christianshavn - Oven Vandet;1992K1;6169
Christianshavn - Oven Vandet;1993K1;6301
Christianshavn - Oven Vandet;1994K1;6321
Christianshavn - Oven Vandet;1995K1;6371
Christianshavn - Oven Vandet;1996K1;6417
Christianshavn - Oven Vandet;1997K1;6390
Christianshavn - Oven Vandet;1998K1;6374
Christianshavn - Oven Vandet;1999K1;6500
Christianshavn - Oven Vandet;2000K1;6544
Christianshavn - Oven Vandet;2001K1;6641
Christianshavn - Oven Vandet;2002K1;6573
Christianshavn - Oven Vandet;2002K2;6570
Christianshavn - Oven Vandet;2002K3;6540
Christianshavn - Oven Vandet;2002K4;6596
Christianshavn - Oven Vandet;2003K1;6589
Christianshavn - Oven Vandet;2003K2;6551
Christianshavn - Oven Vandet;2003K3;6546
Christianshavn - Oven Vandet;2003K4;6587
Christianshavn - Oven Vandet;2004K1;6566
Christianshavn - Oven Vandet;2004K2;6533
Christianshavn - Oven Vandet;2004K3;6492
Christianshavn - Oven Vandet;2004K4;6474
Christianshavn - Oven Vandet;2005K1;6468
Christianshavn - Oven Vandet;2005K2;6466
Christianshavn - Oven Vandet;2005K3;6212
Christianshavn - Oven Vandet;2005K4;6431
Christianshavn - Oven Vandet;2006K1;6413
Christianshavn - Oven Vandet;2006K2;6337
Christianshavn - Oven Vandet;2006K3;6264
Christianshavn - Oven Vandet;2006K4;6317
Christianshavn - Oven Vandet;2007K1;6288
Christianshavn - Oven Vandet;2007K2;6278
Christianshavn - Oven Vandet;2007K3;6247
Christianshavn - Oven Vandet;2007K4;6261
Christianshavn - Oven Vandet;2008K1;6266
Christianshavn - Oven Vandet;2008K2;6307
Christianshavn - Oven Vandet;2008K3;6303
Christianshavn - Oven Vandet;2008K4;6354
Christianshavn - Oven Vandet;2009K1;6354
Christianshavn - Oven Vandet;2009K2;6417
Christianshavn - Oven Vandet;2009K3;6420
Christianshavn - Oven Vandet;2009K4;6478
Christianshavn - Oven Vandet;2010K1;6479
Christianshavn - Oven Vandet;2010K2;6463
Christianshavn - Oven Vandet;2010K3;6442
Christianshavn - Oven Vandet;2010K4;6514
Christianshavn - Oven Vandet;2011K1;6484
Christianshavn - Oven Vandet;2011K2;6493
Christianshavn - Oven Vandet;2011K3;6488
Christianshavn - Oven Vandet;2011K4;6538
Christianshavn - Oven Vandet;2012K1;6557
Christianshavn - Oven Vandet;2012K2;6567
Christianshavn - Oven Vandet;2012K3;6633
Christianshavn - Oven Vandet;2012K4;6689
Christianshavn - Oven Vandet;2013K1;6658
Christianshavn - Oven Vandet;2013K2;6671
Christianshavn - Oven Vandet;2013K3;6627
Christianshavn - Oven Vandet;2013K4;6691
Christianshavn - Oven Vandet;2014K1;6712
Christianshavn - Oven Vandet;2014K2;6756
Christianshavn - Oven Vandet;2014K3;6721
Christianshavn - Oven Vandet;2014K4;6721
Christianshavn - Oven Vandet;2015K1;6718
Christianshavn - Oven Vandet;2015K2;6733
Christianshavn - Oven Vandet;2015K3;6770
Christianshavn - Oven Vandet;2015K4;6843
Christianshavn - Oven Vandet;2016K1;6799
Christianshavn - Oven Vandet;2016K2;6817
Christianshavn - Oven Vandet;2016K3;6803
Christianshavn - Oven Vandet;2016K4;6868
Christianshavn - Oven Vandet;2017K1;6804
Christianshavn - Oven Vandet;2017K2;6835
Christianshavn - Oven Vandet;2017K3;6847
Christianshavn - Oven Vandet;2017K4;6825
Christianshavn - Oven Vandet;2018K1;6830
Christianshavn - Oven Vandet;2018K2;6844
Christianshavn - Oven Vandet;2018K3;6836
Christianshavn - Oven Vandet;2018K4;6863
Christianshavn - Oven Vandet;2019K1;6865
Christianshavn - Oven Vandet;2019K2;6839
Christianshavn - Oven Vandet;2019K3;6797
Christianshavn - Oven Vandet;2019K4;6758
Christianshavn - Oven Vandet;2020K1;6736
Christianshavn - Oven Vandet;2020K2;6741
Christianshavn - Oven Vandet;2020K3;6720
Christianshavn - Oven Vandet;2020K4;6766
Christianshavn - Oven Vandet;2021K1;6703
Christianshavn - Oven Vandet;2021K2;6646
Christianshavn - Oven Vandet;2021K3;6652
Christianshavn - Oven Vandet;2021K4;6693
Christianshavn - Oven Vandet;2022K1;6660
Christianshavn - Oven Vandet;2022K2;6660
Christianshavn - Oven Vandet;2022K3;6711
Christianshavn - Oven Vandet;2022K4;6678
Christianshavn - Oven Vandet;2023K1;6695
Christianshavn - Oven Vandet;2023K2;6722
Christianshavn - Oven Vandet;2023K3;6736
Christianshavn - Oven Vandet;2023K4;6683
Christianshavn - Oven Vandet;2024K1;6658
Christianshavn - Oven Vandet;2024K2;6665
Christianshavn - Oven Vandet;2024K3;6666
Christianshavn - Oven Vandet;2024K4;6708
Christianshavn - Oven Vandet;2025K1;6717
Christianshavn - Holmen og Refshaleøen;1974K1;50
Christianshavn - Holmen og Refshaleøen;1975K1;32
Christianshavn - Holmen og Refshaleøen;1976K1;42
Christianshavn - Holmen og Refshaleøen;1977K1;35
Christianshavn - Holmen og Refshaleøen;1978K1;18
Christianshavn - Holmen og Refshaleøen;1979K1;19
Christianshavn - Holmen og Refshaleøen;1980K1;11
Christianshavn - Holmen og Refshaleøen;1981K1;29
Christianshavn - Holmen og Refshaleøen;1982K1;33
Christianshavn - Holmen og Refshaleøen;1983K1;26
Christianshavn - Holmen og Refshaleøen;1984K1;19
Christianshavn - Holmen og Refshaleøen;1985K1;21
Christianshavn - Holmen og Refshaleøen;1986K1;19
Christianshavn - Holmen og Refshaleøen;1987K1;24
Christianshavn - Holmen og Refshaleøen;1988K1;17
Christianshavn - Holmen og Refshaleøen;1989K1;19
Christianshavn - Holmen og Refshaleøen;1990K1;21
Christianshavn - Holmen og Refshaleøen;1991K1;23
Christianshavn - Holmen og Refshaleøen;1992K1;21
Christianshavn - Holmen og Refshaleøen;1993K1;23
Christianshavn - Holmen og Refshaleøen;1994K1;28
Christianshavn - Holmen og Refshaleøen;1995K1;34
Christianshavn - Holmen og Refshaleøen;1996K1;38
Christianshavn - Holmen og Refshaleøen;1997K1;36
Christianshavn - Holmen og Refshaleøen;1998K1;122
Christianshavn - Holmen og Refshaleøen;1999K1;184
Christianshavn - Holmen og Refshaleøen;2000K1;157
Christianshavn - Holmen og Refshaleøen;2001K1;295
Christianshavn - Holmen og Refshaleøen;2002K1;437
Christianshavn - Holmen og Refshaleøen;2002K2;439
Christianshavn - Holmen og Refshaleøen;2002K3;454
Christianshavn - Holmen og Refshaleøen;2002K4;469
Christianshavn - Holmen og Refshaleøen;2003K1;576
Christianshavn - Holmen og Refshaleøen;2003K2;687
Christianshavn - Holmen og Refshaleøen;2003K3;852
Christianshavn - Holmen og Refshaleøen;2003K4;862
Christianshavn - Holmen og Refshaleøen;2004K1;874
Christianshavn - Holmen og Refshaleøen;2004K2;897
Christianshavn - Holmen og Refshaleøen;2004K3;918
Christianshavn - Holmen og Refshaleøen;2004K4;940
Christianshavn - Holmen og Refshaleøen;2005K1;945
Christianshavn - Holmen og Refshaleøen;2005K2;955
Christianshavn - Holmen og Refshaleøen;2005K3;956
Christianshavn - Holmen og Refshaleøen;2005K4;969
Christianshavn - Holmen og Refshaleøen;2006K1;1043
Christianshavn - Holmen og Refshaleøen;2006K2;1070
Christianshavn - Holmen og Refshaleøen;2006K3;1095
Christianshavn - Holmen og Refshaleøen;2006K4;1111
Christianshavn - Holmen og Refshaleøen;2007K1;1140
Christianshavn - Holmen og Refshaleøen;2007K2;1158
Christianshavn - Holmen og Refshaleøen;2007K3;1162
Christianshavn - Holmen og Refshaleøen;2007K4;1164
Christianshavn - Holmen og Refshaleøen;2008K1;1167
Christianshavn - Holmen og Refshaleøen;2008K2;1163
Christianshavn - Holmen og Refshaleøen;2008K3;1188
Christianshavn - Holmen og Refshaleøen;2008K4;1202
Christianshavn - Holmen og Refshaleøen;2009K1;1197
Christianshavn - Holmen og Refshaleøen;2009K2;1195
Christianshavn - Holmen og Refshaleøen;2009K3;1202
Christianshavn - Holmen og Refshaleøen;2009K4;1231
Christianshavn - Holmen og Refshaleøen;2010K1;1233
Christianshavn - Holmen og Refshaleøen;2010K2;1232
Christianshavn - Holmen og Refshaleøen;2010K3;1236
Christianshavn - Holmen og Refshaleøen;2010K4;1237
Christianshavn - Holmen og Refshaleøen;2011K1;1228
Christianshavn - Holmen og Refshaleøen;2011K2;1236
Christianshavn - Holmen og Refshaleøen;2011K3;1229
Christianshavn - Holmen og Refshaleøen;2011K4;1270
Christianshavn - Holmen og Refshaleøen;2012K1;1308
Christianshavn - Holmen og Refshaleøen;2012K2;1360
Christianshavn - Holmen og Refshaleøen;2012K3;1394
Christianshavn - Holmen og Refshaleøen;2012K4;1417
Christianshavn - Holmen og Refshaleøen;2013K1;1416
Christianshavn - Holmen og Refshaleøen;2013K2;1443
Christianshavn - Holmen og Refshaleøen;2013K3;1412
Christianshavn - Holmen og Refshaleøen;2013K4;1409
Christianshavn - Holmen og Refshaleøen;2014K1;1412
Christianshavn - Holmen og Refshaleøen;2014K2;1533
Christianshavn - Holmen og Refshaleøen;2014K3;1688
Christianshavn - Holmen og Refshaleøen;2014K4;1936
Christianshavn - Holmen og Refshaleøen;2015K1;2259
Christianshavn - Holmen og Refshaleøen;2015K2;2456
Christianshavn - Holmen og Refshaleøen;2015K3;2590
Christianshavn - Holmen og Refshaleøen;2015K4;2741
Christianshavn - Holmen og Refshaleøen;2016K1;2840
Christianshavn - Holmen og Refshaleøen;2016K2;2850
Christianshavn - Holmen og Refshaleøen;2016K3;2875
Christianshavn - Holmen og Refshaleøen;2016K4;2927
Christianshavn - Holmen og Refshaleøen;2017K1;2953
Christianshavn - Holmen og Refshaleøen;2017K2;2982
Christianshavn - Holmen og Refshaleøen;2017K3;2979
Christianshavn - Holmen og Refshaleøen;2017K4;3005
Christianshavn - Holmen og Refshaleøen;2018K1;3012
Christianshavn - Holmen og Refshaleøen;2018K2;3042
Christianshavn - Holmen og Refshaleøen;2018K3;3068
Christianshavn - Holmen og Refshaleøen;2018K4;3201
Christianshavn - Holmen og Refshaleøen;2019K1;3247
Christianshavn - Holmen og Refshaleøen;2019K2;3261
Christianshavn - Holmen og Refshaleøen;2019K3;3281
Christianshavn - Holmen og Refshaleøen;2019K4;3310
Christianshavn - Holmen og Refshaleøen;2020K1;3292
Christianshavn - Holmen og Refshaleøen;2020K2;3307
Christianshavn - Holmen og Refshaleøen;2020K3;3316
Christianshavn - Holmen og Refshaleøen;2020K4;3337
Christianshavn - Holmen og Refshaleøen;2021K1;3327
Christianshavn - Holmen og Refshaleøen;2021K2;3320
Christianshavn - Holmen og Refshaleøen;2021K3;3354
Christianshavn - Holmen og Refshaleøen;2021K4;3326
Christianshavn - Holmen og Refshaleøen;2022K1;3320
Christianshavn - Holmen og Refshaleøen;2022K2;3342
Christianshavn - Holmen og Refshaleøen;2022K3;3342
Christianshavn - Holmen og Refshaleøen;2022K4;3400
Christianshavn - Holmen og Refshaleøen;2023K1;3366
Christianshavn - Holmen og Refshaleøen;2023K2;3339
Christianshavn - Holmen og Refshaleøen;2023K3;3324
Christianshavn - Holmen og Refshaleøen;2023K4;3357
Christianshavn - Holmen og Refshaleøen;2024K1;3377
Christianshavn - Holmen og Refshaleøen;2024K2;3501
Christianshavn - Holmen og Refshaleøen;2024K3;3545
Christianshavn - Holmen og Refshaleøen;2024K4;3542
Christianshavn - Holmen og Refshaleøen;2025K1;3530
Østerbro - Nord/Komponistkvarteret;1974K1;3782
Østerbro - Nord/Komponistkvarteret;1975K1;3722
Østerbro - Nord/Komponistkvarteret;1976K1;3620
Østerbro - Nord/Komponistkvarteret;1977K1;3441
Østerbro - Nord/Komponistkvarteret;1978K1;3359
Østerbro - Nord/Komponistkvarteret;1979K1;3308
Østerbro - Nord/Komponistkvarteret;1980K1;3253
Østerbro - Nord/Komponistkvarteret;1981K1;3260
Østerbro - Nord/Komponistkvarteret;1982K1;3243
Østerbro - Nord/Komponistkvarteret;1983K1;3240
Østerbro - Nord/Komponistkvarteret;1984K1;3272
Østerbro - Nord/Komponistkvarteret;1985K1;3179
Østerbro - Nord/Komponistkvarteret;1986K1;3125
Østerbro - Nord/Komponistkvarteret;1987K1;3081
Østerbro - Nord/Komponistkvarteret;1988K1;3090
Østerbro - Nord/Komponistkvarteret;1989K1;3168
Østerbro - Nord/Komponistkvarteret;1990K1;3229
Østerbro - Nord/Komponistkvarteret;1991K1;3199
Østerbro - Nord/Komponistkvarteret;1992K1;3142
Østerbro - Nord/Komponistkvarteret;1993K1;3173
Østerbro - Nord/Komponistkvarteret;1994K1;3158
Østerbro - Nord/Komponistkvarteret;1995K1;3175
Østerbro - Nord/Komponistkvarteret;1996K1;3251
Østerbro - Nord/Komponistkvarteret;1997K1;3273
Østerbro - Nord/Komponistkvarteret;1998K1;3277
Østerbro - Nord/Komponistkvarteret;1999K1;3313
Østerbro - Nord/Komponistkvarteret;2000K1;3282
Østerbro - Nord/Komponistkvarteret;2001K1;3269
Østerbro - Nord/Komponistkvarteret;2002K1;3308
Østerbro - Nord/Komponistkvarteret;2002K2;3297
Østerbro - Nord/Komponistkvarteret;2002K3;3308
Østerbro - Nord/Komponistkvarteret;2002K4;3344
Østerbro - Nord/Komponistkvarteret;2003K1;3376
Østerbro - Nord/Komponistkvarteret;2003K2;3386
Østerbro - Nord/Komponistkvarteret;2003K3;3389
Østerbro - Nord/Komponistkvarteret;2003K4;3374
Østerbro - Nord/Komponistkvarteret;2004K1;3377
Østerbro - Nord/Komponistkvarteret;2004K2;3405
Østerbro - Nord/Komponistkvarteret;2004K3;3374
Østerbro - Nord/Komponistkvarteret;2004K4;3441
Østerbro - Nord/Komponistkvarteret;2005K1;3421
Østerbro - Nord/Komponistkvarteret;2005K2;3429
Østerbro - Nord/Komponistkvarteret;2005K3;3416
Østerbro - Nord/Komponistkvarteret;2005K4;3419
Østerbro - Nord/Komponistkvarteret;2006K1;3374
Østerbro - Nord/Komponistkvarteret;2006K2;3361
Østerbro - Nord/Komponistkvarteret;2006K3;3339
Østerbro - Nord/Komponistkvarteret;2006K4;3264
Østerbro - Nord/Komponistkvarteret;2007K1;3258
Østerbro - Nord/Komponistkvarteret;2007K2;3284
Østerbro - Nord/Komponistkvarteret;2007K3;3310
Østerbro - Nord/Komponistkvarteret;2007K4;3294
Østerbro - Nord/Komponistkvarteret;2008K1;3305
Østerbro - Nord/Komponistkvarteret;2008K2;3310
Østerbro - Nord/Komponistkvarteret;2008K3;3306
Østerbro - Nord/Komponistkvarteret;2008K4;3308
Østerbro - Nord/Komponistkvarteret;2009K1;3318
Østerbro - Nord/Komponistkvarteret;2009K2;3353
Østerbro - Nord/Komponistkvarteret;2009K3;3341
Østerbro - Nord/Komponistkvarteret;2009K4;3383
Østerbro - Nord/Komponistkvarteret;2010K1;3365
Østerbro - Nord/Komponistkvarteret;2010K2;3392
Østerbro - Nord/Komponistkvarteret;2010K3;3395
Østerbro - Nord/Komponistkvarteret;2010K4;3415
Østerbro - Nord/Komponistkvarteret;2011K1;3386
Østerbro - Nord/Komponistkvarteret;2011K2;3441
Østerbro - Nord/Komponistkvarteret;2011K3;3447
Østerbro - Nord/Komponistkvarteret;2011K4;3470
Østerbro - Nord/Komponistkvarteret;2012K1;3486
Østerbro - Nord/Komponistkvarteret;2012K2;3519
Østerbro - Nord/Komponistkvarteret;2012K3;3527
Østerbro - Nord/Komponistkvarteret;2012K4;3581
Østerbro - Nord/Komponistkvarteret;2013K1;3564
Østerbro - Nord/Komponistkvarteret;2013K2;3586
Østerbro - Nord/Komponistkvarteret;2013K3;3560
Østerbro - Nord/Komponistkvarteret;2013K4;3595
Østerbro - Nord/Komponistkvarteret;2014K1;3567
Østerbro - Nord/Komponistkvarteret;2014K2;3613
Østerbro - Nord/Komponistkvarteret;2014K3;3609
Østerbro - Nord/Komponistkvarteret;2014K4;3606
Østerbro - Nord/Komponistkvarteret;2015K1;3623
Østerbro - Nord/Komponistkvarteret;2015K2;3601
Østerbro - Nord/Komponistkvarteret;2015K3;3569
Østerbro - Nord/Komponistkvarteret;2015K4;3629
Østerbro - Nord/Komponistkvarteret;2016K1;3601
Østerbro - Nord/Komponistkvarteret;2016K2;3570
Østerbro - Nord/Komponistkvarteret;2016K3;3586
Østerbro - Nord/Komponistkvarteret;2016K4;3594
Østerbro - Nord/Komponistkvarteret;2017K1;3616
Østerbro - Nord/Komponistkvarteret;2017K2;3651
Østerbro - Nord/Komponistkvarteret;2017K3;3651
Østerbro - Nord/Komponistkvarteret;2017K4;3695
Østerbro - Nord/Komponistkvarteret;2018K1;3669
Østerbro - Nord/Komponistkvarteret;2018K2;3702
Østerbro - Nord/Komponistkvarteret;2018K3;3676
Østerbro - Nord/Komponistkvarteret;2018K4;3699
Østerbro - Nord/Komponistkvarteret;2019K1;3701
Østerbro - Nord/Komponistkvarteret;2019K2;3697
Østerbro - Nord/Komponistkvarteret;2019K3;3690
Østerbro - Nord/Komponistkvarteret;2019K4;3672
Østerbro - Nord/Komponistkvarteret;2020K1;3663
Østerbro - Nord/Komponistkvarteret;2020K2;3627
Østerbro - Nord/Komponistkvarteret;2020K3;3598
Østerbro - Nord/Komponistkvarteret;2020K4;3625
Østerbro - Nord/Komponistkvarteret;2021K1;3627
Østerbro - Nord/Komponistkvarteret;2021K2;3581
Østerbro - Nord/Komponistkvarteret;2021K3;3580
Østerbro - Nord/Komponistkvarteret;2021K4;3550
Østerbro - Nord/Komponistkvarteret;2022K1;3566
Østerbro - Nord/Komponistkvarteret;2022K2;3563
Østerbro - Nord/Komponistkvarteret;2022K3;3540
Østerbro - Nord/Komponistkvarteret;2022K4;3571
Østerbro - Nord/Komponistkvarteret;2023K1;3552
Østerbro - Nord/Komponistkvarteret;2023K2;3554
Østerbro - Nord/Komponistkvarteret;2023K3;3569
Østerbro - Nord/Komponistkvarteret;2023K4;3592
Østerbro - Nord/Komponistkvarteret;2024K1;3597
Østerbro - Nord/Komponistkvarteret;2024K2;3604
Østerbro - Nord/Komponistkvarteret;2024K3;3620
Østerbro - Nord/Komponistkvarteret;2024K4;3635
Østerbro - Nord/Komponistkvarteret;2025K1;3600
Østerbro - Svanemøllen Syd/Øst;1974K1;9633
Østerbro - Svanemøllen Syd/Øst;1975K1;9558
Østerbro - Svanemøllen Syd/Øst;1976K1;9525
Østerbro - Svanemøllen Syd/Øst;1977K1;9473
Østerbro - Svanemøllen Syd/Øst;1978K1;9306
Østerbro - Svanemøllen Syd/Øst;1979K1;9586
Østerbro - Svanemøllen Syd/Øst;1980K1;9726
Østerbro - Svanemøllen Syd/Øst;1981K1;9705
Østerbro - Svanemøllen Syd/Øst;1982K1;9666
Østerbro - Svanemøllen Syd/Øst;1983K1;9525
Østerbro - Svanemøllen Syd/Øst;1984K1;9475
Østerbro - Svanemøllen Syd/Øst;1985K1;9401
Østerbro - Svanemøllen Syd/Øst;1986K1;9339
Østerbro - Svanemøllen Syd/Øst;1987K1;9358
Østerbro - Svanemøllen Syd/Øst;1988K1;9289
Østerbro - Svanemøllen Syd/Øst;1989K1;9310
Østerbro - Svanemøllen Syd/Øst;1990K1;9230
Østerbro - Svanemøllen Syd/Øst;1991K1;9250
Østerbro - Svanemøllen Syd/Øst;1992K1;9192
Østerbro - Svanemøllen Syd/Øst;1993K1;9202
Østerbro - Svanemøllen Syd/Øst;1994K1;9305
Østerbro - Svanemøllen Syd/Øst;1995K1;9218
Østerbro - Svanemøllen Syd/Øst;1996K1;9498
Østerbro - Svanemøllen Syd/Øst;1997K1;9656
Østerbro - Svanemøllen Syd/Øst;1998K1;9749
Østerbro - Svanemøllen Syd/Øst;1999K1;9499
Østerbro - Svanemøllen Syd/Øst;2000K1;9504
Østerbro - Svanemøllen Syd/Øst;2001K1;9638
Østerbro - Svanemøllen Syd/Øst;2002K1;9695
Østerbro - Svanemøllen Syd/Øst;2002K2;9704
Østerbro - Svanemøllen Syd/Øst;2002K3;9677
Østerbro - Svanemøllen Syd/Øst;2002K4;9719
Østerbro - Svanemøllen Syd/Øst;2003K1;9724
Østerbro - Svanemøllen Syd/Øst;2003K2;9773
Østerbro - Svanemøllen Syd/Øst;2003K3;9774
Østerbro - Svanemøllen Syd/Øst;2003K4;9789
Østerbro - Svanemøllen Syd/Øst;2004K1;9752
Østerbro - Svanemøllen Syd/Øst;2004K2;9754
Østerbro - Svanemøllen Syd/Øst;2004K3;9684
Østerbro - Svanemøllen Syd/Øst;2004K4;9690
Østerbro - Svanemøllen Syd/Øst;2005K1;9661
Østerbro - Svanemøllen Syd/Øst;2005K2;9596
Østerbro - Svanemøllen Syd/Øst;2005K3;9655
Østerbro - Svanemøllen Syd/Øst;2005K4;9698
Østerbro - Svanemøllen Syd/Øst;2006K1;9696
Østerbro - Svanemøllen Syd/Øst;2006K2;9682
Østerbro - Svanemøllen Syd/Øst;2006K3;9617
Østerbro - Svanemøllen Syd/Øst;2006K4;9684
Østerbro - Svanemøllen Syd/Øst;2007K1;9667
Østerbro - Svanemøllen Syd/Øst;2007K2;9765
Østerbro - Svanemøllen Syd/Øst;2007K3;9624
Østerbro - Svanemøllen Syd/Øst;2007K4;9791
Østerbro - Svanemøllen Syd/Øst;2008K1;9767
Østerbro - Svanemøllen Syd/Øst;2008K2;9807
Østerbro - Svanemøllen Syd/Øst;2008K3;9755
Østerbro - Svanemøllen Syd/Øst;2008K4;9917
Østerbro - Svanemøllen Syd/Øst;2009K1;9775
Østerbro - Svanemøllen Syd/Øst;2009K2;9729
Østerbro - Svanemøllen Syd/Øst;2009K3;9647
Østerbro - Svanemøllen Syd/Øst;2009K4;9775
Østerbro - Svanemøllen Syd/Øst;2010K1;9699
Østerbro - Svanemøllen Syd/Øst;2010K2;9702
Østerbro - Svanemøllen Syd/Øst;2010K3;9602
Østerbro - Svanemøllen Syd/Øst;2010K4;9731
Østerbro - Svanemøllen Syd/Øst;2011K1;9652
Østerbro - Svanemøllen Syd/Øst;2011K2;9720
Østerbro - Svanemøllen Syd/Øst;2011K3;9709
Østerbro - Svanemøllen Syd/Øst;2011K4;9883
Østerbro - Svanemøllen Syd/Øst;2012K1;9953
Østerbro - Svanemøllen Syd/Øst;2012K2;10007
Østerbro - Svanemøllen Syd/Øst;2012K3;9881
Østerbro - Svanemøllen Syd/Øst;2012K4;10143
Østerbro - Svanemøllen Syd/Øst;2013K1;10061
Østerbro - Svanemøllen Syd/Øst;2013K2;10397
Østerbro - Svanemøllen Syd/Øst;2013K3;10236
Østerbro - Svanemøllen Syd/Øst;2013K4;10439
Østerbro - Svanemøllen Syd/Øst;2014K1;10479
Østerbro - Svanemøllen Syd/Øst;2014K2;10564
Østerbro - Svanemøllen Syd/Øst;2014K3;10396
Østerbro - Svanemøllen Syd/Øst;2014K4;10689
Østerbro - Svanemøllen Syd/Øst;2015K1;10658
Østerbro - Svanemøllen Syd/Øst;2015K2;10794
Østerbro - Svanemøllen Syd/Øst;2015K3;10742
Østerbro - Svanemøllen Syd/Øst;2015K4;10989
Østerbro - Svanemøllen Syd/Øst;2016K1;10919
Østerbro - Svanemøllen Syd/Øst;2016K2;11047
Østerbro - Svanemøllen Syd/Øst;2016K3;10917
Østerbro - Svanemøllen Syd/Øst;2016K4;11128
Østerbro - Svanemøllen Syd/Øst;2017K1;11076
Østerbro - Svanemøllen Syd/Øst;2017K2;11099
Østerbro - Svanemøllen Syd/Øst;2017K3;10963
Østerbro - Svanemøllen Syd/Øst;2017K4;11146
Østerbro - Svanemøllen Syd/Øst;2018K1;11129
Østerbro - Svanemøllen Syd/Øst;2018K2;11107
Østerbro - Svanemøllen Syd/Øst;2018K3;10971
Østerbro - Svanemøllen Syd/Øst;2018K4;11157
Østerbro - Svanemøllen Syd/Øst;2019K1;11147
Østerbro - Svanemøllen Syd/Øst;2019K2;11172
Østerbro - Svanemøllen Syd/Øst;2019K3;11022
Østerbro - Svanemøllen Syd/Øst;2019K4;11130
Østerbro - Svanemøllen Syd/Øst;2020K1;10985
Østerbro - Svanemøllen Syd/Øst;2020K2;10908
Østerbro - Svanemøllen Syd/Øst;2020K3;10800
Østerbro - Svanemøllen Syd/Øst;2020K4;10856
Østerbro - Svanemøllen Syd/Øst;2021K1;10799
Østerbro - Svanemøllen Syd/Øst;2021K2;10654
Østerbro - Svanemøllen Syd/Øst;2021K3;10637
Østerbro - Svanemøllen Syd/Øst;2021K4;10600
Østerbro - Svanemøllen Syd/Øst;2022K1;10674
Østerbro - Svanemøllen Syd/Øst;2022K2;10783
Østerbro - Svanemøllen Syd/Øst;2022K3;10716
Østerbro - Svanemøllen Syd/Øst;2022K4;10696
Østerbro - Svanemøllen Syd/Øst;2023K1;10669
Østerbro - Svanemøllen Syd/Øst;2023K2;10822
Østerbro - Svanemøllen Syd/Øst;2023K3;10749
Østerbro - Svanemøllen Syd/Øst;2023K4;10860
Østerbro - Svanemøllen Syd/Øst;2024K1;10761
Østerbro - Svanemøllen Syd/Øst;2024K2;10875
Østerbro - Svanemøllen Syd/Øst;2024K3;10718
Østerbro - Svanemøllen Syd/Øst;2024K4;10895
Østerbro - Svanemøllen Syd/Øst;2025K1;10694
Østerbro - Århusgade Nord;1974K1;10315
Østerbro - Århusgade Nord;1975K1;10053
Østerbro - Århusgade Nord;1976K1;9783
Østerbro - Århusgade Nord;1977K1;9624
Østerbro - Århusgade Nord;1978K1;9464
Østerbro - Århusgade Nord;1979K1;9148
Østerbro - Århusgade Nord;1980K1;8989
Østerbro - Århusgade Nord;1981K1;8896
Østerbro - Århusgade Nord;1982K1;8750
Østerbro - Århusgade Nord;1983K1;8592
Østerbro - Århusgade Nord;1984K1;8528
Østerbro - Århusgade Nord;1985K1;8433
Østerbro - Århusgade Nord;1986K1;8252
Østerbro - Århusgade Nord;1987K1;8216
Østerbro - Århusgade Nord;1988K1;8228
Østerbro - Århusgade Nord;1989K1;8155
Østerbro - Århusgade Nord;1990K1;8102
Østerbro - Århusgade Nord;1991K1;8061
Østerbro - Århusgade Nord;1992K1;8134
Østerbro - Århusgade Nord;1993K1;8181
Østerbro - Århusgade Nord;1994K1;8100
Østerbro - Århusgade Nord;1995K1;8080
Østerbro - Århusgade Nord;1996K1;8008
Østerbro - Århusgade Nord;1997K1;8271
Østerbro - Århusgade Nord;1998K1;8308
Østerbro - Århusgade Nord;1999K1;8409
Østerbro - Århusgade Nord;2000K1;8533
Østerbro - Århusgade Nord;2001K1;8489
Østerbro - Århusgade Nord;2002K1;8377
Østerbro - Århusgade Nord;2002K2;8383
Østerbro - Århusgade Nord;2002K3;8429
Østerbro - Århusgade Nord;2002K4;8487
Østerbro - Århusgade Nord;2003K1;8435
Østerbro - Århusgade Nord;2003K2;8452
Østerbro - Århusgade Nord;2003K3;8405
Østerbro - Århusgade Nord;2003K4;8448
Østerbro - Århusgade Nord;2004K1;8377
Østerbro - Århusgade Nord;2004K2;8403
Østerbro - Århusgade Nord;2004K3;8454
Østerbro - Århusgade Nord;2004K4;8529
Østerbro - Århusgade Nord;2005K1;8497
Østerbro - Århusgade Nord;2005K2;8526
Østerbro - Århusgade Nord;2005K3;8437
Østerbro - Århusgade Nord;2005K4;8503
Østerbro - Århusgade Nord;2006K1;8442
Østerbro - Århusgade Nord;2006K2;8459
Østerbro - Århusgade Nord;2006K3;8396
Østerbro - Århusgade Nord;2006K4;8407
Østerbro - Århusgade Nord;2007K1;8398
Østerbro - Århusgade Nord;2007K2;8391
Østerbro - Århusgade Nord;2007K3;8346
Østerbro - Århusgade Nord;2007K4;8352
Østerbro - Århusgade Nord;2008K1;8339
Østerbro - Århusgade Nord;2008K2;8361
Østerbro - Århusgade Nord;2008K3;8302
Østerbro - Århusgade Nord;2008K4;8416
Østerbro - Århusgade Nord;2009K1;8454
Østerbro - Århusgade Nord;2009K2;8517
Østerbro - Århusgade Nord;2009K3;8565
Østerbro - Århusgade Nord;2009K4;8667
Østerbro - Århusgade Nord;2010K1;8674
Østerbro - Århusgade Nord;2010K2;8714
Østerbro - Århusgade Nord;2010K3;8695
Østerbro - Århusgade Nord;2010K4;8746
Østerbro - Århusgade Nord;2011K1;8821
Østerbro - Århusgade Nord;2011K2;8829
Østerbro - Århusgade Nord;2011K3;8854
Østerbro - Århusgade Nord;2011K4;8946
Østerbro - Århusgade Nord;2012K1;8968
Østerbro - Århusgade Nord;2012K2;9023
Østerbro - Århusgade Nord;2012K3;8943
Østerbro - Århusgade Nord;2012K4;9051
Østerbro - Århusgade Nord;2013K1;9012
Østerbro - Århusgade Nord;2013K2;9102
Østerbro - Århusgade Nord;2013K3;9144
Østerbro - Århusgade Nord;2013K4;9289
Østerbro - Århusgade Nord;2014K1;9262
Østerbro - Århusgade Nord;2014K2;9150
Østerbro - Århusgade Nord;2014K3;9087
Østerbro - Århusgade Nord;2014K4;9186
Østerbro - Århusgade Nord;2015K1;9204
Østerbro - Århusgade Nord;2015K2;9243
Østerbro - Århusgade Nord;2015K3;9276
Østerbro - Århusgade Nord;2015K4;9320
Østerbro - Århusgade Nord;2016K1;9272
Østerbro - Århusgade Nord;2016K2;9275
Østerbro - Århusgade Nord;2016K3;9272
Østerbro - Århusgade Nord;2016K4;9353
Østerbro - Århusgade Nord;2017K1;9303
Østerbro - Århusgade Nord;2017K2;9343
Østerbro - Århusgade Nord;2017K3;9306
Østerbro - Århusgade Nord;2017K4;9431
Østerbro - Århusgade Nord;2018K1;9422
Østerbro - Århusgade Nord;2018K2;9408
Østerbro - Århusgade Nord;2018K3;9394
Østerbro - Århusgade Nord;2018K4;9449
Østerbro - Århusgade Nord;2019K1;9412
Østerbro - Århusgade Nord;2019K2;9496
Østerbro - Århusgade Nord;2019K3;9492
Østerbro - Århusgade Nord;2019K4;9529
Østerbro - Århusgade Nord;2020K1;9492
Østerbro - Århusgade Nord;2020K2;9479
Østerbro - Århusgade Nord;2020K3;9458
Østerbro - Århusgade Nord;2020K4;9474
Østerbro - Århusgade Nord;2021K1;9449
Østerbro - Århusgade Nord;2021K2;9378
Østerbro - Århusgade Nord;2021K3;9343
Østerbro - Århusgade Nord;2021K4;9307
Østerbro - Århusgade Nord;2022K1;9228
Østerbro - Århusgade Nord;2022K2;9262
Østerbro - Århusgade Nord;2022K3;9326
Østerbro - Århusgade Nord;2022K4;9324
Østerbro - Århusgade Nord;2023K1;9348
Østerbro - Århusgade Nord;2023K2;9373
Østerbro - Århusgade Nord;2023K3;9420
Østerbro - Århusgade Nord;2023K4;9438
Østerbro - Århusgade Nord;2024K1;9361
Østerbro - Århusgade Nord;2024K2;9372
Østerbro - Århusgade Nord;2024K3;9385
Østerbro - Århusgade Nord;2024K4;9411
Østerbro - Århusgade Nord;2025K1;9422
Østerbro - Århusgade Syd;1974K1;12111
Østerbro - Århusgade Syd;1975K1;11897
Østerbro - Århusgade Syd;1976K1;11656
Østerbro - Århusgade Syd;1977K1;11259
Østerbro - Århusgade Syd;1978K1;10850
Østerbro - Århusgade Syd;1979K1;10733
Østerbro - Århusgade Syd;1980K1;10458
Østerbro - Århusgade Syd;1981K1;10242
Østerbro - Århusgade Syd;1982K1;10216
Østerbro - Århusgade Syd;1983K1;10114
Østerbro - Århusgade Syd;1984K1;10148
Østerbro - Århusgade Syd;1985K1;10011
Østerbro - Århusgade Syd;1986K1;9949
Østerbro - Århusgade Syd;1987K1;9960
Østerbro - Århusgade Syd;1988K1;9905
Østerbro - Århusgade Syd;1989K1;9828
Østerbro - Århusgade Syd;1990K1;9776
Østerbro - Århusgade Syd;1991K1;9785
Østerbro - Århusgade Syd;1992K1;9749
Østerbro - Århusgade Syd;1993K1;9868
Østerbro - Århusgade Syd;1994K1;9874
Østerbro - Århusgade Syd;1995K1;10019
Østerbro - Århusgade Syd;1996K1;9990
Østerbro - Århusgade Syd;1997K1;10125
Østerbro - Århusgade Syd;1998K1;10140
Østerbro - Århusgade Syd;1999K1;10167
Østerbro - Århusgade Syd;2000K1;10262
Østerbro - Århusgade Syd;2001K1;10380
Østerbro - Århusgade Syd;2002K1;10683
Østerbro - Århusgade Syd;2002K2;10761
Østerbro - Århusgade Syd;2002K3;10665
Østerbro - Århusgade Syd;2002K4;10799
Østerbro - Århusgade Syd;2003K1;10758
Østerbro - Århusgade Syd;2003K2;10741
Østerbro - Århusgade Syd;2003K3;10731
Østerbro - Århusgade Syd;2003K4;10753
Østerbro - Århusgade Syd;2004K1;10729
Østerbro - Århusgade Syd;2004K2;10740
Østerbro - Århusgade Syd;2004K3;10701
Østerbro - Århusgade Syd;2004K4;10732
Østerbro - Århusgade Syd;2005K1;10690
Østerbro - Århusgade Syd;2005K2;10762
Østerbro - Århusgade Syd;2005K3;10692
Østerbro - Århusgade Syd;2005K4;10708
Østerbro - Århusgade Syd;2006K1;10713
Østerbro - Århusgade Syd;2006K2;10776
Østerbro - Århusgade Syd;2006K3;10718
Østerbro - Århusgade Syd;2006K4;10780
Østerbro - Århusgade Syd;2007K1;10799
Østerbro - Århusgade Syd;2007K2;10879
Østerbro - Århusgade Syd;2007K3;10851
Østerbro - Århusgade Syd;2007K4;10851
Østerbro - Århusgade Syd;2008K1;10813
Østerbro - Århusgade Syd;2008K2;10835
Østerbro - Århusgade Syd;2008K3;10791
Østerbro - Århusgade Syd;2008K4;10936
Østerbro - Århusgade Syd;2009K1;10932
Østerbro - Århusgade Syd;2009K2;11039
Østerbro - Århusgade Syd;2009K3;11086
Østerbro - Århusgade Syd;2009K4;11206
Østerbro - Århusgade Syd;2010K1;11242
Østerbro - Århusgade Syd;2010K2;11327
Østerbro - Århusgade Syd;2010K3;11334
Østerbro - Århusgade Syd;2010K4;11395
Østerbro - Århusgade Syd;2011K1;11361
Østerbro - Århusgade Syd;2011K2;11442
Østerbro - Århusgade Syd;2011K3;11418
Østerbro - Århusgade Syd;2011K4;11489
Østerbro - Århusgade Syd;2012K1;11549
Østerbro - Århusgade Syd;2012K2;11593
Østerbro - Århusgade Syd;2012K3;11535
Østerbro - Århusgade Syd;2012K4;11581
Østerbro - Århusgade Syd;2013K1;11597
Østerbro - Århusgade Syd;2013K2;11608
Østerbro - Århusgade Syd;2013K3;11588
Østerbro - Århusgade Syd;2013K4;11736
Østerbro - Århusgade Syd;2014K1;11740
Østerbro - Århusgade Syd;2014K2;11796
Østerbro - Århusgade Syd;2014K3;11841
Østerbro - Århusgade Syd;2014K4;11949
Østerbro - Århusgade Syd;2015K1;11939
Østerbro - Århusgade Syd;2015K2;11994
Østerbro - Århusgade Syd;2015K3;11937
Østerbro - Århusgade Syd;2015K4;12043
Østerbro - Århusgade Syd;2016K1;12049
Østerbro - Århusgade Syd;2016K2;12025
Østerbro - Århusgade Syd;2016K3;12006
Østerbro - Århusgade Syd;2016K4;12122
Østerbro - Århusgade Syd;2017K1;12062
Østerbro - Århusgade Syd;2017K2;12138
Østerbro - Århusgade Syd;2017K3;12110
Østerbro - Århusgade Syd;2017K4;12221
Østerbro - Århusgade Syd;2018K1;12182
Østerbro - Århusgade Syd;2018K2;12191
Østerbro - Århusgade Syd;2018K3;12104
Østerbro - Århusgade Syd;2018K4;12165
Østerbro - Århusgade Syd;2019K1;12107
Østerbro - Århusgade Syd;2019K2;12178
Østerbro - Århusgade Syd;2019K3;12161
Østerbro - Århusgade Syd;2019K4;12196
Østerbro - Århusgade Syd;2020K1;12158
Østerbro - Århusgade Syd;2020K2;12085
Østerbro - Århusgade Syd;2020K3;12057
Østerbro - Århusgade Syd;2020K4;12087
Østerbro - Århusgade Syd;2021K1;12027
Østerbro - Århusgade Syd;2021K2;11947
Østerbro - Århusgade Syd;2021K3;11957
Østerbro - Århusgade Syd;2021K4;11936
Østerbro - Århusgade Syd;2022K1;11963
Østerbro - Århusgade Syd;2022K2;11977
Østerbro - Århusgade Syd;2022K3;11877
Østerbro - Århusgade Syd;2022K4;11901
Østerbro - Århusgade Syd;2023K1;11894
Østerbro - Århusgade Syd;2023K2;11920
Østerbro - Århusgade Syd;2023K3;11849
Østerbro - Århusgade Syd;2023K4;11918
Østerbro - Århusgade Syd;2024K1;11900
Østerbro - Århusgade Syd;2024K2;11854
Østerbro - Århusgade Syd;2024K3;11923
Østerbro - Århusgade Syd;2024K4;11976
Østerbro - Århusgade Syd;2025K1;11928
Østerbro - Rosenvænget;1974K1;10488
Østerbro - Rosenvænget;1975K1;10281
Østerbro - Rosenvænget;1976K1;10063
Østerbro - Rosenvænget;1977K1;9562
Østerbro - Rosenvænget;1978K1;9221
Østerbro - Rosenvænget;1979K1;9175
Østerbro - Rosenvænget;1980K1;8890
Østerbro - Rosenvænget;1981K1;8861
Østerbro - Rosenvænget;1982K1;8900
Østerbro - Rosenvænget;1983K1;8875
Østerbro - Rosenvænget;1984K1;8809
Østerbro - Rosenvænget;1985K1;8746
Østerbro - Rosenvænget;1986K1;8634
Østerbro - Rosenvænget;1987K1;8503
Østerbro - Rosenvænget;1988K1;8443
Østerbro - Rosenvænget;1989K1;8480
Østerbro - Rosenvænget;1990K1;8439
Østerbro - Rosenvænget;1991K1;8431
Østerbro - Rosenvænget;1992K1;8387
Østerbro - Rosenvænget;1993K1;8428
Østerbro - Rosenvænget;1994K1;8502
Østerbro - Rosenvænget;1995K1;8536
Østerbro - Rosenvænget;1996K1;8525
Østerbro - Rosenvænget;1997K1;8655
Østerbro - Rosenvænget;1998K1;8687
Østerbro - Rosenvænget;1999K1;8740
Østerbro - Rosenvænget;2000K1;8803
Østerbro - Rosenvænget;2001K1;8853
Østerbro - Rosenvænget;2002K1;8874
Østerbro - Rosenvænget;2002K2;8893
Østerbro - Rosenvænget;2002K3;8928
Østerbro - Rosenvænget;2002K4;9009
Østerbro - Rosenvænget;2003K1;8951
Østerbro - Rosenvænget;2003K2;9005
Østerbro - Rosenvænget;2003K3;8990
Østerbro - Rosenvænget;2003K4;9019
Østerbro - Rosenvænget;2004K1;8981
Østerbro - Rosenvænget;2004K2;8979
Østerbro - Rosenvænget;2004K3;8931
Østerbro - Rosenvænget;2004K4;8978
Østerbro - Rosenvænget;2005K1;9018
Østerbro - Rosenvænget;2005K2;8974
Østerbro - Rosenvænget;2005K3;8854
Østerbro - Rosenvænget;2005K4;8884
Østerbro - Rosenvænget;2006K1;8887
Østerbro - Rosenvænget;2006K2;8897
Østerbro - Rosenvænget;2006K3;8831
Østerbro - Rosenvænget;2006K4;8839
Østerbro - Rosenvænget;2007K1;8853
Østerbro - Rosenvænget;2007K2;8875
Østerbro - Rosenvænget;2007K3;8944
Østerbro - Rosenvænget;2007K4;9025
Østerbro - Rosenvænget;2008K1;9018
Østerbro - Rosenvænget;2008K2;9038
Østerbro - Rosenvænget;2008K3;9042
Østerbro - Rosenvænget;2008K4;9121
Østerbro - Rosenvænget;2009K1;9137
Østerbro - Rosenvænget;2009K2;9201
Østerbro - Rosenvænget;2009K3;9281
Østerbro - Rosenvænget;2009K4;9360
Østerbro - Rosenvænget;2010K1;9404
Østerbro - Rosenvænget;2010K2;9459
Østerbro - Rosenvænget;2010K3;9417
Østerbro - Rosenvænget;2010K4;9497
Østerbro - Rosenvænget;2011K1;9496
Østerbro - Rosenvænget;2011K2;9562
Østerbro - Rosenvænget;2011K3;9623
Østerbro - Rosenvænget;2011K4;9677
Østerbro - Rosenvænget;2012K1;9667
Østerbro - Rosenvænget;2012K2;9667
Østerbro - Rosenvænget;2012K3;9672
Østerbro - Rosenvænget;2012K4;9763
Østerbro - Rosenvænget;2013K1;9816
Østerbro - Rosenvænget;2013K2;9841
Østerbro - Rosenvænget;2013K3;9823
Østerbro - Rosenvænget;2013K4;9902
Østerbro - Rosenvænget;2014K1;9936
Østerbro - Rosenvænget;2014K2;9966
Østerbro - Rosenvænget;2014K3;9918
Østerbro - Rosenvænget;2014K4;9928
Østerbro - Rosenvænget;2015K1;9903
Østerbro - Rosenvænget;2015K2;9951
Østerbro - Rosenvænget;2015K3;9915
Østerbro - Rosenvænget;2015K4;9975
Østerbro - Rosenvænget;2016K1;9969
Østerbro - Rosenvænget;2016K2;9996
Østerbro - Rosenvænget;2016K3;9961
Østerbro - Rosenvænget;2016K4;10044
Østerbro - Rosenvænget;2017K1;10120
Østerbro - Rosenvænget;2017K2;10102
Østerbro - Rosenvænget;2017K3;10154
Østerbro - Rosenvænget;2017K4;10255
Østerbro - Rosenvænget;2018K1;10222
Østerbro - Rosenvænget;2018K2;10221
Østerbro - Rosenvænget;2018K3;10211
Østerbro - Rosenvænget;2018K4;10225
Østerbro - Rosenvænget;2019K1;10172
Østerbro - Rosenvænget;2019K2;10196
Østerbro - Rosenvænget;2019K3;10156
Østerbro - Rosenvænget;2019K4;10119
Østerbro - Rosenvænget;2020K1;10113
Østerbro - Rosenvænget;2020K2;10089
Østerbro - Rosenvænget;2020K3;10093
Østerbro - Rosenvænget;2020K4;10138
Østerbro - Rosenvænget;2021K1;10086
Østerbro - Rosenvænget;2021K2;10049
Østerbro - Rosenvænget;2021K3;10065
Østerbro - Rosenvænget;2021K4;10080
Østerbro - Rosenvænget;2022K1;10070
Østerbro - Rosenvænget;2022K2;10066
Østerbro - Rosenvænget;2022K3;10045
Østerbro - Rosenvænget;2022K4;10082
Østerbro - Rosenvænget;2023K1;10068
Østerbro - Rosenvænget;2023K2;10095
Østerbro - Rosenvænget;2023K3;10110
Østerbro - Rosenvænget;2023K4;10187
Østerbro - Rosenvænget;2024K1;10096
Østerbro - Rosenvænget;2024K2;10119
Østerbro - Rosenvænget;2024K3;10113
Østerbro - Rosenvænget;2024K4;10151
Østerbro - Rosenvænget;2025K1;10123
Østerbro - Ny Ryvang;1974K1;2724
Østerbro - Ny Ryvang;1975K1;3783
Østerbro - Ny Ryvang;1976K1;3681
Østerbro - Ny Ryvang;1977K1;3568
Østerbro - Ny Ryvang;1978K1;3489
Østerbro - Ny Ryvang;1979K1;3176
Østerbro - Ny Ryvang;1980K1;2251
Østerbro - Ny Ryvang;1981K1;2314
Østerbro - Ny Ryvang;1982K1;2933
Østerbro - Ny Ryvang;1983K1;2907
Østerbro - Ny Ryvang;1984K1;2855
Østerbro - Ny Ryvang;1985K1;2850
Østerbro - Ny Ryvang;1986K1;2901
Østerbro - Ny Ryvang;1987K1;2890
Østerbro - Ny Ryvang;1988K1;2846
Østerbro - Ny Ryvang;1989K1;2825
Østerbro - Ny Ryvang;1990K1;2857
Østerbro - Ny Ryvang;1991K1;2837
Østerbro - Ny Ryvang;1992K1;2839
Østerbro - Ny Ryvang;1993K1;2805
Østerbro - Ny Ryvang;1994K1;2838
Østerbro - Ny Ryvang;1995K1;2793
Østerbro - Ny Ryvang;1996K1;2837
Østerbro - Ny Ryvang;1997K1;2875
Østerbro - Ny Ryvang;1998K1;2878
Østerbro - Ny Ryvang;1999K1;2874
Østerbro - Ny Ryvang;2000K1;2875
Østerbro - Ny Ryvang;2001K1;2846
Østerbro - Ny Ryvang;2002K1;2848
Østerbro - Ny Ryvang;2002K2;2899
Østerbro - Ny Ryvang;2002K3;2884
Østerbro - Ny Ryvang;2002K4;2903
Østerbro - Ny Ryvang;2003K1;2920
Østerbro - Ny Ryvang;2003K2;2906
Østerbro - Ny Ryvang;2003K3;2922
Østerbro - Ny Ryvang;2003K4;2886
Østerbro - Ny Ryvang;2004K1;2868
Østerbro - Ny Ryvang;2004K2;2843
Østerbro - Ny Ryvang;2004K3;2854
Østerbro - Ny Ryvang;2004K4;2822
Østerbro - Ny Ryvang;2005K1;2813
Østerbro - Ny Ryvang;2005K2;2828
Østerbro - Ny Ryvang;2005K3;2837
Østerbro - Ny Ryvang;2005K4;2802
Østerbro - Ny Ryvang;2006K1;2768
Østerbro - Ny Ryvang;2006K2;2770
Østerbro - Ny Ryvang;2006K3;2730
Østerbro - Ny Ryvang;2006K4;2752
Østerbro - Ny Ryvang;2007K1;2783
Østerbro - Ny Ryvang;2007K2;2774
Østerbro - Ny Ryvang;2007K3;2778
Østerbro - Ny Ryvang;2007K4;2796
Østerbro - Ny Ryvang;2008K1;2788
Østerbro - Ny Ryvang;2008K2;2770
Østerbro - Ny Ryvang;2008K3;2758
Østerbro - Ny Ryvang;2008K4;2757
Østerbro - Ny Ryvang;2009K1;2750
Østerbro - Ny Ryvang;2009K2;2734
Østerbro - Ny Ryvang;2009K3;2724
Østerbro - Ny Ryvang;2009K4;2755
Østerbro - Ny Ryvang;2010K1;2759
Østerbro - Ny Ryvang;2010K2;2760
Østerbro - Ny Ryvang;2010K3;2841
Østerbro - Ny Ryvang;2010K4;2850
Østerbro - Ny Ryvang;2011K1;2892
Østerbro - Ny Ryvang;2011K2;2888
Østerbro - Ny Ryvang;2011K3;2877
Østerbro - Ny Ryvang;2011K4;2916
Østerbro - Ny Ryvang;2012K1;2955
Østerbro - Ny Ryvang;2012K2;2955
Østerbro - Ny Ryvang;2012K3;2960
Østerbro - Ny Ryvang;2012K4;2939
Østerbro - Ny Ryvang;2013K1;2982
Østerbro - Ny Ryvang;2013K2;2985
Østerbro - Ny Ryvang;2013K3;3006
Østerbro - Ny Ryvang;2013K4;3037
Østerbro - Ny Ryvang;2014K1;3034
Østerbro - Ny Ryvang;2014K2;3049
Østerbro - Ny Ryvang;2014K3;3042
Østerbro - Ny Ryvang;2014K4;3015
Østerbro - Ny Ryvang;2015K1;3050
Østerbro - Ny Ryvang;2015K2;3054
Østerbro - Ny Ryvang;2015K3;3064
Østerbro - Ny Ryvang;2015K4;3082
Østerbro - Ny Ryvang;2016K1;3103
Østerbro - Ny Ryvang;2016K2;3074
Østerbro - Ny Ryvang;2016K3;3080
Østerbro - Ny Ryvang;2016K4;3083
Østerbro - Ny Ryvang;2017K1;3086
Østerbro - Ny Ryvang;2017K2;3080
Østerbro - Ny Ryvang;2017K3;3063
Østerbro - Ny Ryvang;2017K4;3125
Østerbro - Ny Ryvang;2018K1;3087
Østerbro - Ny Ryvang;2018K2;3116
Østerbro - Ny Ryvang;2018K3;3120
Østerbro - Ny Ryvang;2018K4;3119
Østerbro - Ny Ryvang;2019K1;3088
Østerbro - Ny Ryvang;2019K2;3075
Østerbro - Ny Ryvang;2019K3;3080
Østerbro - Ny Ryvang;2019K4;3037
Østerbro - Ny Ryvang;2020K1;3063
Østerbro - Ny Ryvang;2020K2;3066
Østerbro - Ny Ryvang;2020K3;3033
Østerbro - Ny Ryvang;2020K4;3205
Østerbro - Ny Ryvang;2021K1;3202
Østerbro - Ny Ryvang;2021K2;3213
Østerbro - Ny Ryvang;2021K3;3167
Østerbro - Ny Ryvang;2021K4;3167
Østerbro - Ny Ryvang;2022K1;3185
Østerbro - Ny Ryvang;2022K2;3177
Østerbro - Ny Ryvang;2022K3;3174
Østerbro - Ny Ryvang;2022K4;3139
Østerbro - Ny Ryvang;2023K1;3126
Østerbro - Ny Ryvang;2023K2;3112
Østerbro - Ny Ryvang;2023K3;3080
Østerbro - Ny Ryvang;2023K4;3089
Østerbro - Ny Ryvang;2024K1;3097
Østerbro - Ny Ryvang;2024K2;3111
Østerbro - Ny Ryvang;2024K3;3140
Østerbro - Ny Ryvang;2024K4;3149
Østerbro - Ny Ryvang;2025K1;3148
Østerbro - Nord;1974K1;4274
Østerbro - Nord;1975K1;4175
Østerbro - Nord;1976K1;4071
Østerbro - Nord;1977K1;3886
Østerbro - Nord;1978K1;3801
Østerbro - Nord;1979K1;3836
Østerbro - Nord;1980K1;3837
Østerbro - Nord;1981K1;4048
Østerbro - Nord;1982K1;4004
Østerbro - Nord;1983K1;3983
Østerbro - Nord;1984K1;4009
Østerbro - Nord;1985K1;3940
Østerbro - Nord;1986K1;3939
Østerbro - Nord;1987K1;3956
Østerbro - Nord;1988K1;3969
Østerbro - Nord;1989K1;3925
Østerbro - Nord;1990K1;3886
Østerbro - Nord;1991K1;3815
Østerbro - Nord;1992K1;3861
Østerbro - Nord;1993K1;3876
Østerbro - Nord;1994K1;3918
Østerbro - Nord;1995K1;3936
Østerbro - Nord;1996K1;3939
Østerbro - Nord;1997K1;3992
Østerbro - Nord;1998K1;4046
Østerbro - Nord;1999K1;4069
Østerbro - Nord;2000K1;4086
Østerbro - Nord;2001K1;4065
Østerbro - Nord;2002K1;4003
Østerbro - Nord;2002K2;4033
Østerbro - Nord;2002K3;3985
Østerbro - Nord;2002K4;3995
Østerbro - Nord;2003K1;4015
Østerbro - Nord;2003K2;3980
Østerbro - Nord;2003K3;3992
Østerbro - Nord;2003K4;3991
Østerbro - Nord;2004K1;3987
Østerbro - Nord;2004K2;3967
Østerbro - Nord;2004K3;3942
Østerbro - Nord;2004K4;4020
Østerbro - Nord;2005K1;4042
Østerbro - Nord;2005K2;4098
Østerbro - Nord;2005K3;4110
Østerbro - Nord;2005K4;4148
Østerbro - Nord;2006K1;4097
Østerbro - Nord;2006K2;4125
Østerbro - Nord;2006K3;4127
Østerbro - Nord;2006K4;4125
Østerbro - Nord;2007K1;4138
Østerbro - Nord;2007K2;4152
Østerbro - Nord;2007K3;4130
Østerbro - Nord;2007K4;4119
Østerbro - Nord;2008K1;4145
Østerbro - Nord;2008K2;4142
Østerbro - Nord;2008K3;4104
Østerbro - Nord;2008K4;4166
Østerbro - Nord;2009K1;4152
Østerbro - Nord;2009K2;4172
Østerbro - Nord;2009K3;4169
Østerbro - Nord;2009K4;4182
Østerbro - Nord;2010K1;4194
Østerbro - Nord;2010K2;4222
Østerbro - Nord;2010K3;4202
Østerbro - Nord;2010K4;4246
Østerbro - Nord;2011K1;4251
Østerbro - Nord;2011K2;4266
Østerbro - Nord;2011K3;4282
Østerbro - Nord;2011K4;4314
Østerbro - Nord;2012K1;4302
Østerbro - Nord;2012K2;4309
Østerbro - Nord;2012K3;4329
Østerbro - Nord;2012K4;4393
Østerbro - Nord;2013K1;4418
Østerbro - Nord;2013K2;4411
Østerbro - Nord;2013K3;4413
Østerbro - Nord;2013K4;4469
Østerbro - Nord;2014K1;4456
Østerbro - Nord;2014K2;4493
Østerbro - Nord;2014K3;4464
Østerbro - Nord;2014K4;4453
Østerbro - Nord;2015K1;4470
Østerbro - Nord;2015K2;4477
Østerbro - Nord;2015K3;4473
Østerbro - Nord;2015K4;4515
Østerbro - Nord;2016K1;4550
Østerbro - Nord;2016K2;4538
Østerbro - Nord;2016K3;4508
Østerbro - Nord;2016K4;4519
Østerbro - Nord;2017K1;4495
Østerbro - Nord;2017K2;4548
Østerbro - Nord;2017K3;4558
Østerbro - Nord;2017K4;4594
Østerbro - Nord;2018K1;4568
Østerbro - Nord;2018K2;4559
Østerbro - Nord;2018K3;4564
Østerbro - Nord;2018K4;4587
Østerbro - Nord;2019K1;4565
Østerbro - Nord;2019K2;4656
Østerbro - Nord;2019K3;4686
Østerbro - Nord;2019K4;4757
Østerbro - Nord;2020K1;4765
Østerbro - Nord;2020K2;4919
Østerbro - Nord;2020K3;4940
Østerbro - Nord;2020K4;5031
Østerbro - Nord;2021K1;4998
Østerbro - Nord;2021K2;5023
Østerbro - Nord;2021K3;5035
Østerbro - Nord;2021K4;5040
Østerbro - Nord;2022K1;5027
Østerbro - Nord;2022K2;5020
Østerbro - Nord;2022K3;5034
Østerbro - Nord;2022K4;5051
Østerbro - Nord;2023K1;5070
Østerbro - Nord;2023K2;5053
Østerbro - Nord;2023K3;5067
Østerbro - Nord;2023K4;5043
Østerbro - Nord;2024K1;5026
Østerbro - Nord;2024K2;5014
Østerbro - Nord;2024K3;4987
Østerbro - Nord;2024K4;4976
Østerbro - Nord;2025K1;4953
Østerbro - Nordhavn;1974K1;43
Østerbro - Nordhavn;1975K1;38
Østerbro - Nordhavn;1976K1;34
Østerbro - Nordhavn;1977K1;37
Østerbro - Nordhavn;1978K1;30
Østerbro - Nordhavn;1979K1;29
Østerbro - Nordhavn;1980K1;36
Østerbro - Nordhavn;1981K1;42
Østerbro - Nordhavn;1982K1;40
Østerbro - Nordhavn;1983K1;37
Østerbro - Nordhavn;1984K1;33
Østerbro - Nordhavn;1985K1;41
Østerbro - Nordhavn;1986K1;36
Østerbro - Nordhavn;1987K1;34
Østerbro - Nordhavn;1988K1;37
Østerbro - Nordhavn;1989K1;40
Østerbro - Nordhavn;1990K1;40
Østerbro - Nordhavn;1991K1;38
Østerbro - Nordhavn;1992K1;35
Østerbro - Nordhavn;1993K1;34
Østerbro - Nordhavn;1994K1;45
Østerbro - Nordhavn;1995K1;260
Østerbro - Nordhavn;1996K1;268
Østerbro - Nordhavn;1997K1;282
Østerbro - Nordhavn;1998K1;396
Østerbro - Nordhavn;1999K1;390
Østerbro - Nordhavn;2000K1;478
Østerbro - Nordhavn;2001K1;479
Østerbro - Nordhavn;2002K1;498
Østerbro - Nordhavn;2002K2;513
Østerbro - Nordhavn;2002K3;514
Østerbro - Nordhavn;2002K4;498
Østerbro - Nordhavn;2003K1;575
Østerbro - Nordhavn;2003K2;579
Østerbro - Nordhavn;2003K3;575
Østerbro - Nordhavn;2003K4;613
Østerbro - Nordhavn;2004K1;607
Østerbro - Nordhavn;2004K2;609
Østerbro - Nordhavn;2004K3;588
Østerbro - Nordhavn;2004K4;568
Østerbro - Nordhavn;2005K1;575
Østerbro - Nordhavn;2005K2;591
Østerbro - Nordhavn;2005K3;598
Østerbro - Nordhavn;2005K4;603
Østerbro - Nordhavn;2006K1;611
Østerbro - Nordhavn;2006K2;693
Østerbro - Nordhavn;2006K3;766
Østerbro - Nordhavn;2006K4;806
Østerbro - Nordhavn;2007K1;838
Østerbro - Nordhavn;2007K2;849
Østerbro - Nordhavn;2007K3;867
Østerbro - Nordhavn;2007K4;981
Østerbro - Nordhavn;2008K1;1050
Østerbro - Nordhavn;2008K2;1115
Østerbro - Nordhavn;2008K3;1152
Østerbro - Nordhavn;2008K4;1204
Østerbro - Nordhavn;2009K1;1263
Østerbro - Nordhavn;2009K2;1309
Østerbro - Nordhavn;2009K3;1288
Østerbro - Nordhavn;2009K4;1357
Østerbro - Nordhavn;2010K1;1390
Østerbro - Nordhavn;2010K2;1437
Østerbro - Nordhavn;2010K3;1454
Østerbro - Nordhavn;2010K4;1494
Østerbro - Nordhavn;2011K1;1503
Østerbro - Nordhavn;2011K2;1534
Østerbro - Nordhavn;2011K3;1525
Østerbro - Nordhavn;2011K4;1535
Østerbro - Nordhavn;2012K1;1572
Østerbro - Nordhavn;2012K2;1553
Østerbro - Nordhavn;2012K3;1528
Østerbro - Nordhavn;2012K4;1545
Østerbro - Nordhavn;2013K1;1570
Østerbro - Nordhavn;2013K2;1614
Østerbro - Nordhavn;2013K3;1626
Østerbro - Nordhavn;2013K4;1659
Østerbro - Nordhavn;2014K1;1671
Østerbro - Nordhavn;2014K2;1702
Østerbro - Nordhavn;2014K3;1656
Østerbro - Nordhavn;2014K4;1677
Østerbro - Nordhavn;2015K1;1685
Østerbro - Nordhavn;2015K2;1683
Østerbro - Nordhavn;2015K3;1709
Østerbro - Nordhavn;2015K4;1770
Østerbro - Nordhavn;2016K1;2144
Østerbro - Nordhavn;2016K2;2378
Østerbro - Nordhavn;2016K3;2631
Østerbro - Nordhavn;2016K4;2959
Østerbro - Nordhavn;2017K1;3316
Østerbro - Nordhavn;2017K2;3545
Østerbro - Nordhavn;2017K3;3744
Østerbro - Nordhavn;2017K4;3878
Østerbro - Nordhavn;2018K1;4080
Østerbro - Nordhavn;2018K2;4079
Østerbro - Nordhavn;2018K3;4174
Østerbro - Nordhavn;2018K4;4249
Østerbro - Nordhavn;2019K1;4285
Østerbro - Nordhavn;2019K2;4361
Østerbro - Nordhavn;2019K3;4499
Østerbro - Nordhavn;2019K4;4607
Østerbro - Nordhavn;2020K1;4682
Østerbro - Nordhavn;2020K2;4914
Østerbro - Nordhavn;2020K3;5012
Østerbro - Nordhavn;2020K4;5127
Østerbro - Nordhavn;2021K1;5174
Østerbro - Nordhavn;2021K2;5220
Østerbro - Nordhavn;2021K3;5236
Østerbro - Nordhavn;2021K4;5320
Østerbro - Nordhavn;2022K1;5359
Østerbro - Nordhavn;2022K2;5553
Østerbro - Nordhavn;2022K3;5644
Østerbro - Nordhavn;2022K4;5786
Østerbro - Nordhavn;2023K1;5759
Østerbro - Nordhavn;2023K2;5800
Østerbro - Nordhavn;2023K3;5850
Østerbro - Nordhavn;2023K4;5971
Østerbro - Nordhavn;2024K1;6220
Østerbro - Nordhavn;2024K2;6304
Østerbro - Nordhavn;2024K3;6285
Østerbro - Nordhavn;2024K4;6422
Østerbro - Nordhavn;2025K1;6442
Østerbro - Lyngbyvej Vest;1974K1;3519
Østerbro - Lyngbyvej Vest;1975K1;3510
Østerbro - Lyngbyvej Vest;1976K1;3401
Østerbro - Lyngbyvej Vest;1977K1;3347
Østerbro - Lyngbyvej Vest;1978K1;3246
Østerbro - Lyngbyvej Vest;1979K1;3180
Østerbro - Lyngbyvej Vest;1980K1;3310
Østerbro - Lyngbyvej Vest;1981K1;3259
Østerbro - Lyngbyvej Vest;1982K1;3304
Østerbro - Lyngbyvej Vest;1983K1;3457
Østerbro - Lyngbyvej Vest;1984K1;3462
Østerbro - Lyngbyvej Vest;1985K1;3469
Østerbro - Lyngbyvej Vest;1986K1;3469
Østerbro - Lyngbyvej Vest;1987K1;3401
Østerbro - Lyngbyvej Vest;1988K1;3377
Østerbro - Lyngbyvej Vest;1989K1;3380
Østerbro - Lyngbyvej Vest;1990K1;3372
Østerbro - Lyngbyvej Vest;1991K1;4271
Østerbro - Lyngbyvej Vest;1992K1;4265
Østerbro - Lyngbyvej Vest;1993K1;4352
Østerbro - Lyngbyvej Vest;1994K1;4392
Østerbro - Lyngbyvej Vest;1995K1;4358
Østerbro - Lyngbyvej Vest;1996K1;4346
Østerbro - Lyngbyvej Vest;1997K1;4413
Østerbro - Lyngbyvej Vest;1998K1;4402
Østerbro - Lyngbyvej Vest;1999K1;4450
Østerbro - Lyngbyvej Vest;2000K1;4480
Østerbro - Lyngbyvej Vest;2001K1;4425
Østerbro - Lyngbyvej Vest;2002K1;4403
Østerbro - Lyngbyvej Vest;2002K2;4402
Østerbro - Lyngbyvej Vest;2002K3;4404
Østerbro - Lyngbyvej Vest;2002K4;4441
Østerbro - Lyngbyvej Vest;2003K1;4478
Østerbro - Lyngbyvej Vest;2003K2;4473
Østerbro - Lyngbyvej Vest;2003K3;4472
Østerbro - Lyngbyvej Vest;2003K4;4513
Østerbro - Lyngbyvej Vest;2004K1;4517
Østerbro - Lyngbyvej Vest;2004K2;4514
Østerbro - Lyngbyvej Vest;2004K3;4513
Østerbro - Lyngbyvej Vest;2004K4;4473
Østerbro - Lyngbyvej Vest;2005K1;4471
Østerbro - Lyngbyvej Vest;2005K2;4485
Østerbro - Lyngbyvej Vest;2005K3;4454
Østerbro - Lyngbyvej Vest;2005K4;4418
Østerbro - Lyngbyvej Vest;2006K1;4457
Østerbro - Lyngbyvej Vest;2006K2;4429
Østerbro - Lyngbyvej Vest;2006K3;4390
Østerbro - Lyngbyvej Vest;2006K4;4393
Østerbro - Lyngbyvej Vest;2007K1;4356
Østerbro - Lyngbyvej Vest;2007K2;4415
Østerbro - Lyngbyvej Vest;2007K3;4362
Østerbro - Lyngbyvej Vest;2007K4;4412
Østerbro - Lyngbyvej Vest;2008K1;4381
Østerbro - Lyngbyvej Vest;2008K2;4385
Østerbro - Lyngbyvej Vest;2008K3;4335
Østerbro - Lyngbyvej Vest;2008K4;4371
Østerbro - Lyngbyvej Vest;2009K1;4431
Østerbro - Lyngbyvej Vest;2009K2;4462
Østerbro - Lyngbyvej Vest;2009K3;4471
Østerbro - Lyngbyvej Vest;2009K4;4475
Østerbro - Lyngbyvej Vest;2010K1;4469
Østerbro - Lyngbyvej Vest;2010K2;4514
Østerbro - Lyngbyvej Vest;2010K3;4513
Østerbro - Lyngbyvej Vest;2010K4;4540
Østerbro - Lyngbyvej Vest;2011K1;4564
Østerbro - Lyngbyvej Vest;2011K2;4580
Østerbro - Lyngbyvej Vest;2011K3;4622
Østerbro - Lyngbyvej Vest;2011K4;4666
Østerbro - Lyngbyvej Vest;2012K1;4689
Østerbro - Lyngbyvej Vest;2012K2;4741
Østerbro - Lyngbyvej Vest;2012K3;4766
Østerbro - Lyngbyvej Vest;2012K4;4817
Østerbro - Lyngbyvej Vest;2013K1;4832
Østerbro - Lyngbyvej Vest;2013K2;4858
Østerbro - Lyngbyvej Vest;2013K3;4840
Østerbro - Lyngbyvej Vest;2013K4;4851
Østerbro - Lyngbyvej Vest;2014K1;4853
Østerbro - Lyngbyvej Vest;2014K2;4875
Østerbro - Lyngbyvej Vest;2014K3;4839
Østerbro - Lyngbyvej Vest;2014K4;4882
Østerbro - Lyngbyvej Vest;2015K1;4879
Østerbro - Lyngbyvej Vest;2015K2;4867
Østerbro - Lyngbyvej Vest;2015K3;4889
Østerbro - Lyngbyvej Vest;2015K4;4911
Østerbro - Lyngbyvej Vest;2016K1;4936
Østerbro - Lyngbyvej Vest;2016K2;4984
Østerbro - Lyngbyvej Vest;2016K3;4964
Østerbro - Lyngbyvej Vest;2016K4;4956
Østerbro - Lyngbyvej Vest;2017K1;4930
Østerbro - Lyngbyvej Vest;2017K2;4965
Østerbro - Lyngbyvej Vest;2017K3;4963
Østerbro - Lyngbyvej Vest;2017K4;5007
Østerbro - Lyngbyvej Vest;2018K1;4984
Østerbro - Lyngbyvej Vest;2018K2;4995
Østerbro - Lyngbyvej Vest;2018K3;4982
Østerbro - Lyngbyvej Vest;2018K4;5016
Østerbro - Lyngbyvej Vest;2019K1;5017
Østerbro - Lyngbyvej Vest;2019K2;5000
Østerbro - Lyngbyvej Vest;2019K3;4978
Østerbro - Lyngbyvej Vest;2019K4;5021
Østerbro - Lyngbyvej Vest;2020K1;5110
Østerbro - Lyngbyvej Vest;2020K2;5068
Østerbro - Lyngbyvej Vest;2020K3;5079
Østerbro - Lyngbyvej Vest;2020K4;5039
Østerbro - Lyngbyvej Vest;2021K1;5052
Østerbro - Lyngbyvej Vest;2021K2;5156
Østerbro - Lyngbyvej Vest;2021K3;5185
Østerbro - Lyngbyvej Vest;2021K4;5312
Østerbro - Lyngbyvej Vest;2022K1;5377
Østerbro - Lyngbyvej Vest;2022K2;5397
Østerbro - Lyngbyvej Vest;2022K3;5406
Østerbro - Lyngbyvej Vest;2022K4;5474
Østerbro - Lyngbyvej Vest;2023K1;5459
Østerbro - Lyngbyvej Vest;2023K2;5425
Østerbro - Lyngbyvej Vest;2023K3;5466
Østerbro - Lyngbyvej Vest;2023K4;5483
Østerbro - Lyngbyvej Vest;2024K1;5498
Østerbro - Lyngbyvej Vest;2024K2;5477
Østerbro - Lyngbyvej Vest;2024K3;5403
Østerbro - Lyngbyvej Vest;2024K4;5397
Østerbro - Lyngbyvej Vest;2025K1;5361
Østerbro - Lyngbyvej Øst/Klimakvarteret;1974K1;7970
Østerbro - Lyngbyvej Øst/Klimakvarteret;1975K1;6756
Østerbro - Lyngbyvej Øst/Klimakvarteret;1976K1;6633
Østerbro - Lyngbyvej Øst/Klimakvarteret;1977K1;6458
Østerbro - Lyngbyvej Øst/Klimakvarteret;1978K1;6377
Østerbro - Lyngbyvej Øst/Klimakvarteret;1979K1;6236
Østerbro - Lyngbyvej Øst/Klimakvarteret;1980K1;6217
Østerbro - Lyngbyvej Øst/Klimakvarteret;1981K1;6207
Østerbro - Lyngbyvej Øst/Klimakvarteret;1982K1;6111
Østerbro - Lyngbyvej Øst/Klimakvarteret;1983K1;6089
Østerbro - Lyngbyvej Øst/Klimakvarteret;1984K1;6075
Østerbro - Lyngbyvej Øst/Klimakvarteret;1985K1;5942
Østerbro - Lyngbyvej Øst/Klimakvarteret;1986K1;5898
Østerbro - Lyngbyvej Øst/Klimakvarteret;1987K1;5910
Østerbro - Lyngbyvej Øst/Klimakvarteret;1988K1;5842
Østerbro - Lyngbyvej Øst/Klimakvarteret;1989K1;5873
Østerbro - Lyngbyvej Øst/Klimakvarteret;1990K1;5846
Østerbro - Lyngbyvej Øst/Klimakvarteret;1991K1;5849
Østerbro - Lyngbyvej Øst/Klimakvarteret;1992K1;5876
Østerbro - Lyngbyvej Øst/Klimakvarteret;1993K1;5882
Østerbro - Lyngbyvej Øst/Klimakvarteret;1994K1;5951
Østerbro - Lyngbyvej Øst/Klimakvarteret;1995K1;6013
Østerbro - Lyngbyvej Øst/Klimakvarteret;1996K1;5966
Østerbro - Lyngbyvej Øst/Klimakvarteret;1997K1;6068
Østerbro - Lyngbyvej Øst/Klimakvarteret;1998K1;6046
Østerbro - Lyngbyvej Øst/Klimakvarteret;1999K1;6137
Østerbro - Lyngbyvej Øst/Klimakvarteret;2000K1;6048
Østerbro - Lyngbyvej Øst/Klimakvarteret;2001K1;6088
Østerbro - Lyngbyvej Øst/Klimakvarteret;2002K1;6000
Østerbro - Lyngbyvej Øst/Klimakvarteret;2002K2;6030
Østerbro - Lyngbyvej Øst/Klimakvarteret;2002K3;6007
Østerbro - Lyngbyvej Øst/Klimakvarteret;2002K4;6085
Østerbro - Lyngbyvej Øst/Klimakvarteret;2003K1;6075
Østerbro - Lyngbyvej Øst/Klimakvarteret;2003K2;6119
Østerbro - Lyngbyvej Øst/Klimakvarteret;2003K3;6113
Østerbro - Lyngbyvej Øst/Klimakvarteret;2003K4;6134
Østerbro - Lyngbyvej Øst/Klimakvarteret;2004K1;6135
Østerbro - Lyngbyvej Øst/Klimakvarteret;2004K2;6145
Østerbro - Lyngbyvej Øst/Klimakvarteret;2004K3;6123
Østerbro - Lyngbyvej Øst/Klimakvarteret;2004K4;6166
Østerbro - Lyngbyvej Øst/Klimakvarteret;2005K1;6144
Østerbro - Lyngbyvej Øst/Klimakvarteret;2005K2;6140
Østerbro - Lyngbyvej Øst/Klimakvarteret;2005K3;6076
Østerbro - Lyngbyvej Øst/Klimakvarteret;2005K4;6096
Østerbro - Lyngbyvej Øst/Klimakvarteret;2006K1;6049
Østerbro - Lyngbyvej Øst/Klimakvarteret;2006K2;6044
Østerbro - Lyngbyvej Øst/Klimakvarteret;2006K3;6007
Østerbro - Lyngbyvej Øst/Klimakvarteret;2006K4;5997
Østerbro - Lyngbyvej Øst/Klimakvarteret;2007K1;6018
Østerbro - Lyngbyvej Øst/Klimakvarteret;2007K2;6088
Østerbro - Lyngbyvej Øst/Klimakvarteret;2007K3;6080
Østerbro - Lyngbyvej Øst/Klimakvarteret;2007K4;6117
Østerbro - Lyngbyvej Øst/Klimakvarteret;2008K1;6117
Østerbro - Lyngbyvej Øst/Klimakvarteret;2008K2;6180
Østerbro - Lyngbyvej Øst/Klimakvarteret;2008K3;6188
Østerbro - Lyngbyvej Øst/Klimakvarteret;2008K4;6238
Østerbro - Lyngbyvej Øst/Klimakvarteret;2009K1;6264
Østerbro - Lyngbyvej Øst/Klimakvarteret;2009K2;6303
Østerbro - Lyngbyvej Øst/Klimakvarteret;2009K3;6284
Østerbro - Lyngbyvej Øst/Klimakvarteret;2009K4;6342
Østerbro - Lyngbyvej Øst/Klimakvarteret;2010K1;6369
Østerbro - Lyngbyvej Øst/Klimakvarteret;2010K2;6430
Østerbro - Lyngbyvej Øst/Klimakvarteret;2010K3;6382
Østerbro - Lyngbyvej Øst/Klimakvarteret;2010K4;6422
Østerbro - Lyngbyvej Øst/Klimakvarteret;2011K1;6448
Østerbro - Lyngbyvej Øst/Klimakvarteret;2011K2;6406
Østerbro - Lyngbyvej Øst/Klimakvarteret;2011K3;6467
Østerbro - Lyngbyvej Øst/Klimakvarteret;2011K4;6539
Østerbro - Lyngbyvej Øst/Klimakvarteret;2012K1;6583
Østerbro - Lyngbyvej Øst/Klimakvarteret;2012K2;6614
Østerbro - Lyngbyvej Øst/Klimakvarteret;2012K3;6680
Østerbro - Lyngbyvej Øst/Klimakvarteret;2012K4;6726
Østerbro - Lyngbyvej Øst/Klimakvarteret;2013K1;6759
Østerbro - Lyngbyvej Øst/Klimakvarteret;2013K2;6778
Østerbro - Lyngbyvej Øst/Klimakvarteret;2013K3;6767
Østerbro - Lyngbyvej Øst/Klimakvarteret;2013K4;6798
Østerbro - Lyngbyvej Øst/Klimakvarteret;2014K1;6833
Østerbro - Lyngbyvej Øst/Klimakvarteret;2014K2;6904
Østerbro - Lyngbyvej Øst/Klimakvarteret;2014K3;6906
Østerbro - Lyngbyvej Øst/Klimakvarteret;2014K4;7013
Østerbro - Lyngbyvej Øst/Klimakvarteret;2015K1;7019
Østerbro - Lyngbyvej Øst/Klimakvarteret;2015K2;7060
Østerbro - Lyngbyvej Øst/Klimakvarteret;2015K3;7061
Østerbro - Lyngbyvej Øst/Klimakvarteret;2015K4;7180
Østerbro - Lyngbyvej Øst/Klimakvarteret;2016K1;7174
Østerbro - Lyngbyvej Øst/Klimakvarteret;2016K2;7141
Østerbro - Lyngbyvej Øst/Klimakvarteret;2016K3;7128
Østerbro - Lyngbyvej Øst/Klimakvarteret;2016K4;7212
Østerbro - Lyngbyvej Øst/Klimakvarteret;2017K1;7214
Østerbro - Lyngbyvej Øst/Klimakvarteret;2017K2;7174
Østerbro - Lyngbyvej Øst/Klimakvarteret;2017K3;7219
Østerbro - Lyngbyvej Øst/Klimakvarteret;2017K4;7233
Østerbro - Lyngbyvej Øst/Klimakvarteret;2018K1;7273
Østerbro - Lyngbyvej Øst/Klimakvarteret;2018K2;7239
Østerbro - Lyngbyvej Øst/Klimakvarteret;2018K3;7208
Østerbro - Lyngbyvej Øst/Klimakvarteret;2018K4;7212
Østerbro - Lyngbyvej Øst/Klimakvarteret;2019K1;7219
Østerbro - Lyngbyvej Øst/Klimakvarteret;2019K2;7183
Østerbro - Lyngbyvej Øst/Klimakvarteret;2019K3;7155
Østerbro - Lyngbyvej Øst/Klimakvarteret;2019K4;7296
Østerbro - Lyngbyvej Øst/Klimakvarteret;2020K1;7251
Østerbro - Lyngbyvej Øst/Klimakvarteret;2020K2;7275
Østerbro - Lyngbyvej Øst/Klimakvarteret;2020K3;7327
Østerbro - Lyngbyvej Øst/Klimakvarteret;2020K4;7348
Østerbro - Lyngbyvej Øst/Klimakvarteret;2021K1;7343
Østerbro - Lyngbyvej Øst/Klimakvarteret;2021K2;7304
Østerbro - Lyngbyvej Øst/Klimakvarteret;2021K3;7291
Østerbro - Lyngbyvej Øst/Klimakvarteret;2021K4;7231
Østerbro - Lyngbyvej Øst/Klimakvarteret;2022K1;7197
Østerbro - Lyngbyvej Øst/Klimakvarteret;2022K2;7210
Østerbro - Lyngbyvej Øst/Klimakvarteret;2022K3;7223
Østerbro - Lyngbyvej Øst/Klimakvarteret;2022K4;7241
Østerbro - Lyngbyvej Øst/Klimakvarteret;2023K1;7269
Østerbro - Lyngbyvej Øst/Klimakvarteret;2023K2;7300
Østerbro - Lyngbyvej Øst/Klimakvarteret;2023K3;7245
Østerbro - Lyngbyvej Øst/Klimakvarteret;2023K4;7292
Østerbro - Lyngbyvej Øst/Klimakvarteret;2024K1;7292
Østerbro - Lyngbyvej Øst/Klimakvarteret;2024K2;7354
Østerbro - Lyngbyvej Øst/Klimakvarteret;2024K3;7321
Østerbro - Lyngbyvej Øst/Klimakvarteret;2024K4;7361
Østerbro - Lyngbyvej Øst/Klimakvarteret;2025K1;7331
Østerbro - Fælled;1974K1;10094
Østerbro - Fælled;1975K1;9380
Østerbro - Fælled;1976K1;9110
Østerbro - Fælled;1977K1;8710
Østerbro - Fælled;1978K1;8403
Østerbro - Fælled;1979K1;8085
Østerbro - Fælled;1980K1;7967
Østerbro - Fælled;1981K1;7897
Østerbro - Fælled;1982K1;7722
Østerbro - Fælled;1983K1;7588
Østerbro - Fælled;1984K1;7476
Østerbro - Fælled;1985K1;7343
Østerbro - Fælled;1986K1;7104
Østerbro - Fælled;1987K1;6978
Østerbro - Fælled;1988K1;7008
Østerbro - Fælled;1989K1;6909
Østerbro - Fælled;1990K1;6941
Østerbro - Fælled;1991K1;6916
Østerbro - Fælled;1992K1;6741
Østerbro - Fælled;1993K1;6782
Østerbro - Fælled;1994K1;6967
Østerbro - Fælled;1995K1;7184
Østerbro - Fælled;1996K1;7875
Østerbro - Fælled;1997K1;8246
Østerbro - Fælled;1998K1;8219
Østerbro - Fælled;1999K1;8247
Østerbro - Fælled;2000K1;8322
Østerbro - Fælled;2001K1;8345
Østerbro - Fælled;2002K1;8328
Østerbro - Fælled;2002K2;8333
Østerbro - Fælled;2002K3;8294
Østerbro - Fælled;2002K4;8215
Østerbro - Fælled;2003K1;8247
Østerbro - Fælled;2003K2;8286
Østerbro - Fælled;2003K3;8267
Østerbro - Fælled;2003K4;8236
Østerbro - Fælled;2004K1;8244
Østerbro - Fælled;2004K2;8293
Østerbro - Fælled;2004K3;8335
Østerbro - Fælled;2004K4;8341
Østerbro - Fælled;2005K1;8345
Østerbro - Fælled;2005K2;8333
Østerbro - Fælled;2005K3;8332
Østerbro - Fælled;2005K4;8295
Østerbro - Fælled;2006K1;8272
Østerbro - Fælled;2006K2;8218
Østerbro - Fælled;2006K3;8231
Østerbro - Fælled;2006K4;8262
Østerbro - Fælled;2007K1;8243
Østerbro - Fælled;2007K2;8230
Østerbro - Fælled;2007K3;8093
Østerbro - Fælled;2007K4;8152
Østerbro - Fælled;2008K1;8251
Østerbro - Fælled;2008K2;8238
Østerbro - Fælled;2008K3;8234
Østerbro - Fælled;2008K4;8279
Østerbro - Fælled;2009K1;8295
Østerbro - Fælled;2009K2;8310
Østerbro - Fælled;2009K3;8238
Østerbro - Fælled;2009K4;8372
Østerbro - Fælled;2010K1;8389
Østerbro - Fælled;2010K2;8437
Østerbro - Fælled;2010K3;8416
Østerbro - Fælled;2010K4;8465
Østerbro - Fælled;2011K1;8534
Østerbro - Fælled;2011K2;8577
Østerbro - Fælled;2011K3;8588
Østerbro - Fælled;2011K4;8677
Østerbro - Fælled;2012K1;8683
Østerbro - Fælled;2012K2;8722
Østerbro - Fælled;2012K3;8700
Østerbro - Fælled;2012K4;8811
Østerbro - Fælled;2013K1;8810
Østerbro - Fælled;2013K2;8812
Østerbro - Fælled;2013K3;8715
Østerbro - Fælled;2013K4;8731
Østerbro - Fælled;2014K1;8690
Østerbro - Fælled;2014K2;8680
Østerbro - Fælled;2014K3;8667
Østerbro - Fælled;2014K4;8694
Østerbro - Fælled;2015K1;8683
Østerbro - Fælled;2015K2;8705
Østerbro - Fælled;2015K3;8647
Østerbro - Fælled;2015K4;8744
Østerbro - Fælled;2016K1;8685
Østerbro - Fælled;2016K2;8731
Østerbro - Fælled;2016K3;8695
Østerbro - Fælled;2016K4;8730
Østerbro - Fælled;2017K1;8757
Østerbro - Fælled;2017K2;8726
Østerbro - Fælled;2017K3;8672
Østerbro - Fælled;2017K4;8699
Østerbro - Fælled;2018K1;8660
Østerbro - Fælled;2018K2;8660
Østerbro - Fælled;2018K3;8630
Østerbro - Fælled;2018K4;8593
Østerbro - Fælled;2019K1;8626
Østerbro - Fælled;2019K2;8568
Østerbro - Fælled;2019K3;8530
Østerbro - Fælled;2019K4;8544
Østerbro - Fælled;2020K1;8521
Østerbro - Fælled;2020K2;8490
Østerbro - Fælled;2020K3;8468
Østerbro - Fælled;2020K4;8437
Østerbro - Fælled;2021K1;8409
Østerbro - Fælled;2021K2;8387
Østerbro - Fælled;2021K3;8358
Østerbro - Fælled;2021K4;8357
Østerbro - Fælled;2022K1;8306
Østerbro - Fælled;2022K2;8337
Østerbro - Fælled;2022K3;8371
Østerbro - Fælled;2022K4;8390
Østerbro - Fælled;2023K1;8391
Østerbro - Fælled;2023K2;8388
Østerbro - Fælled;2023K3;8374
Østerbro - Fælled;2023K4;8453
Østerbro - Fælled;2024K1;8430
Østerbro - Fælled;2024K2;8413
Østerbro - Fælled;2024K3;8441
Østerbro - Fælled;2024K4;8436
Østerbro - Fælled;2025K1;8456
Nørrebro - Blågårdskvarteret/Assistens/Rantzausgade;1974K1;19904
Nørrebro - Blågårdskvarteret/Assistens/Rantzausgade;1975K1;18991
Nørrebro - Blågårdskvarteret/Assistens/Rantzausgade;1976K1;17410
Nørrebro - Blågårdskvarteret/Assistens/Rantzausgade;1977K1;16012
Nørrebro - Blågårdskvarteret/Assistens/Rantzausgade;1978K1;14641
Nørrebro - Blågårdskvarteret/Assistens/Rantzausgade;1979K1;14083
Nørrebro - Blågårdskvarteret/Assistens/Rantzausgade;1980K1;13738
Nørrebro - Blågårdskvarteret/Assistens/Rantzausgade;1981K1;12820
Nørrebro - Blågårdskvarteret/Assistens/Rantzausgade;1982K1;12439
Nørrebro - Blågårdskvarteret/Assistens/Rantzausgade;1983K1;12331
Nørrebro - Blågårdskvarteret/Assistens/Rantzausgade;1984K1;12446
Nørrebro - Blågårdskvarteret/Assistens/Rantzausgade;1985K1;12231
Nørrebro - Blågårdskvarteret/Assistens/Rantzausgade;1986K1;12471
Nørrebro - Blågårdskvarteret/Assistens/Rantzausgade;1987K1;12578
Nørrebro - Blågårdskvarteret/Assistens/Rantzausgade;1988K1;12471
Nørrebro - Blågårdskvarteret/Assistens/Rantzausgade;1989K1;12910
Nørrebro - Blågårdskvarteret/Assistens/Rantzausgade;1990K1;12904
Nørrebro - Blågårdskvarteret/Assistens/Rantzausgade;1991K1;13022
Nørrebro - Blågårdskvarteret/Assistens/Rantzausgade;1992K1;12871
Nørrebro - Blågårdskvarteret/Assistens/Rantzausgade;1993K1;13093
Nørrebro - Blågårdskvarteret/Assistens/Rantzausgade;1994K1;13306
Nørrebro - Blågårdskvarteret/Assistens/Rantzausgade;1995K1;13413
Nørrebro - Blågårdskvarteret/Assistens/Rantzausgade;1996K1;13517
Nørrebro - Blågårdskvarteret/Assistens/Rantzausgade;1997K1;13574
Nørrebro - Blågårdskvarteret/Assistens/Rantzausgade;1998K1;13698
Nørrebro - Blågårdskvarteret/Assistens/Rantzausgade;1999K1;14048
Nørrebro - Blågårdskvarteret/Assistens/Rantzausgade;2000K1;14170
Nørrebro - Blågårdskvarteret/Assistens/Rantzausgade;2001K1;14331
Nørrebro - Blågårdskvarteret/Assistens/Rantzausgade;2002K1;14405
Nørrebro - Blågårdskvarteret/Assistens/Rantzausgade;2002K2;14415
Nørrebro - Blågårdskvarteret/Assistens/Rantzausgade;2002K3;14392
Nørrebro - Blågårdskvarteret/Assistens/Rantzausgade;2002K4;14360
Nørrebro - Blågårdskvarteret/Assistens/Rantzausgade;2003K1;14251
Nørrebro - Blågårdskvarteret/Assistens/Rantzausgade;2003K2;14318
Nørrebro - Blågårdskvarteret/Assistens/Rantzausgade;2003K3;14217
Nørrebro - Blågårdskvarteret/Assistens/Rantzausgade;2003K4;14211
Nørrebro - Blågårdskvarteret/Assistens/Rantzausgade;2004K1;14158
Nørrebro - Blågårdskvarteret/Assistens/Rantzausgade;2004K2;14220
Nørrebro - Blågårdskvarteret/Assistens/Rantzausgade;2004K3;14110
Nørrebro - Blågårdskvarteret/Assistens/Rantzausgade;2004K4;14052
Nørrebro - Blågårdskvarteret/Assistens/Rantzausgade;2005K1;13972
Nørrebro - Blågårdskvarteret/Assistens/Rantzausgade;2005K2;13985
Nørrebro - Blågårdskvarteret/Assistens/Rantzausgade;2005K3;13882
Nørrebro - Blågårdskvarteret/Assistens/Rantzausgade;2005K4;13942
Nørrebro - Blågårdskvarteret/Assistens/Rantzausgade;2006K1;13854
Nørrebro - Blågårdskvarteret/Assistens/Rantzausgade;2006K2;13820
Nørrebro - Blågårdskvarteret/Assistens/Rantzausgade;2006K3;13859
Nørrebro - Blågårdskvarteret/Assistens/Rantzausgade;2006K4;13960
Nørrebro - Blågårdskvarteret/Assistens/Rantzausgade;2007K1;13898
Nørrebro - Blågårdskvarteret/Assistens/Rantzausgade;2007K2;13950
Nørrebro - Blågårdskvarteret/Assistens/Rantzausgade;2007K3;13896
Nørrebro - Blågårdskvarteret/Assistens/Rantzausgade;2007K4;13864
Nørrebro - Blågårdskvarteret/Assistens/Rantzausgade;2008K1;13842
Nørrebro - Blågårdskvarteret/Assistens/Rantzausgade;2008K2;13820
Nørrebro - Blågårdskvarteret/Assistens/Rantzausgade;2008K3;13794
Nørrebro - Blågårdskvarteret/Assistens/Rantzausgade;2008K4;13979
Nørrebro - Blågårdskvarteret/Assistens/Rantzausgade;2009K1;13998
Nørrebro - Blågårdskvarteret/Assistens/Rantzausgade;2009K2;14041
Nørrebro - Blågårdskvarteret/Assistens/Rantzausgade;2009K3;14031
Nørrebro - Blågårdskvarteret/Assistens/Rantzausgade;2009K4;14150
Nørrebro - Blågårdskvarteret/Assistens/Rantzausgade;2010K1;14031
Nørrebro - Blågårdskvarteret/Assistens/Rantzausgade;2010K2;14102
Nørrebro - Blågårdskvarteret/Assistens/Rantzausgade;2010K3;14151
Nørrebro - Blågårdskvarteret/Assistens/Rantzausgade;2010K4;14243
Nørrebro - Blågårdskvarteret/Assistens/Rantzausgade;2011K1;14311
Nørrebro - Blågårdskvarteret/Assistens/Rantzausgade;2011K2;14438
Nørrebro - Blågårdskvarteret/Assistens/Rantzausgade;2011K3;14401
Nørrebro - Blågårdskvarteret/Assistens/Rantzausgade;2011K4;14554
Nørrebro - Blågårdskvarteret/Assistens/Rantzausgade;2012K1;14503
Nørrebro - Blågårdskvarteret/Assistens/Rantzausgade;2012K2;14455
Nørrebro - Blågårdskvarteret/Assistens/Rantzausgade;2012K3;14537
Nørrebro - Blågårdskvarteret/Assistens/Rantzausgade;2012K4;14705
Nørrebro - Blågårdskvarteret/Assistens/Rantzausgade;2013K1;14669
Nørrebro - Blågårdskvarteret/Assistens/Rantzausgade;2013K2;14721
Nørrebro - Blågårdskvarteret/Assistens/Rantzausgade;2013K3;14680
Nørrebro - Blågårdskvarteret/Assistens/Rantzausgade;2013K4;14830
Nørrebro - Blågårdskvarteret/Assistens/Rantzausgade;2014K1;14862
Nørrebro - Blågårdskvarteret/Assistens/Rantzausgade;2014K2;14946
Nørrebro - Blågårdskvarteret/Assistens/Rantzausgade;2014K3;14920
Nørrebro - Blågårdskvarteret/Assistens/Rantzausgade;2014K4;15045
Nørrebro - Blågårdskvarteret/Assistens/Rantzausgade;2015K1;15015
Nørrebro - Blågårdskvarteret/Assistens/Rantzausgade;2015K2;15146
Nørrebro - Blågårdskvarteret/Assistens/Rantzausgade;2015K3;15080
Nørrebro - Blågårdskvarteret/Assistens/Rantzausgade;2015K4;15216
Nørrebro - Blågårdskvarteret/Assistens/Rantzausgade;2016K1;15198
Nørrebro - Blågårdskvarteret/Assistens/Rantzausgade;2016K2;15279
Nørrebro - Blågårdskvarteret/Assistens/Rantzausgade;2016K3;15209
Nørrebro - Blågårdskvarteret/Assistens/Rantzausgade;2016K4;15210
Nørrebro - Blågårdskvarteret/Assistens/Rantzausgade;2017K1;15152
Nørrebro - Blågårdskvarteret/Assistens/Rantzausgade;2017K2;15085
Nørrebro - Blågårdskvarteret/Assistens/Rantzausgade;2017K3;15022
Nørrebro - Blågårdskvarteret/Assistens/Rantzausgade;2017K4;15098
Nørrebro - Blågårdskvarteret/Assistens/Rantzausgade;2018K1;15082
Nørrebro - Blågårdskvarteret/Assistens/Rantzausgade;2018K2;15114
Nørrebro - Blågårdskvarteret/Assistens/Rantzausgade;2018K3;15129
Nørrebro - Blågårdskvarteret/Assistens/Rantzausgade;2018K4;15172
Nørrebro - Blågårdskvarteret/Assistens/Rantzausgade;2019K1;15138
Nørrebro - Blågårdskvarteret/Assistens/Rantzausgade;2019K2;15130
Nørrebro - Blågårdskvarteret/Assistens/Rantzausgade;2019K3;15024
Nørrebro - Blågårdskvarteret/Assistens/Rantzausgade;2019K4;15085
Nørrebro - Blågårdskvarteret/Assistens/Rantzausgade;2020K1;14884
Nørrebro - Blågårdskvarteret/Assistens/Rantzausgade;2020K2;14882
Nørrebro - Blågårdskvarteret/Assistens/Rantzausgade;2020K3;14877
Nørrebro - Blågårdskvarteret/Assistens/Rantzausgade;2020K4;14912
Nørrebro - Blågårdskvarteret/Assistens/Rantzausgade;2021K1;14785
Nørrebro - Blågårdskvarteret/Assistens/Rantzausgade;2021K2;14740
Nørrebro - Blågårdskvarteret/Assistens/Rantzausgade;2021K3;14697
Nørrebro - Blågårdskvarteret/Assistens/Rantzausgade;2021K4;14779
Nørrebro - Blågårdskvarteret/Assistens/Rantzausgade;2022K1;14722
Nørrebro - Blågårdskvarteret/Assistens/Rantzausgade;2022K2;14742
Nørrebro - Blågårdskvarteret/Assistens/Rantzausgade;2022K3;14736
Nørrebro - Blågårdskvarteret/Assistens/Rantzausgade;2022K4;14739
Nørrebro - Blågårdskvarteret/Assistens/Rantzausgade;2023K1;14793
Nørrebro - Blågårdskvarteret/Assistens/Rantzausgade;2023K2;14798
Nørrebro - Blågårdskvarteret/Assistens/Rantzausgade;2023K3;14790
Nørrebro - Blågårdskvarteret/Assistens/Rantzausgade;2023K4;14821
Nørrebro - Blågårdskvarteret/Assistens/Rantzausgade;2024K1;14787
Nørrebro - Blågårdskvarteret/Assistens/Rantzausgade;2024K2;14865
Nørrebro - Blågårdskvarteret/Assistens/Rantzausgade;2024K3;14828
Nørrebro - Blågårdskvarteret/Assistens/Rantzausgade;2024K4;14810
Nørrebro - Blågårdskvarteret/Assistens/Rantzausgade;2025K1;14785
Nørrebro - Guldbergskvarteret/Panum/Ravnsborggade;1974K1;23388
Nørrebro - Guldbergskvarteret/Panum/Ravnsborggade;1975K1;22720
Nørrebro - Guldbergskvarteret/Panum/Ravnsborggade;1976K1;21859
Nørrebro - Guldbergskvarteret/Panum/Ravnsborggade;1977K1;21072
Nørrebro - Guldbergskvarteret/Panum/Ravnsborggade;1978K1;20375
Nørrebro - Guldbergskvarteret/Panum/Ravnsborggade;1979K1;19664
Nørrebro - Guldbergskvarteret/Panum/Ravnsborggade;1980K1;19354
Nørrebro - Guldbergskvarteret/Panum/Ravnsborggade;1981K1;18976
Nørrebro - Guldbergskvarteret/Panum/Ravnsborggade;1982K1;19007
Nørrebro - Guldbergskvarteret/Panum/Ravnsborggade;1983K1;18699
Nørrebro - Guldbergskvarteret/Panum/Ravnsborggade;1984K1;18539
Nørrebro - Guldbergskvarteret/Panum/Ravnsborggade;1985K1;18040
Nørrebro - Guldbergskvarteret/Panum/Ravnsborggade;1986K1;17497
Nørrebro - Guldbergskvarteret/Panum/Ravnsborggade;1987K1;17289
Nørrebro - Guldbergskvarteret/Panum/Ravnsborggade;1988K1;17238
Nørrebro - Guldbergskvarteret/Panum/Ravnsborggade;1989K1;17069
Nørrebro - Guldbergskvarteret/Panum/Ravnsborggade;1990K1;16879
Nørrebro - Guldbergskvarteret/Panum/Ravnsborggade;1991K1;16584
Nørrebro - Guldbergskvarteret/Panum/Ravnsborggade;1992K1;16736
Nørrebro - Guldbergskvarteret/Panum/Ravnsborggade;1993K1;16632
Nørrebro - Guldbergskvarteret/Panum/Ravnsborggade;1994K1;16756
Nørrebro - Guldbergskvarteret/Panum/Ravnsborggade;1995K1;16933
Nørrebro - Guldbergskvarteret/Panum/Ravnsborggade;1996K1;17345
Nørrebro - Guldbergskvarteret/Panum/Ravnsborggade;1997K1;17543
Nørrebro - Guldbergskvarteret/Panum/Ravnsborggade;1998K1;17491
Nørrebro - Guldbergskvarteret/Panum/Ravnsborggade;1999K1;17710
Nørrebro - Guldbergskvarteret/Panum/Ravnsborggade;2000K1;17850
Nørrebro - Guldbergskvarteret/Panum/Ravnsborggade;2001K1;17890
Nørrebro - Guldbergskvarteret/Panum/Ravnsborggade;2002K1;17791
Nørrebro - Guldbergskvarteret/Panum/Ravnsborggade;2002K2;17816
Nørrebro - Guldbergskvarteret/Panum/Ravnsborggade;2002K3;17769
Nørrebro - Guldbergskvarteret/Panum/Ravnsborggade;2002K4;17868
Nørrebro - Guldbergskvarteret/Panum/Ravnsborggade;2003K1;17850
Nørrebro - Guldbergskvarteret/Panum/Ravnsborggade;2003K2;17907
Nørrebro - Guldbergskvarteret/Panum/Ravnsborggade;2003K3;17786
Nørrebro - Guldbergskvarteret/Panum/Ravnsborggade;2003K4;17886
Nørrebro - Guldbergskvarteret/Panum/Ravnsborggade;2004K1;17872
Nørrebro - Guldbergskvarteret/Panum/Ravnsborggade;2004K2;17807
Nørrebro - Guldbergskvarteret/Panum/Ravnsborggade;2004K3;17730
Nørrebro - Guldbergskvarteret/Panum/Ravnsborggade;2004K4;17783
Nørrebro - Guldbergskvarteret/Panum/Ravnsborggade;2005K1;17701
Nørrebro - Guldbergskvarteret/Panum/Ravnsborggade;2005K2;17675
Nørrebro - Guldbergskvarteret/Panum/Ravnsborggade;2005K3;17460
Nørrebro - Guldbergskvarteret/Panum/Ravnsborggade;2005K4;17375
Nørrebro - Guldbergskvarteret/Panum/Ravnsborggade;2006K1;17242
Nørrebro - Guldbergskvarteret/Panum/Ravnsborggade;2006K2;17253
Nørrebro - Guldbergskvarteret/Panum/Ravnsborggade;2006K3;17127
Nørrebro - Guldbergskvarteret/Panum/Ravnsborggade;2006K4;17208
Nørrebro - Guldbergskvarteret/Panum/Ravnsborggade;2007K1;17147
Nørrebro - Guldbergskvarteret/Panum/Ravnsborggade;2007K2;17167
Nørrebro - Guldbergskvarteret/Panum/Ravnsborggade;2007K3;17147
Nørrebro - Guldbergskvarteret/Panum/Ravnsborggade;2007K4;17354
Nørrebro - Guldbergskvarteret/Panum/Ravnsborggade;2008K1;17294
Nørrebro - Guldbergskvarteret/Panum/Ravnsborggade;2008K2;17231
Nørrebro - Guldbergskvarteret/Panum/Ravnsborggade;2008K3;17169
Nørrebro - Guldbergskvarteret/Panum/Ravnsborggade;2008K4;17342
Nørrebro - Guldbergskvarteret/Panum/Ravnsborggade;2009K1;17427
Nørrebro - Guldbergskvarteret/Panum/Ravnsborggade;2009K2;17564
Nørrebro - Guldbergskvarteret/Panum/Ravnsborggade;2009K3;17556
Nørrebro - Guldbergskvarteret/Panum/Ravnsborggade;2009K4;17772
Nørrebro - Guldbergskvarteret/Panum/Ravnsborggade;2010K1;17769
Nørrebro - Guldbergskvarteret/Panum/Ravnsborggade;2010K2;17731
Nørrebro - Guldbergskvarteret/Panum/Ravnsborggade;2010K3;17811
Nørrebro - Guldbergskvarteret/Panum/Ravnsborggade;2010K4;18021
Nørrebro - Guldbergskvarteret/Panum/Ravnsborggade;2011K1;18052
Nørrebro - Guldbergskvarteret/Panum/Ravnsborggade;2011K2;18201
Nørrebro - Guldbergskvarteret/Panum/Ravnsborggade;2011K3;18138
Nørrebro - Guldbergskvarteret/Panum/Ravnsborggade;2011K4;18216
Nørrebro - Guldbergskvarteret/Panum/Ravnsborggade;2012K1;18263
Nørrebro - Guldbergskvarteret/Panum/Ravnsborggade;2012K2;18409
Nørrebro - Guldbergskvarteret/Panum/Ravnsborggade;2012K3;18434
Nørrebro - Guldbergskvarteret/Panum/Ravnsborggade;2012K4;18687
Nørrebro - Guldbergskvarteret/Panum/Ravnsborggade;2013K1;18718
Nørrebro - Guldbergskvarteret/Panum/Ravnsborggade;2013K2;18581
Nørrebro - Guldbergskvarteret/Panum/Ravnsborggade;2013K3;18540
Nørrebro - Guldbergskvarteret/Panum/Ravnsborggade;2013K4;18813
Nørrebro - Guldbergskvarteret/Panum/Ravnsborggade;2014K1;18822
Nørrebro - Guldbergskvarteret/Panum/Ravnsborggade;2014K2;18845
Nørrebro - Guldbergskvarteret/Panum/Ravnsborggade;2014K3;19036
Nørrebro - Guldbergskvarteret/Panum/Ravnsborggade;2014K4;19327
Nørrebro - Guldbergskvarteret/Panum/Ravnsborggade;2015K1;19296
Nørrebro - Guldbergskvarteret/Panum/Ravnsborggade;2015K2;19419
Nørrebro - Guldbergskvarteret/Panum/Ravnsborggade;2015K3;19379
Nørrebro - Guldbergskvarteret/Panum/Ravnsborggade;2015K4;19539
Nørrebro - Guldbergskvarteret/Panum/Ravnsborggade;2016K1;19659
Nørrebro - Guldbergskvarteret/Panum/Ravnsborggade;2016K2;19555
Nørrebro - Guldbergskvarteret/Panum/Ravnsborggade;2016K3;19471
Nørrebro - Guldbergskvarteret/Panum/Ravnsborggade;2016K4;19704
Nørrebro - Guldbergskvarteret/Panum/Ravnsborggade;2017K1;19776
Nørrebro - Guldbergskvarteret/Panum/Ravnsborggade;2017K2;19746
Nørrebro - Guldbergskvarteret/Panum/Ravnsborggade;2017K3;19697
Nørrebro - Guldbergskvarteret/Panum/Ravnsborggade;2017K4;19793
Nørrebro - Guldbergskvarteret/Panum/Ravnsborggade;2018K1;19839
Nørrebro - Guldbergskvarteret/Panum/Ravnsborggade;2018K2;19790
Nørrebro - Guldbergskvarteret/Panum/Ravnsborggade;2018K3;19621
Nørrebro - Guldbergskvarteret/Panum/Ravnsborggade;2018K4;19700
Nørrebro - Guldbergskvarteret/Panum/Ravnsborggade;2019K1;19591
Nørrebro - Guldbergskvarteret/Panum/Ravnsborggade;2019K2;19619
Nørrebro - Guldbergskvarteret/Panum/Ravnsborggade;2019K3;19585
Nørrebro - Guldbergskvarteret/Panum/Ravnsborggade;2019K4;19693
Nørrebro - Guldbergskvarteret/Panum/Ravnsborggade;2020K1;19481
Nørrebro - Guldbergskvarteret/Panum/Ravnsborggade;2020K2;19232
Nørrebro - Guldbergskvarteret/Panum/Ravnsborggade;2020K3;19089
Nørrebro - Guldbergskvarteret/Panum/Ravnsborggade;2020K4;19162
Nørrebro - Guldbergskvarteret/Panum/Ravnsborggade;2021K1;19149
Nørrebro - Guldbergskvarteret/Panum/Ravnsborggade;2021K2;19112
Nørrebro - Guldbergskvarteret/Panum/Ravnsborggade;2021K3;18982
Nørrebro - Guldbergskvarteret/Panum/Ravnsborggade;2021K4;19043
Nørrebro - Guldbergskvarteret/Panum/Ravnsborggade;2022K1;19063
Nørrebro - Guldbergskvarteret/Panum/Ravnsborggade;2022K2;19014
Nørrebro - Guldbergskvarteret/Panum/Ravnsborggade;2022K3;19037
Nørrebro - Guldbergskvarteret/Panum/Ravnsborggade;2022K4;19100
Nørrebro - Guldbergskvarteret/Panum/Ravnsborggade;2023K1;19136
Nørrebro - Guldbergskvarteret/Panum/Ravnsborggade;2023K2;19273
Nørrebro - Guldbergskvarteret/Panum/Ravnsborggade;2023K3;19288
Nørrebro - Guldbergskvarteret/Panum/Ravnsborggade;2023K4;19567
Nørrebro - Guldbergskvarteret/Panum/Ravnsborggade;2024K1;19514
Nørrebro - Guldbergskvarteret/Panum/Ravnsborggade;2024K2;19565
Nørrebro - Guldbergskvarteret/Panum/Ravnsborggade;2024K3;19664
Nørrebro - Guldbergskvarteret/Panum/Ravnsborggade;2024K4;19743
Nørrebro - Guldbergskvarteret/Panum/Ravnsborggade;2025K1;19805
Nørrebro - Stefansgade/Nørrebroparken/Lundtoftegade;1974K1;20243
Nørrebro - Stefansgade/Nørrebroparken/Lundtoftegade;1975K1;19801
Nørrebro - Stefansgade/Nørrebroparken/Lundtoftegade;1976K1;19287
Nørrebro - Stefansgade/Nørrebroparken/Lundtoftegade;1977K1;18631
Nørrebro - Stefansgade/Nørrebroparken/Lundtoftegade;1978K1;18173
Nørrebro - Stefansgade/Nørrebroparken/Lundtoftegade;1979K1;17709
Nørrebro - Stefansgade/Nørrebroparken/Lundtoftegade;1980K1;17542
Nørrebro - Stefansgade/Nørrebroparken/Lundtoftegade;1981K1;17397
Nørrebro - Stefansgade/Nørrebroparken/Lundtoftegade;1982K1;17236
Nørrebro - Stefansgade/Nørrebroparken/Lundtoftegade;1983K1;17064
Nørrebro - Stefansgade/Nørrebroparken/Lundtoftegade;1984K1;16821
Nørrebro - Stefansgade/Nørrebroparken/Lundtoftegade;1985K1;16126
Nørrebro - Stefansgade/Nørrebroparken/Lundtoftegade;1986K1;16037
Nørrebro - Stefansgade/Nørrebroparken/Lundtoftegade;1987K1;15859
Nørrebro - Stefansgade/Nørrebroparken/Lundtoftegade;1988K1;16028
Nørrebro - Stefansgade/Nørrebroparken/Lundtoftegade;1989K1;15931
Nørrebro - Stefansgade/Nørrebroparken/Lundtoftegade;1990K1;15901
Nørrebro - Stefansgade/Nørrebroparken/Lundtoftegade;1991K1;15682
Nørrebro - Stefansgade/Nørrebroparken/Lundtoftegade;1992K1;15671
Nørrebro - Stefansgade/Nørrebroparken/Lundtoftegade;1993K1;15546
Nørrebro - Stefansgade/Nørrebroparken/Lundtoftegade;1994K1;15621
Nørrebro - Stefansgade/Nørrebroparken/Lundtoftegade;1995K1;15563
Nørrebro - Stefansgade/Nørrebroparken/Lundtoftegade;1996K1;15516
Nørrebro - Stefansgade/Nørrebroparken/Lundtoftegade;1997K1;15752
Nørrebro - Stefansgade/Nørrebroparken/Lundtoftegade;1998K1;15861
Nørrebro - Stefansgade/Nørrebroparken/Lundtoftegade;1999K1;15999
Nørrebro - Stefansgade/Nørrebroparken/Lundtoftegade;2000K1;16098
Nørrebro - Stefansgade/Nørrebroparken/Lundtoftegade;2001K1;16146
Nørrebro - Stefansgade/Nørrebroparken/Lundtoftegade;2002K1;16299
Nørrebro - Stefansgade/Nørrebroparken/Lundtoftegade;2002K2;16267
Nørrebro - Stefansgade/Nørrebroparken/Lundtoftegade;2002K3;16231
Nørrebro - Stefansgade/Nørrebroparken/Lundtoftegade;2002K4;16267
Nørrebro - Stefansgade/Nørrebroparken/Lundtoftegade;2003K1;16235
Nørrebro - Stefansgade/Nørrebroparken/Lundtoftegade;2003K2;16245
Nørrebro - Stefansgade/Nørrebroparken/Lundtoftegade;2003K3;16176
Nørrebro - Stefansgade/Nørrebroparken/Lundtoftegade;2003K4;16219
Nørrebro - Stefansgade/Nørrebroparken/Lundtoftegade;2004K1;16161
Nørrebro - Stefansgade/Nørrebroparken/Lundtoftegade;2004K2;16211
Nørrebro - Stefansgade/Nørrebroparken/Lundtoftegade;2004K3;16132
Nørrebro - Stefansgade/Nørrebroparken/Lundtoftegade;2004K4;16145
Nørrebro - Stefansgade/Nørrebroparken/Lundtoftegade;2005K1;16128
Nørrebro - Stefansgade/Nørrebroparken/Lundtoftegade;2005K2;16094
Nørrebro - Stefansgade/Nørrebroparken/Lundtoftegade;2005K3;15923
Nørrebro - Stefansgade/Nørrebroparken/Lundtoftegade;2005K4;15859
Nørrebro - Stefansgade/Nørrebroparken/Lundtoftegade;2006K1;15739
Nørrebro - Stefansgade/Nørrebroparken/Lundtoftegade;2006K2;15747
Nørrebro - Stefansgade/Nørrebroparken/Lundtoftegade;2006K3;15611
Nørrebro - Stefansgade/Nørrebroparken/Lundtoftegade;2006K4;15631
Nørrebro - Stefansgade/Nørrebroparken/Lundtoftegade;2007K1;15568
Nørrebro - Stefansgade/Nørrebroparken/Lundtoftegade;2007K2;15636
Nørrebro - Stefansgade/Nørrebroparken/Lundtoftegade;2007K3;15537
Nørrebro - Stefansgade/Nørrebroparken/Lundtoftegade;2007K4;15643
Nørrebro - Stefansgade/Nørrebroparken/Lundtoftegade;2008K1;15655
Nørrebro - Stefansgade/Nørrebroparken/Lundtoftegade;2008K2;15648
Nørrebro - Stefansgade/Nørrebroparken/Lundtoftegade;2008K3;15557
Nørrebro - Stefansgade/Nørrebroparken/Lundtoftegade;2008K4;15690
Nørrebro - Stefansgade/Nørrebroparken/Lundtoftegade;2009K1;15695
Nørrebro - Stefansgade/Nørrebroparken/Lundtoftegade;2009K2;15753
Nørrebro - Stefansgade/Nørrebroparken/Lundtoftegade;2009K3;15822
Nørrebro - Stefansgade/Nørrebroparken/Lundtoftegade;2009K4;16003
Nørrebro - Stefansgade/Nørrebroparken/Lundtoftegade;2010K1;15967
Nørrebro - Stefansgade/Nørrebroparken/Lundtoftegade;2010K2;16030
Nørrebro - Stefansgade/Nørrebroparken/Lundtoftegade;2010K3;16040
Nørrebro - Stefansgade/Nørrebroparken/Lundtoftegade;2010K4;16267
Nørrebro - Stefansgade/Nørrebroparken/Lundtoftegade;2011K1;16313
Nørrebro - Stefansgade/Nørrebroparken/Lundtoftegade;2011K2;16425
Nørrebro - Stefansgade/Nørrebroparken/Lundtoftegade;2011K3;16394
Nørrebro - Stefansgade/Nørrebroparken/Lundtoftegade;2011K4;16703
Nørrebro - Stefansgade/Nørrebroparken/Lundtoftegade;2012K1;16822
Nørrebro - Stefansgade/Nørrebroparken/Lundtoftegade;2012K2;16955
Nørrebro - Stefansgade/Nørrebroparken/Lundtoftegade;2012K3;16919
Nørrebro - Stefansgade/Nørrebroparken/Lundtoftegade;2012K4;17054
Nørrebro - Stefansgade/Nørrebroparken/Lundtoftegade;2013K1;17004
Nørrebro - Stefansgade/Nørrebroparken/Lundtoftegade;2013K2;17065
Nørrebro - Stefansgade/Nørrebroparken/Lundtoftegade;2013K3;17116
Nørrebro - Stefansgade/Nørrebroparken/Lundtoftegade;2013K4;17301
Nørrebro - Stefansgade/Nørrebroparken/Lundtoftegade;2014K1;17330
Nørrebro - Stefansgade/Nørrebroparken/Lundtoftegade;2014K2;17351
Nørrebro - Stefansgade/Nørrebroparken/Lundtoftegade;2014K3;17288
Nørrebro - Stefansgade/Nørrebroparken/Lundtoftegade;2014K4;17497
Nørrebro - Stefansgade/Nørrebroparken/Lundtoftegade;2015K1;17448
Nørrebro - Stefansgade/Nørrebroparken/Lundtoftegade;2015K2;17576
Nørrebro - Stefansgade/Nørrebroparken/Lundtoftegade;2015K3;17534
Nørrebro - Stefansgade/Nørrebroparken/Lundtoftegade;2015K4;17688
Nørrebro - Stefansgade/Nørrebroparken/Lundtoftegade;2016K1;17724
Nørrebro - Stefansgade/Nørrebroparken/Lundtoftegade;2016K2;17757
Nørrebro - Stefansgade/Nørrebroparken/Lundtoftegade;2016K3;17713
Nørrebro - Stefansgade/Nørrebroparken/Lundtoftegade;2016K4;17798
Nørrebro - Stefansgade/Nørrebroparken/Lundtoftegade;2017K1;17798
Nørrebro - Stefansgade/Nørrebroparken/Lundtoftegade;2017K2;17908
Nørrebro - Stefansgade/Nørrebroparken/Lundtoftegade;2017K3;17895
Nørrebro - Stefansgade/Nørrebroparken/Lundtoftegade;2017K4;18190
Nørrebro - Stefansgade/Nørrebroparken/Lundtoftegade;2018K1;18145
Nørrebro - Stefansgade/Nørrebroparken/Lundtoftegade;2018K2;18123
Nørrebro - Stefansgade/Nørrebroparken/Lundtoftegade;2018K3;18082
Nørrebro - Stefansgade/Nørrebroparken/Lundtoftegade;2018K4;18176
Nørrebro - Stefansgade/Nørrebroparken/Lundtoftegade;2019K1;18199
Nørrebro - Stefansgade/Nørrebroparken/Lundtoftegade;2019K2;18144
Nørrebro - Stefansgade/Nørrebroparken/Lundtoftegade;2019K3;18019
Nørrebro - Stefansgade/Nørrebroparken/Lundtoftegade;2019K4;18061
Nørrebro - Stefansgade/Nørrebroparken/Lundtoftegade;2020K1;18026
Nørrebro - Stefansgade/Nørrebroparken/Lundtoftegade;2020K2;18000
Nørrebro - Stefansgade/Nørrebroparken/Lundtoftegade;2020K3;17899
Nørrebro - Stefansgade/Nørrebroparken/Lundtoftegade;2020K4;17862
Nørrebro - Stefansgade/Nørrebroparken/Lundtoftegade;2021K1;17749
Nørrebro - Stefansgade/Nørrebroparken/Lundtoftegade;2021K2;17613
Nørrebro - Stefansgade/Nørrebroparken/Lundtoftegade;2021K3;17536
Nørrebro - Stefansgade/Nørrebroparken/Lundtoftegade;2021K4;17496
Nørrebro - Stefansgade/Nørrebroparken/Lundtoftegade;2022K1;17492
Nørrebro - Stefansgade/Nørrebroparken/Lundtoftegade;2022K2;17488
Nørrebro - Stefansgade/Nørrebroparken/Lundtoftegade;2022K3;17538
Nørrebro - Stefansgade/Nørrebroparken/Lundtoftegade;2022K4;17624
Nørrebro - Stefansgade/Nørrebroparken/Lundtoftegade;2023K1;17612
Nørrebro - Stefansgade/Nørrebroparken/Lundtoftegade;2023K2;17681
Nørrebro - Stefansgade/Nørrebroparken/Lundtoftegade;2023K3;17694
Nørrebro - Stefansgade/Nørrebroparken/Lundtoftegade;2023K4;17715
Nørrebro - Stefansgade/Nørrebroparken/Lundtoftegade;2024K1;17635
Nørrebro - Stefansgade/Nørrebroparken/Lundtoftegade;2024K2;17670
Nørrebro - Stefansgade/Nørrebroparken/Lundtoftegade;2024K3;17649
Nørrebro - Stefansgade/Nørrebroparken/Lundtoftegade;2024K4;17759
Nørrebro - Stefansgade/Nørrebroparken/Lundtoftegade;2025K1;17825
Nørrebro - Mimersgade-kvarteret/ Nørrebro St.;1974K1;13284
Nørrebro - Mimersgade-kvarteret/ Nørrebro St.;1975K1;12949
Nørrebro - Mimersgade-kvarteret/ Nørrebro St.;1976K1;12795
Nørrebro - Mimersgade-kvarteret/ Nørrebro St.;1977K1;12516
Nørrebro - Mimersgade-kvarteret/ Nørrebro St.;1978K1;12374
Nørrebro - Mimersgade-kvarteret/ Nørrebro St.;1979K1;12449
Nørrebro - Mimersgade-kvarteret/ Nørrebro St.;1980K1;12474
Nørrebro - Mimersgade-kvarteret/ Nørrebro St.;1981K1;12406
Nørrebro - Mimersgade-kvarteret/ Nørrebro St.;1982K1;12137
Nørrebro - Mimersgade-kvarteret/ Nørrebro St.;1983K1;12045
Nørrebro - Mimersgade-kvarteret/ Nørrebro St.;1984K1;11640
Nørrebro - Mimersgade-kvarteret/ Nørrebro St.;1985K1;11990
Nørrebro - Mimersgade-kvarteret/ Nørrebro St.;1986K1;11971
Nørrebro - Mimersgade-kvarteret/ Nørrebro St.;1987K1;11858
Nørrebro - Mimersgade-kvarteret/ Nørrebro St.;1988K1;13091
Nørrebro - Mimersgade-kvarteret/ Nørrebro St.;1989K1;13310
Nørrebro - Mimersgade-kvarteret/ Nørrebro St.;1990K1;13562
Nørrebro - Mimersgade-kvarteret/ Nørrebro St.;1991K1;13869
Nørrebro - Mimersgade-kvarteret/ Nørrebro St.;1992K1;14010
Nørrebro - Mimersgade-kvarteret/ Nørrebro St.;1993K1;14307
Nørrebro - Mimersgade-kvarteret/ Nørrebro St.;1994K1;14351
Nørrebro - Mimersgade-kvarteret/ Nørrebro St.;1995K1;14503
Nørrebro - Mimersgade-kvarteret/ Nørrebro St.;1996K1;14958
Nørrebro - Mimersgade-kvarteret/ Nørrebro St.;1997K1;15326
Nørrebro - Mimersgade-kvarteret/ Nørrebro St.;1998K1;15410
Nørrebro - Mimersgade-kvarteret/ Nørrebro St.;1999K1;15590
Nørrebro - Mimersgade-kvarteret/ Nørrebro St.;2000K1;15702
Nørrebro - Mimersgade-kvarteret/ Nørrebro St.;2001K1;15888
Nørrebro - Mimersgade-kvarteret/ Nørrebro St.;2002K1;16050
Nørrebro - Mimersgade-kvarteret/ Nørrebro St.;2002K2;16144
Nørrebro - Mimersgade-kvarteret/ Nørrebro St.;2002K3;16120
Nørrebro - Mimersgade-kvarteret/ Nørrebro St.;2002K4;16217
Nørrebro - Mimersgade-kvarteret/ Nørrebro St.;2003K1;16146
Nørrebro - Mimersgade-kvarteret/ Nørrebro St.;2003K2;16144
Nørrebro - Mimersgade-kvarteret/ Nørrebro St.;2003K3;16115
Nørrebro - Mimersgade-kvarteret/ Nørrebro St.;2003K4;16168
Nørrebro - Mimersgade-kvarteret/ Nørrebro St.;2004K1;16160
Nørrebro - Mimersgade-kvarteret/ Nørrebro St.;2004K2;16188
Nørrebro - Mimersgade-kvarteret/ Nørrebro St.;2004K3;16003
Nørrebro - Mimersgade-kvarteret/ Nørrebro St.;2004K4;16033
Nørrebro - Mimersgade-kvarteret/ Nørrebro St.;2005K1;16027
Nørrebro - Mimersgade-kvarteret/ Nørrebro St.;2005K2;16108
Nørrebro - Mimersgade-kvarteret/ Nørrebro St.;2005K3;15987
Nørrebro - Mimersgade-kvarteret/ Nørrebro St.;2005K4;15910
Nørrebro - Mimersgade-kvarteret/ Nørrebro St.;2006K1;15848
Nørrebro - Mimersgade-kvarteret/ Nørrebro St.;2006K2;15803
Nørrebro - Mimersgade-kvarteret/ Nørrebro St.;2006K3;15647
Nørrebro - Mimersgade-kvarteret/ Nørrebro St.;2006K4;15736
Nørrebro - Mimersgade-kvarteret/ Nørrebro St.;2007K1;15643
Nørrebro - Mimersgade-kvarteret/ Nørrebro St.;2007K2;15565
Nørrebro - Mimersgade-kvarteret/ Nørrebro St.;2007K3;15532
Nørrebro - Mimersgade-kvarteret/ Nørrebro St.;2007K4;15606
Nørrebro - Mimersgade-kvarteret/ Nørrebro St.;2008K1;15531
Nørrebro - Mimersgade-kvarteret/ Nørrebro St.;2008K2;15574
Nørrebro - Mimersgade-kvarteret/ Nørrebro St.;2008K3;15552
Nørrebro - Mimersgade-kvarteret/ Nørrebro St.;2008K4;15558
Nørrebro - Mimersgade-kvarteret/ Nørrebro St.;2009K1;15590
Nørrebro - Mimersgade-kvarteret/ Nørrebro St.;2009K2;15664
Nørrebro - Mimersgade-kvarteret/ Nørrebro St.;2009K3;15719
Nørrebro - Mimersgade-kvarteret/ Nørrebro St.;2009K4;15847
Nørrebro - Mimersgade-kvarteret/ Nørrebro St.;2010K1;15894
Nørrebro - Mimersgade-kvarteret/ Nørrebro St.;2010K2;15893
Nørrebro - Mimersgade-kvarteret/ Nørrebro St.;2010K3;15880
Nørrebro - Mimersgade-kvarteret/ Nørrebro St.;2010K4;16017
Nørrebro - Mimersgade-kvarteret/ Nørrebro St.;2011K1;16012
Nørrebro - Mimersgade-kvarteret/ Nørrebro St.;2011K2;16048
Nørrebro - Mimersgade-kvarteret/ Nørrebro St.;2011K3;16028
Nørrebro - Mimersgade-kvarteret/ Nørrebro St.;2011K4;16271
Nørrebro - Mimersgade-kvarteret/ Nørrebro St.;2012K1;16304
Nørrebro - Mimersgade-kvarteret/ Nørrebro St.;2012K2;16370
Nørrebro - Mimersgade-kvarteret/ Nørrebro St.;2012K3;16382
Nørrebro - Mimersgade-kvarteret/ Nørrebro St.;2012K4;16559
Nørrebro - Mimersgade-kvarteret/ Nørrebro St.;2013K1;16618
Nørrebro - Mimersgade-kvarteret/ Nørrebro St.;2013K2;16682
Nørrebro - Mimersgade-kvarteret/ Nørrebro St.;2013K3;16611
Nørrebro - Mimersgade-kvarteret/ Nørrebro St.;2013K4;16792
Nørrebro - Mimersgade-kvarteret/ Nørrebro St.;2014K1;16768
Nørrebro - Mimersgade-kvarteret/ Nørrebro St.;2014K2;16862
Nørrebro - Mimersgade-kvarteret/ Nørrebro St.;2014K3;16806
Nørrebro - Mimersgade-kvarteret/ Nørrebro St.;2014K4;16978
Nørrebro - Mimersgade-kvarteret/ Nørrebro St.;2015K1;16916
Nørrebro - Mimersgade-kvarteret/ Nørrebro St.;2015K2;17028
Nørrebro - Mimersgade-kvarteret/ Nørrebro St.;2015K3;16910
Nørrebro - Mimersgade-kvarteret/ Nørrebro St.;2015K4;17029
Nørrebro - Mimersgade-kvarteret/ Nørrebro St.;2016K1;16953
Nørrebro - Mimersgade-kvarteret/ Nørrebro St.;2016K2;16992
Nørrebro - Mimersgade-kvarteret/ Nørrebro St.;2016K3;17056
Nørrebro - Mimersgade-kvarteret/ Nørrebro St.;2016K4;17150
Nørrebro - Mimersgade-kvarteret/ Nørrebro St.;2017K1;17106
Nørrebro - Mimersgade-kvarteret/ Nørrebro St.;2017K2;17419
Nørrebro - Mimersgade-kvarteret/ Nørrebro St.;2017K3;17362
Nørrebro - Mimersgade-kvarteret/ Nørrebro St.;2017K4;17536
Nørrebro - Mimersgade-kvarteret/ Nørrebro St.;2018K1;17425
Nørrebro - Mimersgade-kvarteret/ Nørrebro St.;2018K2;17587
Nørrebro - Mimersgade-kvarteret/ Nørrebro St.;2018K3;17600
Nørrebro - Mimersgade-kvarteret/ Nørrebro St.;2018K4;17736
Nørrebro - Mimersgade-kvarteret/ Nørrebro St.;2019K1;17683
Nørrebro - Mimersgade-kvarteret/ Nørrebro St.;2019K2;17796
Nørrebro - Mimersgade-kvarteret/ Nørrebro St.;2019K3;17698
Nørrebro - Mimersgade-kvarteret/ Nørrebro St.;2019K4;17794
Nørrebro - Mimersgade-kvarteret/ Nørrebro St.;2020K1;17892
Nørrebro - Mimersgade-kvarteret/ Nørrebro St.;2020K2;17896
Nørrebro - Mimersgade-kvarteret/ Nørrebro St.;2020K3;17758
Nørrebro - Mimersgade-kvarteret/ Nørrebro St.;2020K4;17803
Nørrebro - Mimersgade-kvarteret/ Nørrebro St.;2021K1;17703
Nørrebro - Mimersgade-kvarteret/ Nørrebro St.;2021K2;17689
Nørrebro - Mimersgade-kvarteret/ Nørrebro St.;2021K3;17510
Nørrebro - Mimersgade-kvarteret/ Nørrebro St.;2021K4;17540
Nørrebro - Mimersgade-kvarteret/ Nørrebro St.;2022K1;17438
Nørrebro - Mimersgade-kvarteret/ Nørrebro St.;2022K2;17404
Nørrebro - Mimersgade-kvarteret/ Nørrebro St.;2022K3;17224
Nørrebro - Mimersgade-kvarteret/ Nørrebro St.;2022K4;17209
Nørrebro - Mimersgade-kvarteret/ Nørrebro St.;2023K1;17173
Nørrebro - Mimersgade-kvarteret/ Nørrebro St.;2023K2;17141
Nørrebro - Mimersgade-kvarteret/ Nørrebro St.;2023K3;17071
Nørrebro - Mimersgade-kvarteret/ Nørrebro St.;2023K4;17011
Nørrebro - Mimersgade-kvarteret/ Nørrebro St.;2024K1;16935
Nørrebro - Mimersgade-kvarteret/ Nørrebro St.;2024K2;16971
Nørrebro - Mimersgade-kvarteret/ Nørrebro St.;2024K3;16994
Nørrebro - Mimersgade-kvarteret/ Nørrebro St.;2024K4;17047
Nørrebro - Mimersgade-kvarteret/ Nørrebro St.;2025K1;17087
Nørrebro - Haraldsgade-kvarteret;1974K1;8049
Nørrebro - Haraldsgade-kvarteret;1975K1;7873
Nørrebro - Haraldsgade-kvarteret;1976K1;7591
Nørrebro - Haraldsgade-kvarteret;1977K1;7325
Nørrebro - Haraldsgade-kvarteret;1978K1;7512
Nørrebro - Haraldsgade-kvarteret;1979K1;7448
Nørrebro - Haraldsgade-kvarteret;1980K1;7291
Nørrebro - Haraldsgade-kvarteret;1981K1;7171
Nørrebro - Haraldsgade-kvarteret;1982K1;7064
Nørrebro - Haraldsgade-kvarteret;1983K1;6899
Nørrebro - Haraldsgade-kvarteret;1984K1;6860
Nørrebro - Haraldsgade-kvarteret;1985K1;7840
Nørrebro - Haraldsgade-kvarteret;1986K1;7557
Nørrebro - Haraldsgade-kvarteret;1987K1;7497
Nørrebro - Haraldsgade-kvarteret;1988K1;7926
Nørrebro - Haraldsgade-kvarteret;1989K1;7938
Nørrebro - Haraldsgade-kvarteret;1990K1;8012
Nørrebro - Haraldsgade-kvarteret;1991K1;7147
Nørrebro - Haraldsgade-kvarteret;1992K1;7963
Nørrebro - Haraldsgade-kvarteret;1993K1;8205
Nørrebro - Haraldsgade-kvarteret;1994K1;8081
Nørrebro - Haraldsgade-kvarteret;1995K1;8226
Nørrebro - Haraldsgade-kvarteret;1996K1;8369
Nørrebro - Haraldsgade-kvarteret;1997K1;8652
Nørrebro - Haraldsgade-kvarteret;1998K1;8933
Nørrebro - Haraldsgade-kvarteret;1999K1;9031
Nørrebro - Haraldsgade-kvarteret;2000K1;9173
Nørrebro - Haraldsgade-kvarteret;2001K1;9247
Nørrebro - Haraldsgade-kvarteret;2002K1;9320
Nørrebro - Haraldsgade-kvarteret;2002K2;9320
Nørrebro - Haraldsgade-kvarteret;2002K3;9301
Nørrebro - Haraldsgade-kvarteret;2002K4;9337
Nørrebro - Haraldsgade-kvarteret;2003K1;9354
Nørrebro - Haraldsgade-kvarteret;2003K2;9343
Nørrebro - Haraldsgade-kvarteret;2003K3;9235
Nørrebro - Haraldsgade-kvarteret;2003K4;9237
Nørrebro - Haraldsgade-kvarteret;2004K1;9215
Nørrebro - Haraldsgade-kvarteret;2004K2;9213
Nørrebro - Haraldsgade-kvarteret;2004K3;9146
Nørrebro - Haraldsgade-kvarteret;2004K4;9283
Nørrebro - Haraldsgade-kvarteret;2005K1;9262
Nørrebro - Haraldsgade-kvarteret;2005K2;9279
Nørrebro - Haraldsgade-kvarteret;2005K3;9166
Nørrebro - Haraldsgade-kvarteret;2005K4;9138
Nørrebro - Haraldsgade-kvarteret;2006K1;9141
Nørrebro - Haraldsgade-kvarteret;2006K2;9065
Nørrebro - Haraldsgade-kvarteret;2006K3;9037
Nørrebro - Haraldsgade-kvarteret;2006K4;9092
Nørrebro - Haraldsgade-kvarteret;2007K1;9074
Nørrebro - Haraldsgade-kvarteret;2007K2;9041
Nørrebro - Haraldsgade-kvarteret;2007K3;8992
Nørrebro - Haraldsgade-kvarteret;2007K4;9134
Nørrebro - Haraldsgade-kvarteret;2008K1;9252
Nørrebro - Haraldsgade-kvarteret;2008K2;9198
Nørrebro - Haraldsgade-kvarteret;2008K3;9134
Nørrebro - Haraldsgade-kvarteret;2008K4;9146
Nørrebro - Haraldsgade-kvarteret;2009K1;9180
Nørrebro - Haraldsgade-kvarteret;2009K2;9167
Nørrebro - Haraldsgade-kvarteret;2009K3;9213
Nørrebro - Haraldsgade-kvarteret;2009K4;9248
Nørrebro - Haraldsgade-kvarteret;2010K1;9254
Nørrebro - Haraldsgade-kvarteret;2010K2;9284
Nørrebro - Haraldsgade-kvarteret;2010K3;9292
Nørrebro - Haraldsgade-kvarteret;2010K4;9380
Nørrebro - Haraldsgade-kvarteret;2011K1;9425
Nørrebro - Haraldsgade-kvarteret;2011K2;9408
Nørrebro - Haraldsgade-kvarteret;2011K3;9471
Nørrebro - Haraldsgade-kvarteret;2011K4;9560
Nørrebro - Haraldsgade-kvarteret;2012K1;9533
Nørrebro - Haraldsgade-kvarteret;2012K2;9525
Nørrebro - Haraldsgade-kvarteret;2012K3;9480
Nørrebro - Haraldsgade-kvarteret;2012K4;9604
Nørrebro - Haraldsgade-kvarteret;2013K1;9593
Nørrebro - Haraldsgade-kvarteret;2013K2;9666
Nørrebro - Haraldsgade-kvarteret;2013K3;9880
Nørrebro - Haraldsgade-kvarteret;2013K4;9989
Nørrebro - Haraldsgade-kvarteret;2014K1;10025
Nørrebro - Haraldsgade-kvarteret;2014K2;10059
Nørrebro - Haraldsgade-kvarteret;2014K3;10038
Nørrebro - Haraldsgade-kvarteret;2014K4;10119
Nørrebro - Haraldsgade-kvarteret;2015K1;10127
Nørrebro - Haraldsgade-kvarteret;2015K2;10100
Nørrebro - Haraldsgade-kvarteret;2015K3;10068
Nørrebro - Haraldsgade-kvarteret;2015K4;10108
Nørrebro - Haraldsgade-kvarteret;2016K1;10134
Nørrebro - Haraldsgade-kvarteret;2016K2;10154
Nørrebro - Haraldsgade-kvarteret;2016K3;10093
Nørrebro - Haraldsgade-kvarteret;2016K4;10204
Nørrebro - Haraldsgade-kvarteret;2017K1;10119
Nørrebro - Haraldsgade-kvarteret;2017K2;10124
Nørrebro - Haraldsgade-kvarteret;2017K3;10082
Nørrebro - Haraldsgade-kvarteret;2017K4;10175
Nørrebro - Haraldsgade-kvarteret;2018K1;10081
Nørrebro - Haraldsgade-kvarteret;2018K2;10072
Nørrebro - Haraldsgade-kvarteret;2018K3;10081
Nørrebro - Haraldsgade-kvarteret;2018K4;10058
Nørrebro - Haraldsgade-kvarteret;2019K1;10004
Nørrebro - Haraldsgade-kvarteret;2019K2;10023
Nørrebro - Haraldsgade-kvarteret;2019K3;9992
Nørrebro - Haraldsgade-kvarteret;2019K4;10013
Nørrebro - Haraldsgade-kvarteret;2020K1;9971
Nørrebro - Haraldsgade-kvarteret;2020K2;9967
Nørrebro - Haraldsgade-kvarteret;2020K3;9882
Nørrebro - Haraldsgade-kvarteret;2020K4;9862
Nørrebro - Haraldsgade-kvarteret;2021K1;9831
Nørrebro - Haraldsgade-kvarteret;2021K2;9846
Nørrebro - Haraldsgade-kvarteret;2021K3;9759
Nørrebro - Haraldsgade-kvarteret;2021K4;9733
Nørrebro - Haraldsgade-kvarteret;2022K1;9873
Nørrebro - Haraldsgade-kvarteret;2022K2;9904
Nørrebro - Haraldsgade-kvarteret;2022K3;9867
Nørrebro - Haraldsgade-kvarteret;2022K4;9836
Nørrebro - Haraldsgade-kvarteret;2023K1;9869
Nørrebro - Haraldsgade-kvarteret;2023K2;9886
Nørrebro - Haraldsgade-kvarteret;2023K3;10119
Nørrebro - Haraldsgade-kvarteret;2023K4;10204
Nørrebro - Haraldsgade-kvarteret;2024K1;10196
Nørrebro - Haraldsgade-kvarteret;2024K2;10193
Nørrebro - Haraldsgade-kvarteret;2024K3;10204
Nørrebro - Haraldsgade-kvarteret;2024K4;10280
Nørrebro - Haraldsgade-kvarteret;2025K1;10266
Vesterbro - Vest;1974K1;9434
Vesterbro - Vest;1975K1;9236
Vesterbro - Vest;1976K1;8999
Vesterbro - Vest;1977K1;8777
Vesterbro - Vest;1978K1;8581
Vesterbro - Vest;1979K1;8341
Vesterbro - Vest;1980K1;8273
Vesterbro - Vest;1981K1;8144
Vesterbro - Vest;1982K1;8205
Vesterbro - Vest;1983K1;8218
Vesterbro - Vest;1984K1;8110
Vesterbro - Vest;1985K1;7648
Vesterbro - Vest;1986K1;7616
Vesterbro - Vest;1987K1;7461
Vesterbro - Vest;1988K1;7477
Vesterbro - Vest;1989K1;7570
Vesterbro - Vest;1990K1;7652
Vesterbro - Vest;1991K1;7100
Vesterbro - Vest;1992K1;7083
Vesterbro - Vest;1993K1;6967
Vesterbro - Vest;1994K1;6795
Vesterbro - Vest;1995K1;6927
Vesterbro - Vest;1996K1;6960
Vesterbro - Vest;1997K1;7189
Vesterbro - Vest;1998K1;7339
Vesterbro - Vest;1999K1;7211
Vesterbro - Vest;2000K1;7236
Vesterbro - Vest;2001K1;7152
Vesterbro - Vest;2002K1;7254
Vesterbro - Vest;2002K2;7352
Vesterbro - Vest;2002K3;7324
Vesterbro - Vest;2002K4;7296
Vesterbro - Vest;2003K1;7326
Vesterbro - Vest;2003K2;7334
Vesterbro - Vest;2003K3;7348
Vesterbro - Vest;2003K4;7308
Vesterbro - Vest;2004K1;7308
Vesterbro - Vest;2004K2;7308
Vesterbro - Vest;2004K3;7251
Vesterbro - Vest;2004K4;7180
Vesterbro - Vest;2005K1;7164
Vesterbro - Vest;2005K2;7145
Vesterbro - Vest;2005K3;7157
Vesterbro - Vest;2005K4;7205
Vesterbro - Vest;2006K1;7273
Vesterbro - Vest;2006K2;7298
Vesterbro - Vest;2006K3;7307
Vesterbro - Vest;2006K4;7346
Vesterbro - Vest;2007K1;7371
Vesterbro - Vest;2007K2;7386
Vesterbro - Vest;2007K3;7381
Vesterbro - Vest;2007K4;7322
Vesterbro - Vest;2008K1;7310
Vesterbro - Vest;2008K2;7330
Vesterbro - Vest;2008K3;7292
Vesterbro - Vest;2008K4;7348
Vesterbro - Vest;2009K1;7350
Vesterbro - Vest;2009K2;7408
Vesterbro - Vest;2009K3;7419
Vesterbro - Vest;2009K4;7494
Vesterbro - Vest;2010K1;7509
Vesterbro - Vest;2010K2;7511
Vesterbro - Vest;2010K3;7501
Vesterbro - Vest;2010K4;7570
Vesterbro - Vest;2011K1;7627
Vesterbro - Vest;2011K2;7657
Vesterbro - Vest;2011K3;7655
Vesterbro - Vest;2011K4;7743
Vesterbro - Vest;2012K1;7742
Vesterbro - Vest;2012K2;7761
Vesterbro - Vest;2012K3;7774
Vesterbro - Vest;2012K4;7835
Vesterbro - Vest;2013K1;7878
Vesterbro - Vest;2013K2;7885
Vesterbro - Vest;2013K3;7880
Vesterbro - Vest;2013K4;7895
Vesterbro - Vest;2014K1;7934
Vesterbro - Vest;2014K2;7984
Vesterbro - Vest;2014K3;8002
Vesterbro - Vest;2014K4;8043
Vesterbro - Vest;2015K1;8044
Vesterbro - Vest;2015K2;8073
Vesterbro - Vest;2015K3;8071
Vesterbro - Vest;2015K4;8127
Vesterbro - Vest;2016K1;8091
Vesterbro - Vest;2016K2;8070
Vesterbro - Vest;2016K3;8084
Vesterbro - Vest;2016K4;8178
Vesterbro - Vest;2017K1;8165
Vesterbro - Vest;2017K2;8191
Vesterbro - Vest;2017K3;8166
Vesterbro - Vest;2017K4;8227
Vesterbro - Vest;2018K1;8487
Vesterbro - Vest;2018K2;8513
Vesterbro - Vest;2018K3;8722
Vesterbro - Vest;2018K4;8815
Vesterbro - Vest;2019K1;9042
Vesterbro - Vest;2019K2;9029
Vesterbro - Vest;2019K3;9153
Vesterbro - Vest;2019K4;9291
Vesterbro - Vest;2020K1;9369
Vesterbro - Vest;2020K2;9409
Vesterbro - Vest;2020K3;9405
Vesterbro - Vest;2020K4;9494
Vesterbro - Vest;2021K1;9497
Vesterbro - Vest;2021K2;9546
Vesterbro - Vest;2021K3;9631
Vesterbro - Vest;2021K4;10015
Vesterbro - Vest;2022K1;10316
Vesterbro - Vest;2022K2;10614
Vesterbro - Vest;2022K3;10977
Vesterbro - Vest;2022K4;11520
Vesterbro - Vest;2023K1;11889
Vesterbro - Vest;2023K2;12130
Vesterbro - Vest;2023K3;12272
Vesterbro - Vest;2023K4;12373
Vesterbro - Vest;2024K1;12343
Vesterbro - Vest;2024K2;12377
Vesterbro - Vest;2024K3;12327
Vesterbro - Vest;2024K4;12457
Vesterbro - Vest;2025K1;12483
Vesterbro - Central;1974K1;27080
Vesterbro - Central;1975K1;25952
Vesterbro - Central;1976K1;24639
Vesterbro - Central;1977K1;23976
Vesterbro - Central;1978K1;23204
Vesterbro - Central;1979K1;22725
Vesterbro - Central;1980K1;22383
Vesterbro - Central;1981K1;22430
Vesterbro - Central;1982K1;21811
Vesterbro - Central;1983K1;21174
Vesterbro - Central;1984K1;20940
Vesterbro - Central;1985K1;20182
Vesterbro - Central;1986K1;19707
Vesterbro - Central;1987K1;19565
Vesterbro - Central;1988K1;19497
Vesterbro - Central;1989K1;19632
Vesterbro - Central;1990K1;19564
Vesterbro - Central;1991K1;19880
Vesterbro - Central;1992K1;19863
Vesterbro - Central;1993K1;19960
Vesterbro - Central;1994K1;20088
Vesterbro - Central;1995K1;19870
Vesterbro - Central;1996K1;20173
Vesterbro - Central;1997K1;20218
Vesterbro - Central;1998K1;20726
Vesterbro - Central;1999K1;20916
Vesterbro - Central;2000K1;21328
Vesterbro - Central;2001K1;21364
Vesterbro - Central;2002K1;21394
Vesterbro - Central;2002K2;21398
Vesterbro - Central;2002K3;21264
Vesterbro - Central;2002K4;21361
Vesterbro - Central;2003K1;21435
Vesterbro - Central;2003K2;21532
Vesterbro - Central;2003K3;21371
Vesterbro - Central;2003K4;21498
Vesterbro - Central;2004K1;21505
Vesterbro - Central;2004K2;21497
Vesterbro - Central;2004K3;21285
Vesterbro - Central;2004K4;21373
Vesterbro - Central;2005K1;21386
Vesterbro - Central;2005K2;21375
Vesterbro - Central;2005K3;21180
Vesterbro - Central;2005K4;21185
Vesterbro - Central;2006K1;21055
Vesterbro - Central;2006K2;20960
Vesterbro - Central;2006K3;20769
Vesterbro - Central;2006K4;20901
Vesterbro - Central;2007K1;20958
Vesterbro - Central;2007K2;21030
Vesterbro - Central;2007K3;20880
Vesterbro - Central;2007K4;20909
Vesterbro - Central;2008K1;20904
Vesterbro - Central;2008K2;20950
Vesterbro - Central;2008K3;20874
Vesterbro - Central;2008K4;20969
Vesterbro - Central;2009K1;21001
Vesterbro - Central;2009K2;21172
Vesterbro - Central;2009K3;21292
Vesterbro - Central;2009K4;21524
Vesterbro - Central;2010K1;21576
Vesterbro - Central;2010K2;21813
Vesterbro - Central;2010K3;21843
Vesterbro - Central;2010K4;22098
Vesterbro - Central;2011K1;22162
Vesterbro - Central;2011K2;22303
Vesterbro - Central;2011K3;22314
Vesterbro - Central;2011K4;22453
Vesterbro - Central;2012K1;22495
Vesterbro - Central;2012K2;22596
Vesterbro - Central;2012K3;22588
Vesterbro - Central;2012K4;22700
Vesterbro - Central;2013K1;22807
Vesterbro - Central;2013K2;22880
Vesterbro - Central;2013K3;22945
Vesterbro - Central;2013K4;23236
Vesterbro - Central;2014K1;23178
Vesterbro - Central;2014K2;23181
Vesterbro - Central;2014K3;23189
Vesterbro - Central;2014K4;23351
Vesterbro - Central;2015K1;23318
Vesterbro - Central;2015K2;23408
Vesterbro - Central;2015K3;23368
Vesterbro - Central;2015K4;23614
Vesterbro - Central;2016K1;23629
Vesterbro - Central;2016K2;23563
Vesterbro - Central;2016K3;23548
Vesterbro - Central;2016K4;23696
Vesterbro - Central;2017K1;23709
Vesterbro - Central;2017K2;23788
Vesterbro - Central;2017K3;23774
Vesterbro - Central;2017K4;23767
Vesterbro - Central;2018K1;23805
Vesterbro - Central;2018K2;23833
Vesterbro - Central;2018K3;23813
Vesterbro - Central;2018K4;23790
Vesterbro - Central;2019K1;23704
Vesterbro - Central;2019K2;23715
Vesterbro - Central;2019K3;23564
Vesterbro - Central;2019K4;23574
Vesterbro - Central;2020K1;23497
Vesterbro - Central;2020K2;23454
Vesterbro - Central;2020K3;23366
Vesterbro - Central;2020K4;23385
Vesterbro - Central;2021K1;23249
Vesterbro - Central;2021K2;23180
Vesterbro - Central;2021K3;23160
Vesterbro - Central;2021K4;23209
Vesterbro - Central;2022K1;23091
Vesterbro - Central;2022K2;23035
Vesterbro - Central;2022K3;23019
Vesterbro - Central;2022K4;23124
Vesterbro - Central;2023K1;23169
Vesterbro - Central;2023K2;23153
Vesterbro - Central;2023K3;23072
Vesterbro - Central;2023K4;23232
Vesterbro - Central;2024K1;23093
Vesterbro - Central;2024K2;23147
Vesterbro - Central;2024K3;23067
Vesterbro - Central;2024K4;23091
Vesterbro - Central;2025K1;23044
Vesterbro - Øst;1974K1;9262
Vesterbro - Øst;1975K1;8932
Vesterbro - Øst;1976K1;8454
Vesterbro - Øst;1977K1;8010
Vesterbro - Øst;1978K1;7688
Vesterbro - Øst;1979K1;7471
Vesterbro - Øst;1980K1;7251
Vesterbro - Øst;1981K1;7114
Vesterbro - Øst;1982K1;6919
Vesterbro - Øst;1983K1;6954
Vesterbro - Øst;1984K1;6946
Vesterbro - Øst;1985K1;7169
Vesterbro - Øst;1986K1;6862
Vesterbro - Øst;1987K1;6942
Vesterbro - Øst;1988K1;6705
Vesterbro - Øst;1989K1;6478
Vesterbro - Øst;1990K1;6182
Vesterbro - Øst;1991K1;6087
Vesterbro - Øst;1992K1;6134
Vesterbro - Øst;1993K1;6155
Vesterbro - Øst;1994K1;6064
Vesterbro - Øst;1995K1;6032
Vesterbro - Øst;1996K1;5828
Vesterbro - Øst;1997K1;5907
Vesterbro - Øst;1998K1;5948
Vesterbro - Øst;1999K1;5898
Vesterbro - Øst;2000K1;6127
Vesterbro - Øst;2001K1;6454
Vesterbro - Øst;2002K1;6584
Vesterbro - Øst;2002K2;6583
Vesterbro - Øst;2002K3;6600
Vesterbro - Øst;2002K4;6614
Vesterbro - Øst;2003K1;6615
Vesterbro - Øst;2003K2;6619
Vesterbro - Øst;2003K3;6587
Vesterbro - Øst;2003K4;6623
Vesterbro - Øst;2004K1;6616
Vesterbro - Øst;2004K2;6608
Vesterbro - Øst;2004K3;6557
Vesterbro - Øst;2004K4;6589
Vesterbro - Øst;2005K1;6553
Vesterbro - Øst;2005K2;6504
Vesterbro - Øst;2005K3;6477
Vesterbro - Øst;2005K4;6505
Vesterbro - Øst;2006K1;6553
Vesterbro - Øst;2006K2;6567
Vesterbro - Øst;2006K3;6621
Vesterbro - Øst;2006K4;6707
Vesterbro - Øst;2007K1;6643
Vesterbro - Øst;2007K2;6643
Vesterbro - Øst;2007K3;6622
Vesterbro - Øst;2007K4;6634
Vesterbro - Øst;2008K1;6614
Vesterbro - Øst;2008K2;6643
Vesterbro - Øst;2008K3;6668
Vesterbro - Øst;2008K4;6691
Vesterbro - Øst;2009K1;6758
Vesterbro - Øst;2009K2;6868
Vesterbro - Øst;2009K3;6863
Vesterbro - Øst;2009K4;6943
Vesterbro - Øst;2010K1;6980
Vesterbro - Øst;2010K2;7001
Vesterbro - Øst;2010K3;7026
Vesterbro - Øst;2010K4;7138
Vesterbro - Øst;2011K1;7138
Vesterbro - Øst;2011K2;7161
Vesterbro - Øst;2011K3;7202
Vesterbro - Øst;2011K4;7335
Vesterbro - Øst;2012K1;7415
Vesterbro - Øst;2012K2;7480
Vesterbro - Øst;2012K3;7418
Vesterbro - Øst;2012K4;7514
Vesterbro - Øst;2013K1;7488
Vesterbro - Øst;2013K2;7507
Vesterbro - Øst;2013K3;7534
Vesterbro - Øst;2013K4;7586
Vesterbro - Øst;2014K1;7620
Vesterbro - Øst;2014K2;7558
Vesterbro - Øst;2014K3;7534
Vesterbro - Øst;2014K4;7616
Vesterbro - Øst;2015K1;7591
Vesterbro - Øst;2015K2;7647
Vesterbro - Øst;2015K3;7571
Vesterbro - Øst;2015K4;7683
Vesterbro - Øst;2016K1;7659
Vesterbro - Øst;2016K2;7682
Vesterbro - Øst;2016K3;7659
Vesterbro - Øst;2016K4;7717
Vesterbro - Øst;2017K1;7689
Vesterbro - Øst;2017K2;7720
Vesterbro - Øst;2017K3;7659
Vesterbro - Øst;2017K4;7753
Vesterbro - Øst;2018K1;7735
Vesterbro - Øst;2018K2;7740
Vesterbro - Øst;2018K3;7636
Vesterbro - Øst;2018K4;7744
Vesterbro - Øst;2019K1;7671
Vesterbro - Øst;2019K2;7754
Vesterbro - Øst;2019K3;7715
Vesterbro - Øst;2019K4;7729
Vesterbro - Øst;2020K1;7648
Vesterbro - Øst;2020K2;7642
Vesterbro - Øst;2020K3;7617
Vesterbro - Øst;2020K4;7710
Vesterbro - Øst;2021K1;7698
Vesterbro - Øst;2021K2;7663
Vesterbro - Øst;2021K3;7623
Vesterbro - Øst;2021K4;7744
Vesterbro - Øst;2022K1;7669
Vesterbro - Øst;2022K2;7740
Vesterbro - Øst;2022K3;7715
Vesterbro - Øst;2022K4;7712
Vesterbro - Øst;2023K1;7733
Vesterbro - Øst;2023K2;7761
Vesterbro - Øst;2023K3;7764
Vesterbro - Øst;2023K4;7795
Vesterbro - Øst;2024K1;7808
Vesterbro - Øst;2024K2;7764
Vesterbro - Øst;2024K3;7741
Vesterbro - Øst;2024K4;7790
Vesterbro - Øst;2025K1;7829
Vesterbro - Syd;1974K1;170
Vesterbro - Syd;1975K1;158
Vesterbro - Syd;1976K1;140
Vesterbro - Syd;1977K1;137
Vesterbro - Syd;1978K1;140
Vesterbro - Syd;1979K1;135
Vesterbro - Syd;1980K1;116
Vesterbro - Syd;1981K1;126
Vesterbro - Syd;1982K1;118
Vesterbro - Syd;1983K1;113
Vesterbro - Syd;1984K1;114
Vesterbro - Syd;1985K1;108
Vesterbro - Syd;1986K1;106
Vesterbro - Syd;1987K1;104
Vesterbro - Syd;1988K1;103
Vesterbro - Syd;1989K1;92
Vesterbro - Syd;1990K1;93
Vesterbro - Syd;1991K1;94
Vesterbro - Syd;1992K1;92
Vesterbro - Syd;1993K1;96
Vesterbro - Syd;1994K1;107
Vesterbro - Syd;1995K1;110
Vesterbro - Syd;1996K1;128
Vesterbro - Syd;1997K1;109
Vesterbro - Syd;1998K1;102
Vesterbro - Syd;1999K1;99
Vesterbro - Syd;2000K1;106
Vesterbro - Syd;2001K1;100
Vesterbro - Syd;2002K1;110
Vesterbro - Syd;2002K2;108
Vesterbro - Syd;2002K3;111
Vesterbro - Syd;2002K4;114
Vesterbro - Syd;2003K1;111
Vesterbro - Syd;2003K2;110
Vesterbro - Syd;2003K3;116
Vesterbro - Syd;2003K4;120
Vesterbro - Syd;2004K1;117
Vesterbro - Syd;2004K2;118
Vesterbro - Syd;2004K3;119
Vesterbro - Syd;2004K4;124
Vesterbro - Syd;2005K1;126
Vesterbro - Syd;2005K2;122
Vesterbro - Syd;2005K3;113
Vesterbro - Syd;2005K4;115
Vesterbro - Syd;2006K1;111
Vesterbro - Syd;2006K2;118
Vesterbro - Syd;2006K3;109
Vesterbro - Syd;2006K4;124
Vesterbro - Syd;2007K1;124
Vesterbro - Syd;2007K2;118
Vesterbro - Syd;2007K3;119
Vesterbro - Syd;2007K4;127
Vesterbro - Syd;2008K1;129
Vesterbro - Syd;2008K2;153
Vesterbro - Syd;2008K3;183
Vesterbro - Syd;2008K4;240
Vesterbro - Syd;2009K1;310
Vesterbro - Syd;2009K2;340
Vesterbro - Syd;2009K3;378
Vesterbro - Syd;2009K4;462
Vesterbro - Syd;2010K1;526
Vesterbro - Syd;2010K2;587
Vesterbro - Syd;2010K3;675
Vesterbro - Syd;2010K4;708
Vesterbro - Syd;2011K1;731
Vesterbro - Syd;2011K2;714
Vesterbro - Syd;2011K3;719
Vesterbro - Syd;2011K4;717
Vesterbro - Syd;2012K1;714
Vesterbro - Syd;2012K2;730
Vesterbro - Syd;2012K3;744
Vesterbro - Syd;2012K4;784
Vesterbro - Syd;2013K1;789
Vesterbro - Syd;2013K2;805
Vesterbro - Syd;2013K3;860
Vesterbro - Syd;2013K4;913
Vesterbro - Syd;2014K1;967
Vesterbro - Syd;2014K2;1053
Vesterbro - Syd;2014K3;1132
Vesterbro - Syd;2014K4;1213
Vesterbro - Syd;2015K1;1233
Vesterbro - Syd;2015K2;1267
Vesterbro - Syd;2015K3;1288
Vesterbro - Syd;2015K4;1334
Vesterbro - Syd;2016K1;1333
Vesterbro - Syd;2016K2;1332
Vesterbro - Syd;2016K3;1663
Vesterbro - Syd;2016K4;1705
Vesterbro - Syd;2017K1;1737
Vesterbro - Syd;2017K2;1798
Vesterbro - Syd;2017K3;1740
Vesterbro - Syd;2017K4;1729
Vesterbro - Syd;2018K1;1884
Vesterbro - Syd;2018K2;1902
Vesterbro - Syd;2018K3;1913
Vesterbro - Syd;2018K4;1918
Vesterbro - Syd;2019K1;1924
Vesterbro - Syd;2019K2;2021
Vesterbro - Syd;2019K3;2134
Vesterbro - Syd;2019K4;2317
Vesterbro - Syd;2020K1;2396
Vesterbro - Syd;2020K2;2321
Vesterbro - Syd;2020K3;2440
Vesterbro - Syd;2020K4;2804
Vesterbro - Syd;2021K1;3113
Vesterbro - Syd;2021K2;3502
Vesterbro - Syd;2021K3;3803
Vesterbro - Syd;2021K4;4019
Vesterbro - Syd;2022K1;4091
Vesterbro - Syd;2022K2;4080
Vesterbro - Syd;2022K3;4098
Vesterbro - Syd;2022K4;4655
Vesterbro - Syd;2023K1;4755
Vesterbro - Syd;2023K2;4720
Vesterbro - Syd;2023K3;4702
Vesterbro - Syd;2023K4;4753
Vesterbro - Syd;2024K1;4667
Vesterbro - Syd;2024K2;4703
Vesterbro - Syd;2024K3;4772
Vesterbro - Syd;2024K4;4834
Vesterbro - Syd;2025K1;4814
Kgs. Enghave - Bavnehøj;1974K1;4830
Kgs. Enghave - Bavnehøj;1975K1;4776
Kgs. Enghave - Bavnehøj;1976K1;4632
Kgs. Enghave - Bavnehøj;1977K1;4570
Kgs. Enghave - Bavnehøj;1978K1;4453
Kgs. Enghave - Bavnehøj;1979K1;4358
Kgs. Enghave - Bavnehøj;1980K1;4337
Kgs. Enghave - Bavnehøj;1981K1;4321
Kgs. Enghave - Bavnehøj;1982K1;4274
Kgs. Enghave - Bavnehøj;1983K1;4242
Kgs. Enghave - Bavnehøj;1984K1;4182
Kgs. Enghave - Bavnehøj;1985K1;4154
Kgs. Enghave - Bavnehøj;1986K1;4116
Kgs. Enghave - Bavnehøj;1987K1;4030
Kgs. Enghave - Bavnehøj;1988K1;4081
Kgs. Enghave - Bavnehøj;1989K1;4032
Kgs. Enghave - Bavnehøj;1990K1;4001
Kgs. Enghave - Bavnehøj;1991K1;3958
Kgs. Enghave - Bavnehøj;1992K1;3643
Kgs. Enghave - Bavnehøj;1993K1;3587
Kgs. Enghave - Bavnehøj;1994K1;3592
Kgs. Enghave - Bavnehøj;1995K1;3703
Kgs. Enghave - Bavnehøj;1996K1;3718
Kgs. Enghave - Bavnehøj;1997K1;3703
Kgs. Enghave - Bavnehøj;1998K1;3785
Kgs. Enghave - Bavnehøj;1999K1;3902
Kgs. Enghave - Bavnehøj;2000K1;3882
Kgs. Enghave - Bavnehøj;2001K1;3886
Kgs. Enghave - Bavnehøj;2002K1;3881
Kgs. Enghave - Bavnehøj;2002K2;3828
Kgs. Enghave - Bavnehøj;2002K3;3784
Kgs. Enghave - Bavnehøj;2002K4;3843
Kgs. Enghave - Bavnehøj;2003K1;3840
Kgs. Enghave - Bavnehøj;2003K2;3829
Kgs. Enghave - Bavnehøj;2003K3;3820
Kgs. Enghave - Bavnehøj;2003K4;3833
Kgs. Enghave - Bavnehøj;2004K1;3843
Kgs. Enghave - Bavnehøj;2004K2;3843
Kgs. Enghave - Bavnehøj;2004K3;3814
Kgs. Enghave - Bavnehøj;2004K4;3868
Kgs. Enghave - Bavnehøj;2005K1;3836
Kgs. Enghave - Bavnehøj;2005K2;3816
Kgs. Enghave - Bavnehøj;2005K3;3789
Kgs. Enghave - Bavnehøj;2005K4;3787
Kgs. Enghave - Bavnehøj;2006K1;3788
Kgs. Enghave - Bavnehøj;2006K2;3792
Kgs. Enghave - Bavnehøj;2006K3;3741
Kgs. Enghave - Bavnehøj;2006K4;3784
Kgs. Enghave - Bavnehøj;2007K1;3780
Kgs. Enghave - Bavnehøj;2007K2;3782
Kgs. Enghave - Bavnehøj;2007K3;3758
Kgs. Enghave - Bavnehøj;2007K4;3764
Kgs. Enghave - Bavnehøj;2008K1;3764
Kgs. Enghave - Bavnehøj;2008K2;3744
Kgs. Enghave - Bavnehøj;2008K3;3725
Kgs. Enghave - Bavnehøj;2008K4;3758
Kgs. Enghave - Bavnehøj;2009K1;3763
Kgs. Enghave - Bavnehøj;2009K2;3788
Kgs. Enghave - Bavnehøj;2009K3;3778
Kgs. Enghave - Bavnehøj;2009K4;3811
Kgs. Enghave - Bavnehøj;2010K1;3833
Kgs. Enghave - Bavnehøj;2010K2;3806
Kgs. Enghave - Bavnehøj;2010K3;3793
Kgs. Enghave - Bavnehøj;2010K4;3868
Kgs. Enghave - Bavnehøj;2011K1;3874
Kgs. Enghave - Bavnehøj;2011K2;3909
Kgs. Enghave - Bavnehøj;2011K3;3882
Kgs. Enghave - Bavnehøj;2011K4;3991
Kgs. Enghave - Bavnehøj;2012K1;4006
Kgs. Enghave - Bavnehøj;2012K2;4026
Kgs. Enghave - Bavnehøj;2012K3;4007
Kgs. Enghave - Bavnehøj;2012K4;4092
Kgs. Enghave - Bavnehøj;2013K1;4061
Kgs. Enghave - Bavnehøj;2013K2;4091
Kgs. Enghave - Bavnehøj;2013K3;4022
Kgs. Enghave - Bavnehøj;2013K4;4140
Kgs. Enghave - Bavnehøj;2014K1;4121
Kgs. Enghave - Bavnehøj;2014K2;4110
Kgs. Enghave - Bavnehøj;2014K3;4046
Kgs. Enghave - Bavnehøj;2014K4;4145
Kgs. Enghave - Bavnehøj;2015K1;4154
Kgs. Enghave - Bavnehøj;2015K2;4168
Kgs. Enghave - Bavnehøj;2015K3;4110
Kgs. Enghave - Bavnehøj;2015K4;4216
Kgs. Enghave - Bavnehøj;2016K1;4180
Kgs. Enghave - Bavnehøj;2016K2;4201
Kgs. Enghave - Bavnehøj;2016K3;4181
Kgs. Enghave - Bavnehøj;2016K4;4138
Kgs. Enghave - Bavnehøj;2017K1;4105
Kgs. Enghave - Bavnehøj;2017K2;4110
Kgs. Enghave - Bavnehøj;2017K3;4077
Kgs. Enghave - Bavnehøj;2017K4;4129
Kgs. Enghave - Bavnehøj;2018K1;4116
Kgs. Enghave - Bavnehøj;2018K2;4104
Kgs. Enghave - Bavnehøj;2018K3;4078
Kgs. Enghave - Bavnehøj;2018K4;4121
Kgs. Enghave - Bavnehøj;2019K1;4085
Kgs. Enghave - Bavnehøj;2019K2;4139
Kgs. Enghave - Bavnehøj;2019K3;4104
Kgs. Enghave - Bavnehøj;2019K4;4113
Kgs. Enghave - Bavnehøj;2020K1;4090
Kgs. Enghave - Bavnehøj;2020K2;4099
Kgs. Enghave - Bavnehøj;2020K3;4083
Kgs. Enghave - Bavnehøj;2020K4;4070
Kgs. Enghave - Bavnehøj;2021K1;4040
Kgs. Enghave - Bavnehøj;2021K2;4055
Kgs. Enghave - Bavnehøj;2021K3;4029
Kgs. Enghave - Bavnehøj;2021K4;4033
Kgs. Enghave - Bavnehøj;2022K1;4028
Kgs. Enghave - Bavnehøj;2022K2;4018
Kgs. Enghave - Bavnehøj;2022K3;3993
Kgs. Enghave - Bavnehøj;2022K4;4017
Kgs. Enghave - Bavnehøj;2023K1;4003
Kgs. Enghave - Bavnehøj;2023K2;3992
Kgs. Enghave - Bavnehøj;2023K3;3967
Kgs. Enghave - Bavnehøj;2023K4;3981
Kgs. Enghave - Bavnehøj;2024K1;3986
Kgs. Enghave - Bavnehøj;2024K2;3988
Kgs. Enghave - Bavnehøj;2024K3;3979
Kgs. Enghave - Bavnehøj;2024K4;3993
Kgs. Enghave - Bavnehøj;2025K1;4012
Kgs. Enghave - Gl. Sydhavn;1974K1;12414
Kgs. Enghave - Gl. Sydhavn;1975K1;12079
Kgs. Enghave - Gl. Sydhavn;1976K1;11757
Kgs. Enghave - Gl. Sydhavn;1977K1;11434
Kgs. Enghave - Gl. Sydhavn;1978K1;11164
Kgs. Enghave - Gl. Sydhavn;1979K1;10953
Kgs. Enghave - Gl. Sydhavn;1980K1;10800
Kgs. Enghave - Gl. Sydhavn;1981K1;10732
Kgs. Enghave - Gl. Sydhavn;1982K1;10644
Kgs. Enghave - Gl. Sydhavn;1983K1;10457
Kgs. Enghave - Gl. Sydhavn;1984K1;10406
Kgs. Enghave - Gl. Sydhavn;1985K1;10293
Kgs. Enghave - Gl. Sydhavn;1986K1;10137
Kgs. Enghave - Gl. Sydhavn;1987K1;10042
Kgs. Enghave - Gl. Sydhavn;1988K1;9976
Kgs. Enghave - Gl. Sydhavn;1989K1;9818
Kgs. Enghave - Gl. Sydhavn;1990K1;9689
Kgs. Enghave - Gl. Sydhavn;1991K1;10902
Kgs. Enghave - Gl. Sydhavn;1992K1;11027
Kgs. Enghave - Gl. Sydhavn;1993K1;10811
Kgs. Enghave - Gl. Sydhavn;1994K1;10886
Kgs. Enghave - Gl. Sydhavn;1995K1;10983
Kgs. Enghave - Gl. Sydhavn;1996K1;10917
Kgs. Enghave - Gl. Sydhavn;1997K1;11137
Kgs. Enghave - Gl. Sydhavn;1998K1;11199
Kgs. Enghave - Gl. Sydhavn;1999K1;11485
Kgs. Enghave - Gl. Sydhavn;2000K1;11624
Kgs. Enghave - Gl. Sydhavn;2001K1;11793
Kgs. Enghave - Gl. Sydhavn;2002K1;11806
Kgs. Enghave - Gl. Sydhavn;2002K2;11763
Kgs. Enghave - Gl. Sydhavn;2002K3;11786
Kgs. Enghave - Gl. Sydhavn;2002K4;11744
Kgs. Enghave - Gl. Sydhavn;2003K1;11699
Kgs. Enghave - Gl. Sydhavn;2003K2;11746
Kgs. Enghave - Gl. Sydhavn;2003K3;11670
Kgs. Enghave - Gl. Sydhavn;2003K4;11653
Kgs. Enghave - Gl. Sydhavn;2004K1;11575
Kgs. Enghave - Gl. Sydhavn;2004K2;11528
Kgs. Enghave - Gl. Sydhavn;2004K3;11524
Kgs. Enghave - Gl. Sydhavn;2004K4;11578
Kgs. Enghave - Gl. Sydhavn;2005K1;11537
Kgs. Enghave - Gl. Sydhavn;2005K2;11504
Kgs. Enghave - Gl. Sydhavn;2005K3;11394
Kgs. Enghave - Gl. Sydhavn;2005K4;11357
Kgs. Enghave - Gl. Sydhavn;2006K1;11283
Kgs. Enghave - Gl. Sydhavn;2006K2;11201
Kgs. Enghave - Gl. Sydhavn;2006K3;11179
Kgs. Enghave - Gl. Sydhavn;2006K4;11190
Kgs. Enghave - Gl. Sydhavn;2007K1;11129
Kgs. Enghave - Gl. Sydhavn;2007K2;11099
Kgs. Enghave - Gl. Sydhavn;2007K3;11050
Kgs. Enghave - Gl. Sydhavn;2007K4;11124
Kgs. Enghave - Gl. Sydhavn;2008K1;11092
Kgs. Enghave - Gl. Sydhavn;2008K2;11125
Kgs. Enghave - Gl. Sydhavn;2008K3;11158
Kgs. Enghave - Gl. Sydhavn;2008K4;11184
Kgs. Enghave - Gl. Sydhavn;2009K1;11210
Kgs. Enghave - Gl. Sydhavn;2009K2;11310
Kgs. Enghave - Gl. Sydhavn;2009K3;11283
Kgs. Enghave - Gl. Sydhavn;2009K4;11332
Kgs. Enghave - Gl. Sydhavn;2010K1;11337
Kgs. Enghave - Gl. Sydhavn;2010K2;11336
Kgs. Enghave - Gl. Sydhavn;2010K3;11359
Kgs. Enghave - Gl. Sydhavn;2010K4;11467
Kgs. Enghave - Gl. Sydhavn;2011K1;11451
Kgs. Enghave - Gl. Sydhavn;2011K2;11464
Kgs. Enghave - Gl. Sydhavn;2011K3;11550
Kgs. Enghave - Gl. Sydhavn;2011K4;11706
Kgs. Enghave - Gl. Sydhavn;2012K1;11707
Kgs. Enghave - Gl. Sydhavn;2012K2;11647
Kgs. Enghave - Gl. Sydhavn;2012K3;11684
Kgs. Enghave - Gl. Sydhavn;2012K4;11712
Kgs. Enghave - Gl. Sydhavn;2013K1;11792
Kgs. Enghave - Gl. Sydhavn;2013K2;11808
Kgs. Enghave - Gl. Sydhavn;2013K3;11812
Kgs. Enghave - Gl. Sydhavn;2013K4;11910
Kgs. Enghave - Gl. Sydhavn;2014K1;11927
Kgs. Enghave - Gl. Sydhavn;2014K2;12002
Kgs. Enghave - Gl. Sydhavn;2014K3;12012
Kgs. Enghave - Gl. Sydhavn;2014K4;12088
Kgs. Enghave - Gl. Sydhavn;2015K1;12036
Kgs. Enghave - Gl. Sydhavn;2015K2;11984
Kgs. Enghave - Gl. Sydhavn;2015K3;11981
Kgs. Enghave - Gl. Sydhavn;2015K4;12089
Kgs. Enghave - Gl. Sydhavn;2016K1;12076
Kgs. Enghave - Gl. Sydhavn;2016K2;12105
Kgs. Enghave - Gl. Sydhavn;2016K3;12007
Kgs. Enghave - Gl. Sydhavn;2016K4;12061
Kgs. Enghave - Gl. Sydhavn;2017K1;12086
Kgs. Enghave - Gl. Sydhavn;2017K2;12140
Kgs. Enghave - Gl. Sydhavn;2017K3;12118
Kgs. Enghave - Gl. Sydhavn;2017K4;12129
Kgs. Enghave - Gl. Sydhavn;2018K1;12128
Kgs. Enghave - Gl. Sydhavn;2018K2;12112
Kgs. Enghave - Gl. Sydhavn;2018K3;12108
Kgs. Enghave - Gl. Sydhavn;2018K4;12205
Kgs. Enghave - Gl. Sydhavn;2019K1;12168
Kgs. Enghave - Gl. Sydhavn;2019K2;12109
Kgs. Enghave - Gl. Sydhavn;2019K3;12082
Kgs. Enghave - Gl. Sydhavn;2019K4;12080
Kgs. Enghave - Gl. Sydhavn;2020K1;12048
Kgs. Enghave - Gl. Sydhavn;2020K2;11975
Kgs. Enghave - Gl. Sydhavn;2020K3;11998
Kgs. Enghave - Gl. Sydhavn;2020K4;12034
Kgs. Enghave - Gl. Sydhavn;2021K1;11896
Kgs. Enghave - Gl. Sydhavn;2021K2;11801
Kgs. Enghave - Gl. Sydhavn;2021K3;11749
Kgs. Enghave - Gl. Sydhavn;2021K4;11786
Kgs. Enghave - Gl. Sydhavn;2022K1;11721
Kgs. Enghave - Gl. Sydhavn;2022K2;11670
Kgs. Enghave - Gl. Sydhavn;2022K3;11664
Kgs. Enghave - Gl. Sydhavn;2022K4;11650
Kgs. Enghave - Gl. Sydhavn;2023K1;11875
Kgs. Enghave - Gl. Sydhavn;2023K2;11931
Kgs. Enghave - Gl. Sydhavn;2023K3;12327
Kgs. Enghave - Gl. Sydhavn;2023K4;12648
Kgs. Enghave - Gl. Sydhavn;2024K1;12760
Kgs. Enghave - Gl. Sydhavn;2024K2;12912
Kgs. Enghave - Gl. Sydhavn;2024K3;13317
Kgs. Enghave - Gl. Sydhavn;2024K4;14100
Kgs. Enghave - Gl. Sydhavn;2025K1;14251
Kgs. Enghave - Holmene;1974K1;1645
Kgs. Enghave - Holmene;1975K1;1601
Kgs. Enghave - Holmene;1976K1;1556
Kgs. Enghave - Holmene;1977K1;1518
Kgs. Enghave - Holmene;1978K1;1510
Kgs. Enghave - Holmene;1979K1;1437
Kgs. Enghave - Holmene;1980K1;1388
Kgs. Enghave - Holmene;1981K1;1381
Kgs. Enghave - Holmene;1982K1;1364
Kgs. Enghave - Holmene;1983K1;1368
Kgs. Enghave - Holmene;1984K1;1385
Kgs. Enghave - Holmene;1985K1;1351
Kgs. Enghave - Holmene;1986K1;1325
Kgs. Enghave - Holmene;1987K1;1281
Kgs. Enghave - Holmene;1988K1;1277
Kgs. Enghave - Holmene;1989K1;1272
Kgs. Enghave - Holmene;1990K1;1230
Kgs. Enghave - Holmene;1991K1;11
Kgs. Enghave - Holmene;1992K1;12
Kgs. Enghave - Holmene;1993K1;13
Kgs. Enghave - Holmene;1994K1;6
Kgs. Enghave - Holmene;1995K1;8
Kgs. Enghave - Holmene;1996K1;10
Kgs. Enghave - Holmene;1997K1;12
Kgs. Enghave - Holmene;1998K1;10
Kgs. Enghave - Holmene;1999K1;9
Kgs. Enghave - Holmene;2000K1;9
Kgs. Enghave - Holmene;2001K1;7
Kgs. Enghave - Holmene;2002K1;8
Kgs. Enghave - Holmene;2002K2;9
Kgs. Enghave - Holmene;2002K3;9
Kgs. Enghave - Holmene;2002K4;9
Kgs. Enghave - Holmene;2003K1;9
Kgs. Enghave - Holmene;2003K2;9
Kgs. Enghave - Holmene;2003K3;9
Kgs. Enghave - Holmene;2003K4;7
Kgs. Enghave - Holmene;2004K1;8
Kgs. Enghave - Holmene;2004K2;12
Kgs. Enghave - Holmene;2004K3;10
Kgs. Enghave - Holmene;2004K4;17
Kgs. Enghave - Holmene;2005K1;61
Kgs. Enghave - Holmene;2005K2;126
Kgs. Enghave - Holmene;2005K3;187
Kgs. Enghave - Holmene;2005K4;231
Kgs. Enghave - Holmene;2006K1;236
Kgs. Enghave - Holmene;2006K2;245
Kgs. Enghave - Holmene;2006K3;319
Kgs. Enghave - Holmene;2006K4;620
Kgs. Enghave - Holmene;2007K1;961
Kgs. Enghave - Holmene;2007K2;1147
Kgs. Enghave - Holmene;2007K3;1290
Kgs. Enghave - Holmene;2007K4;1549
Kgs. Enghave - Holmene;2008K1;1675
Kgs. Enghave - Holmene;2008K2;1914
Kgs. Enghave - Holmene;2008K3;2317
Kgs. Enghave - Holmene;2008K4;2746
Kgs. Enghave - Holmene;2009K1;2966
Kgs. Enghave - Holmene;2009K2;3094
Kgs. Enghave - Holmene;2009K3;3141
Kgs. Enghave - Holmene;2009K4;3346
Kgs. Enghave - Holmene;2010K1;3555
Kgs. Enghave - Holmene;2010K2;3679
Kgs. Enghave - Holmene;2010K3;3761
Kgs. Enghave - Holmene;2010K4;4015
Kgs. Enghave - Holmene;2011K1;4150
Kgs. Enghave - Holmene;2011K2;4200
Kgs. Enghave - Holmene;2011K3;4213
Kgs. Enghave - Holmene;2011K4;4321
Kgs. Enghave - Holmene;2012K1;4352
Kgs. Enghave - Holmene;2012K2;4387
Kgs. Enghave - Holmene;2012K3;4376
Kgs. Enghave - Holmene;2012K4;4392
Kgs. Enghave - Holmene;2013K1;4425
Kgs. Enghave - Holmene;2013K2;4470
Kgs. Enghave - Holmene;2013K3;4474
Kgs. Enghave - Holmene;2013K4;4562
Kgs. Enghave - Holmene;2014K1;4581
Kgs. Enghave - Holmene;2014K2;4625
Kgs. Enghave - Holmene;2014K3;4794
Kgs. Enghave - Holmene;2014K4;5180
Kgs. Enghave - Holmene;2015K1;5247
Kgs. Enghave - Holmene;2015K2;5352
Kgs. Enghave - Holmene;2015K3;5377
Kgs. Enghave - Holmene;2015K4;5652
Kgs. Enghave - Holmene;2016K1;5994
Kgs. Enghave - Holmene;2016K2;6510
Kgs. Enghave - Holmene;2016K3;6911
Kgs. Enghave - Holmene;2016K4;7170
Kgs. Enghave - Holmene;2017K1;7703
Kgs. Enghave - Holmene;2017K2;8215
Kgs. Enghave - Holmene;2017K3;8489
Kgs. Enghave - Holmene;2017K4;9267
Kgs. Enghave - Holmene;2018K1;9729
Kgs. Enghave - Holmene;2018K2;10181
Kgs. Enghave - Holmene;2018K3;10502
Kgs. Enghave - Holmene;2018K4;11109
Kgs. Enghave - Holmene;2019K1;11214
Kgs. Enghave - Holmene;2019K2;11559
Kgs. Enghave - Holmene;2019K3;12241
Kgs. Enghave - Holmene;2019K4;13024
Kgs. Enghave - Holmene;2020K1;13640
Kgs. Enghave - Holmene;2020K2;13992
Kgs. Enghave - Holmene;2020K3;14189
Kgs. Enghave - Holmene;2020K4;14678
Kgs. Enghave - Holmene;2021K1;15065
Kgs. Enghave - Holmene;2021K2;15419
Kgs. Enghave - Holmene;2021K3;15837
Kgs. Enghave - Holmene;2021K4;16268
Kgs. Enghave - Holmene;2022K1;16367
Kgs. Enghave - Holmene;2022K2;16285
Kgs. Enghave - Holmene;2022K3;16238
Kgs. Enghave - Holmene;2022K4;16216
Kgs. Enghave - Holmene;2023K1;16222
Kgs. Enghave - Holmene;2023K2;16315
Kgs. Enghave - Holmene;2023K3;16259
Kgs. Enghave - Holmene;2023K4;16361
Kgs. Enghave - Holmene;2024K1;16263
Kgs. Enghave - Holmene;2024K2;16496
Kgs. Enghave - Holmene;2024K3;16585
Kgs. Enghave - Holmene;2024K4;16664
Kgs. Enghave - Holmene;2025K1;16806
Valby - Gl. Valby;1974K1;10606
Valby - Gl. Valby;1975K1;10317
Valby - Gl. Valby;1976K1;10256
Valby - Gl. Valby;1977K1;9901
Valby - Gl. Valby;1978K1;9726
Valby - Gl. Valby;1979K1;9532
Valby - Gl. Valby;1980K1;9532
Valby - Gl. Valby;1981K1;9406
Valby - Gl. Valby;1982K1;9650
Valby - Gl. Valby;1983K1;9580
Valby - Gl. Valby;1984K1;9592
Valby - Gl. Valby;1985K1;9818
Valby - Gl. Valby;1986K1;9732
Valby - Gl. Valby;1987K1;9592
Valby - Gl. Valby;1988K1;9661
Valby - Gl. Valby;1989K1;9562
Valby - Gl. Valby;1990K1;9522
Valby - Gl. Valby;1991K1;9796
Valby - Gl. Valby;1992K1;9851
Valby - Gl. Valby;1993K1;9763
Valby - Gl. Valby;1994K1;9854
Valby - Gl. Valby;1995K1;9961
Valby - Gl. Valby;1996K1;10108
Valby - Gl. Valby;1997K1;10142
Valby - Gl. Valby;1998K1;10207
Valby - Gl. Valby;1999K1;10290
Valby - Gl. Valby;2000K1;10252
Valby - Gl. Valby;2001K1;10165
Valby - Gl. Valby;2002K1;10272
Valby - Gl. Valby;2002K2;10256
Valby - Gl. Valby;2002K3;10204
Valby - Gl. Valby;2002K4;10212
Valby - Gl. Valby;2003K1;10248
Valby - Gl. Valby;2003K2;10234
Valby - Gl. Valby;2003K3;10240
Valby - Gl. Valby;2003K4;10317
Valby - Gl. Valby;2004K1;10268
Valby - Gl. Valby;2004K2;10249
Valby - Gl. Valby;2004K3;10237
Valby - Gl. Valby;2004K4;10228
Valby - Gl. Valby;2005K1;10321
Valby - Gl. Valby;2005K2;10342
Valby - Gl. Valby;2005K3;10369
Valby - Gl. Valby;2005K4;10333
Valby - Gl. Valby;2006K1;10160
Valby - Gl. Valby;2006K2;10128
Valby - Gl. Valby;2006K3;10140
Valby - Gl. Valby;2006K4;10181
Valby - Gl. Valby;2007K1;10175
Valby - Gl. Valby;2007K2;10191
Valby - Gl. Valby;2007K3;10165
Valby - Gl. Valby;2007K4;10228
Valby - Gl. Valby;2008K1;10223
Valby - Gl. Valby;2008K2;10173
Valby - Gl. Valby;2008K3;10181
Valby - Gl. Valby;2008K4;10396
Valby - Gl. Valby;2009K1;10472
Valby - Gl. Valby;2009K2;10514
Valby - Gl. Valby;2009K3;10604
Valby - Gl. Valby;2009K4;10662
Valby - Gl. Valby;2010K1;10674
Valby - Gl. Valby;2010K2;10704
Valby - Gl. Valby;2010K3;10678
Valby - Gl. Valby;2010K4;10795
Valby - Gl. Valby;2011K1;10835
Valby - Gl. Valby;2011K2;11024
Valby - Gl. Valby;2011K3;10978
Valby - Gl. Valby;2011K4;11020
Valby - Gl. Valby;2012K1;11125
Valby - Gl. Valby;2012K2;11154
Valby - Gl. Valby;2012K3;11111
Valby - Gl. Valby;2012K4;11265
Valby - Gl. Valby;2013K1;11295
Valby - Gl. Valby;2013K2;11371
Valby - Gl. Valby;2013K3;11302
Valby - Gl. Valby;2013K4;11422
Valby - Gl. Valby;2014K1;11445
Valby - Gl. Valby;2014K2;11461
Valby - Gl. Valby;2014K3;11456
Valby - Gl. Valby;2014K4;11572
Valby - Gl. Valby;2015K1;11599
Valby - Gl. Valby;2015K2;11575
Valby - Gl. Valby;2015K3;11581
Valby - Gl. Valby;2015K4;11670
Valby - Gl. Valby;2016K1;11852
Valby - Gl. Valby;2016K2;11930
Valby - Gl. Valby;2016K3;11944
Valby - Gl. Valby;2016K4;12006
Valby - Gl. Valby;2017K1;12019
Valby - Gl. Valby;2017K2;12053
Valby - Gl. Valby;2017K3;12048
Valby - Gl. Valby;2017K4;12179
Valby - Gl. Valby;2018K1;12105
Valby - Gl. Valby;2018K2;12044
Valby - Gl. Valby;2018K3;12046
Valby - Gl. Valby;2018K4;12086
Valby - Gl. Valby;2019K1;12098
Valby - Gl. Valby;2019K2;12097
Valby - Gl. Valby;2019K3;12149
Valby - Gl. Valby;2019K4;12161
Valby - Gl. Valby;2020K1;12139
Valby - Gl. Valby;2020K2;12082
Valby - Gl. Valby;2020K3;12083
Valby - Gl. Valby;2020K4;12172
Valby - Gl. Valby;2021K1;12152
Valby - Gl. Valby;2021K2;12109
Valby - Gl. Valby;2021K3;12102
Valby - Gl. Valby;2021K4;12165
Valby - Gl. Valby;2022K1;12209
Valby - Gl. Valby;2022K2;12150
Valby - Gl. Valby;2022K3;12183
Valby - Gl. Valby;2022K4;12229
Valby - Gl. Valby;2023K1;12376
Valby - Gl. Valby;2023K2;12450
Valby - Gl. Valby;2023K3;12459
Valby - Gl. Valby;2023K4;12520
Valby - Gl. Valby;2024K1;12451
Valby - Gl. Valby;2024K2;12470
Valby - Gl. Valby;2024K3;12418
Valby - Gl. Valby;2024K4;12422
Valby - Gl. Valby;2025K1;12462
Valby - Syd;1974K1;15367
Valby - Syd;1975K1;15019
Valby - Syd;1976K1;14494
Valby - Syd;1977K1;14109
Valby - Syd;1978K1;13776
Valby - Syd;1979K1;13859
Valby - Syd;1980K1;13844
Valby - Syd;1981K1;13574
Valby - Syd;1982K1;13449
Valby - Syd;1983K1;13290
Valby - Syd;1984K1;13162
Valby - Syd;1985K1;12989
Valby - Syd;1986K1;12916
Valby - Syd;1987K1;12881
Valby - Syd;1988K1;12878
Valby - Syd;1989K1;12822
Valby - Syd;1990K1;12899
Valby - Syd;1991K1;12697
Valby - Syd;1992K1;12758
Valby - Syd;1993K1;12948
Valby - Syd;1994K1;12973
Valby - Syd;1995K1;12901
Valby - Syd;1996K1;12914
Valby - Syd;1997K1;13000
Valby - Syd;1998K1;13026
Valby - Syd;1999K1;13119
Valby - Syd;2000K1;13182
Valby - Syd;2001K1;13205
Valby - Syd;2002K1;13207
Valby - Syd;2002K2;13209
Valby - Syd;2002K3;13158
Valby - Syd;2002K4;13228
Valby - Syd;2003K1;13175
Valby - Syd;2003K2;13159
Valby - Syd;2003K3;13137
Valby - Syd;2003K4;13167
Valby - Syd;2004K1;13132
Valby - Syd;2004K2;13149
Valby - Syd;2004K3;13056
Valby - Syd;2004K4;13025
Valby - Syd;2005K1;13013
Valby - Syd;2005K2;12990
Valby - Syd;2005K3;12891
Valby - Syd;2005K4;12880
Valby - Syd;2006K1;12819
Valby - Syd;2006K2;12745
Valby - Syd;2006K3;12632
Valby - Syd;2006K4;12650
Valby - Syd;2007K1;12589
Valby - Syd;2007K2;12565
Valby - Syd;2007K3;12705
Valby - Syd;2007K4;12825
Valby - Syd;2008K1;12988
Valby - Syd;2008K2;13254
Valby - Syd;2008K3;13322
Valby - Syd;2008K4;13451
Valby - Syd;2009K1;13516
Valby - Syd;2009K2;13564
Valby - Syd;2009K3;13567
Valby - Syd;2009K4;13732
Valby - Syd;2010K1;13735
Valby - Syd;2010K2;13793
Valby - Syd;2010K3;13837
Valby - Syd;2010K4;14182
Valby - Syd;2011K1;14296
Valby - Syd;2011K2;14456
Valby - Syd;2011K3;14463
Valby - Syd;2011K4;14648
Valby - Syd;2012K1;14630
Valby - Syd;2012K2;14664
Valby - Syd;2012K3;14714
Valby - Syd;2012K4;14862
Valby - Syd;2013K1;15018
Valby - Syd;2013K2;15279
Valby - Syd;2013K3;15454
Valby - Syd;2013K4;15547
Valby - Syd;2014K1;15622
Valby - Syd;2014K2;15875
Valby - Syd;2014K3;15834
Valby - Syd;2014K4;16010
Valby - Syd;2015K1;16077
Valby - Syd;2015K2;16288
Valby - Syd;2015K3;16376
Valby - Syd;2015K4;16535
Valby - Syd;2016K1;16611
Valby - Syd;2016K2;16723
Valby - Syd;2016K3;16865
Valby - Syd;2016K4;17349
Valby - Syd;2017K1;17584
Valby - Syd;2017K2;17817
Valby - Syd;2017K3;17849
Valby - Syd;2017K4;18028
Valby - Syd;2018K1;18428
Valby - Syd;2018K2;18724
Valby - Syd;2018K3;18718
Valby - Syd;2018K4;19266
Valby - Syd;2019K1;19376
Valby - Syd;2019K2;19541
Valby - Syd;2019K3;19662
Valby - Syd;2019K4;19993
Valby - Syd;2020K1;20052
Valby - Syd;2020K2;20072
Valby - Syd;2020K3;20006
Valby - Syd;2020K4;20258
Valby - Syd;2021K1;20103
Valby - Syd;2021K2;20232
Valby - Syd;2021K3;20145
Valby - Syd;2021K4;20529
Valby - Syd;2022K1;20782
Valby - Syd;2022K2;20912
Valby - Syd;2022K3;21398
Valby - Syd;2022K4;21786
Valby - Syd;2023K1;22094
Valby - Syd;2023K2;21999
Valby - Syd;2023K3;21800
Valby - Syd;2023K4;21566
Valby - Syd;2024K1;21532
Valby - Syd;2024K2;21384
Valby - Syd;2024K3;21419
Valby - Syd;2024K4;21522
Valby - Syd;2025K1;21493
Valby - Ålholm;1974K1;9865
Valby - Ålholm;1975K1;9598
Valby - Ålholm;1976K1;9418
Valby - Ålholm;1977K1;9232
Valby - Ålholm;1978K1;9025
Valby - Ålholm;1979K1;8934
Valby - Ålholm;1980K1;8904
Valby - Ålholm;1981K1;8804
Valby - Ålholm;1982K1;8833
Valby - Ålholm;1983K1;8816
Valby - Ålholm;1984K1;8722
Valby - Ålholm;1985K1;8609
Valby - Ålholm;1986K1;8498
Valby - Ålholm;1987K1;8371
Valby - Ålholm;1988K1;8367
Valby - Ålholm;1989K1;8357
Valby - Ålholm;1990K1;8379
Valby - Ålholm;1991K1;8032
Valby - Ålholm;1992K1;8022
Valby - Ålholm;1993K1;7928
Valby - Ålholm;1994K1;7743
Valby - Ålholm;1995K1;7820
Valby - Ålholm;1996K1;8867
Valby - Ålholm;1997K1;9036
Valby - Ålholm;1998K1;9099
Valby - Ålholm;1999K1;9236
Valby - Ålholm;2000K1;9291
Valby - Ålholm;2001K1;9313
Valby - Ålholm;2002K1;9277
Valby - Ålholm;2002K2;9310
Valby - Ålholm;2002K3;9320
Valby - Ålholm;2002K4;9279
Valby - Ålholm;2003K1;9245
Valby - Ålholm;2003K2;9286
Valby - Ålholm;2003K3;9233
Valby - Ålholm;2003K4;9271
Valby - Ålholm;2004K1;9256
Valby - Ålholm;2004K2;9280
Valby - Ålholm;2004K3;9308
Valby - Ålholm;2004K4;9311
Valby - Ålholm;2005K1;9295
Valby - Ålholm;2005K2;9253
Valby - Ålholm;2005K3;9209
Valby - Ålholm;2005K4;9205
Valby - Ålholm;2006K1;9244
Valby - Ålholm;2006K2;9225
Valby - Ålholm;2006K3;9192
Valby - Ålholm;2006K4;9196
Valby - Ålholm;2007K1;9224
Valby - Ålholm;2007K2;9202
Valby - Ålholm;2007K3;9151
Valby - Ålholm;2007K4;9142
Valby - Ålholm;2008K1;9141
Valby - Ålholm;2008K2;9121
Valby - Ålholm;2008K3;9156
Valby - Ålholm;2008K4;9167
Valby - Ålholm;2009K1;9215
Valby - Ålholm;2009K2;9212
Valby - Ålholm;2009K3;9245
Valby - Ålholm;2009K4;9293
Valby - Ålholm;2010K1;9303
Valby - Ålholm;2010K2;9281
Valby - Ålholm;2010K3;9237
Valby - Ålholm;2010K4;9243
Valby - Ålholm;2011K1;9295
Valby - Ålholm;2011K2;9304
Valby - Ålholm;2011K3;9334
Valby - Ålholm;2011K4;9415
Valby - Ålholm;2012K1;9381
Valby - Ålholm;2012K2;9393
Valby - Ålholm;2012K3;9418
Valby - Ålholm;2012K4;9465
Valby - Ålholm;2013K1;9469
Valby - Ålholm;2013K2;9479
Valby - Ålholm;2013K3;9458
Valby - Ålholm;2013K4;9592
Valby - Ålholm;2014K1;9602
Valby - Ålholm;2014K2;9586
Valby - Ålholm;2014K3;9564
Valby - Ålholm;2014K4;9621
Valby - Ålholm;2015K1;9668
Valby - Ålholm;2015K2;9703
Valby - Ålholm;2015K3;9676
Valby - Ålholm;2015K4;9802
Valby - Ålholm;2016K1;9818
Valby - Ålholm;2016K2;9805
Valby - Ålholm;2016K3;9833
Valby - Ålholm;2016K4;9961
Valby - Ålholm;2017K1;9989
Valby - Ålholm;2017K2;9900
Valby - Ålholm;2017K3;9944
Valby - Ålholm;2017K4;9990
Valby - Ålholm;2018K1;9966
Valby - Ålholm;2018K2;9912
Valby - Ålholm;2018K3;9888
Valby - Ålholm;2018K4;9921
Valby - Ålholm;2019K1;9904
Valby - Ålholm;2019K2;9895
Valby - Ålholm;2019K3;9873
Valby - Ålholm;2019K4;9925
Valby - Ålholm;2020K1;9892
Valby - Ålholm;2020K2;9889
Valby - Ålholm;2020K3;9898
Valby - Ålholm;2020K4;9884
Valby - Ålholm;2021K1;9864
Valby - Ålholm;2021K2;9901
Valby - Ålholm;2021K3;9818
Valby - Ålholm;2021K4;9804
Valby - Ålholm;2022K1;9810
Valby - Ålholm;2022K2;9798
Valby - Ålholm;2022K3;9746
Valby - Ålholm;2022K4;9796
Valby - Ålholm;2023K1;9848
Valby - Ålholm;2023K2;9894
Valby - Ålholm;2023K3;9832
Valby - Ålholm;2023K4;9855
Valby - Ålholm;2024K1;9831
Valby - Ålholm;2024K2;9822
Valby - Ålholm;2024K3;9855
Valby - Ålholm;2024K4;9840
Valby - Ålholm;2025K1;9853
Valby - Valby Sydvest;1974K1;7868
Valby - Valby Sydvest;1975K1;7643
Valby - Valby Sydvest;1976K1;7492
Valby - Valby Sydvest;1977K1;7329
Valby - Valby Sydvest;1978K1;7132
Valby - Valby Sydvest;1979K1;6966
Valby - Valby Sydvest;1980K1;6767
Valby - Valby Sydvest;1981K1;6666
Valby - Valby Sydvest;1982K1;6606
Valby - Valby Sydvest;1983K1;6521
Valby - Valby Sydvest;1984K1;6460
Valby - Valby Sydvest;1985K1;6332
Valby - Valby Sydvest;1986K1;6245
Valby - Valby Sydvest;1987K1;6230
Valby - Valby Sydvest;1988K1;6148
Valby - Valby Sydvest;1989K1;6180
Valby - Valby Sydvest;1990K1;6173
Valby - Valby Sydvest;1991K1;6278
Valby - Valby Sydvest;1992K1;6281
Valby - Valby Sydvest;1993K1;6345
Valby - Valby Sydvest;1994K1;6277
Valby - Valby Sydvest;1995K1;6269
Valby - Valby Sydvest;1996K1;6369
Valby - Valby Sydvest;1997K1;6399
Valby - Valby Sydvest;1998K1;6584
Valby - Valby Sydvest;1999K1;6602
Valby - Valby Sydvest;2000K1;6596
Valby - Valby Sydvest;2001K1;6561
Valby - Valby Sydvest;2002K1;6562
Valby - Valby Sydvest;2002K2;6603
Valby - Valby Sydvest;2002K3;6633
Valby - Valby Sydvest;2002K4;6604
Valby - Valby Sydvest;2003K1;6628
Valby - Valby Sydvest;2003K2;6652
Valby - Valby Sydvest;2003K3;6629
Valby - Valby Sydvest;2003K4;6646
Valby - Valby Sydvest;2004K1;6646
Valby - Valby Sydvest;2004K2;6634
Valby - Valby Sydvest;2004K3;6627
Valby - Valby Sydvest;2004K4;6626
Valby - Valby Sydvest;2005K1;6635
Valby - Valby Sydvest;2005K2;6654
Valby - Valby Sydvest;2005K3;6626
Valby - Valby Sydvest;2005K4;6629
Valby - Valby Sydvest;2006K1;6601
Valby - Valby Sydvest;2006K2;6605
Valby - Valby Sydvest;2006K3;6529
Valby - Valby Sydvest;2006K4;6521
Valby - Valby Sydvest;2007K1;6517
Valby - Valby Sydvest;2007K2;6564
Valby - Valby Sydvest;2007K3;6535
Valby - Valby Sydvest;2007K4;6539
Valby - Valby Sydvest;2008K1;6522
Valby - Valby Sydvest;2008K2;6524
Valby - Valby Sydvest;2008K3;6541
Valby - Valby Sydvest;2008K4;6630
Valby - Valby Sydvest;2009K1;6601
Valby - Valby Sydvest;2009K2;6570
Valby - Valby Sydvest;2009K3;6605
Valby - Valby Sydvest;2009K4;6644
Valby - Valby Sydvest;2010K1;6665
Valby - Valby Sydvest;2010K2;6665
Valby - Valby Sydvest;2010K3;6730
Valby - Valby Sydvest;2010K4;6820
Valby - Valby Sydvest;2011K1;6847
Valby - Valby Sydvest;2011K2;6854
Valby - Valby Sydvest;2011K3;6877
Valby - Valby Sydvest;2011K4;6912
Valby - Valby Sydvest;2012K1;6964
Valby - Valby Sydvest;2012K2;6978
Valby - Valby Sydvest;2012K3;7009
Valby - Valby Sydvest;2012K4;7058
Valby - Valby Sydvest;2013K1;7041
Valby - Valby Sydvest;2013K2;7124
Valby - Valby Sydvest;2013K3;7132
Valby - Valby Sydvest;2013K4;7214
Valby - Valby Sydvest;2014K1;7223
Valby - Valby Sydvest;2014K2;7208
Valby - Valby Sydvest;2014K3;7273
Valby - Valby Sydvest;2014K4;7246
Valby - Valby Sydvest;2015K1;7244
Valby - Valby Sydvest;2015K2;7257
Valby - Valby Sydvest;2015K3;7285
Valby - Valby Sydvest;2015K4;7335
Valby - Valby Sydvest;2016K1;7365
Valby - Valby Sydvest;2016K2;7388
Valby - Valby Sydvest;2016K3;7446
Valby - Valby Sydvest;2016K4;7563
Valby - Valby Sydvest;2017K1;7563
Valby - Valby Sydvest;2017K2;7545
Valby - Valby Sydvest;2017K3;7584
Valby - Valby Sydvest;2017K4;7969
Valby - Valby Sydvest;2018K1;8371
Valby - Valby Sydvest;2018K2;8443
Valby - Valby Sydvest;2018K3;8691
Valby - Valby Sydvest;2018K4;9025
Valby - Valby Sydvest;2019K1;9391
Valby - Valby Sydvest;2019K2;9567
Valby - Valby Sydvest;2019K3;9824
Valby - Valby Sydvest;2019K4;10263
Valby - Valby Sydvest;2020K1;10683
Valby - Valby Sydvest;2020K2;11204
Valby - Valby Sydvest;2020K3;11573
Valby - Valby Sydvest;2020K4;11978
Valby - Valby Sydvest;2021K1;12379
Valby - Valby Sydvest;2021K2;12822
Valby - Valby Sydvest;2021K3;13102
Valby - Valby Sydvest;2021K4;13482
Valby - Valby Sydvest;2022K1;13839
Valby - Valby Sydvest;2022K2;14188
Valby - Valby Sydvest;2022K3;14378
Valby - Valby Sydvest;2022K4;14634
Valby - Valby Sydvest;2023K1;14730
Valby - Valby Sydvest;2023K2;14742
Valby - Valby Sydvest;2023K3;14572
Valby - Valby Sydvest;2023K4;14671
Valby - Valby Sydvest;2024K1;14693
Valby - Valby Sydvest;2024K2;14764
Valby - Valby Sydvest;2024K3;14807
Valby - Valby Sydvest;2024K4;15314
Valby - Valby Sydvest;2025K1;15489
Valby - Vigerslev;1974K1;8746
Valby - Vigerslev;1975K1;8539
Valby - Vigerslev;1976K1;8230
Valby - Vigerslev;1977K1;8068
Valby - Vigerslev;1978K1;7829
Valby - Vigerslev;1979K1;7635
Valby - Vigerslev;1980K1;7519
Valby - Vigerslev;1981K1;7440
Valby - Vigerslev;1982K1;7318
Valby - Vigerslev;1983K1;7491
Valby - Vigerslev;1984K1;7398
Valby - Vigerslev;1985K1;7261
Valby - Vigerslev;1986K1;7097
Valby - Vigerslev;1987K1;7172
Valby - Vigerslev;1988K1;7051
Valby - Vigerslev;1989K1;7003
Valby - Vigerslev;1990K1;6993
Valby - Vigerslev;1991K1;6782
Valby - Vigerslev;1992K1;6776
Valby - Vigerslev;1993K1;6802
Valby - Vigerslev;1994K1;6731
Valby - Vigerslev;1995K1;6721
Valby - Vigerslev;1996K1;6759
Valby - Vigerslev;1997K1;6758
Valby - Vigerslev;1998K1;6812
Valby - Vigerslev;1999K1;6859
Valby - Vigerslev;2000K1;6888
Valby - Vigerslev;2001K1;6945
Valby - Vigerslev;2002K1;6953
Valby - Vigerslev;2002K2;6970
Valby - Vigerslev;2002K3;6949
Valby - Vigerslev;2002K4;6950
Valby - Vigerslev;2003K1;6915
Valby - Vigerslev;2003K2;6894
Valby - Vigerslev;2003K3;6906
Valby - Vigerslev;2003K4;6914
Valby - Vigerslev;2004K1;6906
Valby - Vigerslev;2004K2;6846
Valby - Vigerslev;2004K3;6813
Valby - Vigerslev;2004K4;6840
Valby - Vigerslev;2005K1;6849
Valby - Vigerslev;2005K2;6826
Valby - Vigerslev;2005K3;6778
Valby - Vigerslev;2005K4;6805
Valby - Vigerslev;2006K1;6779
Valby - Vigerslev;2006K2;6730
Valby - Vigerslev;2006K3;6728
Valby - Vigerslev;2006K4;6759
Valby - Vigerslev;2007K1;6703
Valby - Vigerslev;2007K2;6693
Valby - Vigerslev;2007K3;6641
Valby - Vigerslev;2007K4;6660
Valby - Vigerslev;2008K1;6591
Valby - Vigerslev;2008K2;6600
Valby - Vigerslev;2008K3;6582
Valby - Vigerslev;2008K4;6572
Valby - Vigerslev;2009K1;6583
Valby - Vigerslev;2009K2;6619
Valby - Vigerslev;2009K3;6671
Valby - Vigerslev;2009K4;6726
Valby - Vigerslev;2010K1;6745
Valby - Vigerslev;2010K2;6702
Valby - Vigerslev;2010K3;6668
Valby - Vigerslev;2010K4;6639
Valby - Vigerslev;2011K1;6568
Valby - Vigerslev;2011K2;6589
Valby - Vigerslev;2011K3;6606
Valby - Vigerslev;2011K4;6596
Valby - Vigerslev;2012K1;6594
Valby - Vigerslev;2012K2;6611
Valby - Vigerslev;2012K3;6707
Valby - Vigerslev;2012K4;6832
Valby - Vigerslev;2013K1;6854
Valby - Vigerslev;2013K2;6874
Valby - Vigerslev;2013K3;6932
Valby - Vigerslev;2013K4;7008
Valby - Vigerslev;2014K1;7049
Valby - Vigerslev;2014K2;7100
Valby - Vigerslev;2014K3;7102
Valby - Vigerslev;2014K4;7124
Valby - Vigerslev;2015K1;7139
Valby - Vigerslev;2015K2;7163
Valby - Vigerslev;2015K3;7139
Valby - Vigerslev;2015K4;7184
Valby - Vigerslev;2016K1;7163
Valby - Vigerslev;2016K2;7280
Valby - Vigerslev;2016K3;7270
Valby - Vigerslev;2016K4;7310
Valby - Vigerslev;2017K1;7405
Valby - Vigerslev;2017K2;7420
Valby - Vigerslev;2017K3;7384
Valby - Vigerslev;2017K4;7436
Valby - Vigerslev;2018K1;7404
Valby - Vigerslev;2018K2;7418
Valby - Vigerslev;2018K3;7451
Valby - Vigerslev;2018K4;7507
Valby - Vigerslev;2019K1;7538
Valby - Vigerslev;2019K2;7473
Valby - Vigerslev;2019K3;7523
Valby - Vigerslev;2019K4;7498
Valby - Vigerslev;2020K1;7542
Valby - Vigerslev;2020K2;7507
Valby - Vigerslev;2020K3;7528
Valby - Vigerslev;2020K4;7603
Valby - Vigerslev;2021K1;7526
Valby - Vigerslev;2021K2;7485
Valby - Vigerslev;2021K3;7460
Valby - Vigerslev;2021K4;7516
Valby - Vigerslev;2022K1;7504
Valby - Vigerslev;2022K2;7470
Valby - Vigerslev;2022K3;7471
Valby - Vigerslev;2022K4;7444
Valby - Vigerslev;2023K1;7387
Valby - Vigerslev;2023K2;7319
Valby - Vigerslev;2023K3;7214
Valby - Vigerslev;2023K4;7321
Valby - Vigerslev;2024K1;7273
Valby - Vigerslev;2024K2;7335
Valby - Vigerslev;2024K3;7278
Valby - Vigerslev;2024K4;7224
Valby - Vigerslev;2025K1;7176
Vanløse - Jyllingevej Kvarter;1974K1;9858
Vanløse - Jyllingevej Kvarter;1975K1;9749
Vanløse - Jyllingevej Kvarter;1976K1;9593
Vanløse - Jyllingevej Kvarter;1977K1;9361
Vanløse - Jyllingevej Kvarter;1978K1;9395
Vanløse - Jyllingevej Kvarter;1979K1;9251
Vanløse - Jyllingevej Kvarter;1980K1;9198
Vanløse - Jyllingevej Kvarter;1981K1;9234
Vanløse - Jyllingevej Kvarter;1982K1;9230
Vanløse - Jyllingevej Kvarter;1983K1;9226
Vanløse - Jyllingevej Kvarter;1984K1;9236
Vanløse - Jyllingevej Kvarter;1985K1;9657
Vanløse - Jyllingevej Kvarter;1986K1;9600
Vanløse - Jyllingevej Kvarter;1987K1;9506
Vanløse - Jyllingevej Kvarter;1988K1;9553
Vanløse - Jyllingevej Kvarter;1989K1;9520
Vanløse - Jyllingevej Kvarter;1990K1;9500
Vanløse - Jyllingevej Kvarter;1991K1;9869
Vanløse - Jyllingevej Kvarter;1992K1;9902
Vanløse - Jyllingevej Kvarter;1993K1;9937
Vanløse - Jyllingevej Kvarter;1994K1;10101
Vanløse - Jyllingevej Kvarter;1995K1;10144
Vanløse - Jyllingevej Kvarter;1996K1;10155
Vanløse - Jyllingevej Kvarter;1997K1;10196
Vanløse - Jyllingevej Kvarter;1998K1;10221
Vanløse - Jyllingevej Kvarter;1999K1;10353
Vanløse - Jyllingevej Kvarter;2000K1;10407
Vanløse - Jyllingevej Kvarter;2001K1;10490
Vanløse - Jyllingevej Kvarter;2002K1;10528
Vanløse - Jyllingevej Kvarter;2002K2;10479
Vanløse - Jyllingevej Kvarter;2002K3;10466
Vanløse - Jyllingevej Kvarter;2002K4;10472
Vanløse - Jyllingevej Kvarter;2003K1;10486
Vanløse - Jyllingevej Kvarter;2003K2;10513
Vanløse - Jyllingevej Kvarter;2003K3;10520
Vanløse - Jyllingevej Kvarter;2003K4;10533
Vanløse - Jyllingevej Kvarter;2004K1;10520
Vanløse - Jyllingevej Kvarter;2004K2;10495
Vanløse - Jyllingevej Kvarter;2004K3;10481
Vanløse - Jyllingevej Kvarter;2004K4;10553
Vanløse - Jyllingevej Kvarter;2005K1;10639
Vanløse - Jyllingevej Kvarter;2005K2;10702
Vanløse - Jyllingevej Kvarter;2005K3;10742
Vanløse - Jyllingevej Kvarter;2005K4;10756
Vanløse - Jyllingevej Kvarter;2006K1;10793
Vanløse - Jyllingevej Kvarter;2006K2;10773
Vanløse - Jyllingevej Kvarter;2006K3;10704
Vanløse - Jyllingevej Kvarter;2006K4;10656
Vanløse - Jyllingevej Kvarter;2007K1;10641
Vanløse - Jyllingevej Kvarter;2007K2;10648
Vanløse - Jyllingevej Kvarter;2007K3;10646
Vanløse - Jyllingevej Kvarter;2007K4;10589
Vanløse - Jyllingevej Kvarter;2008K1;10612
Vanløse - Jyllingevej Kvarter;2008K2;10630
Vanløse - Jyllingevej Kvarter;2008K3;10657
Vanløse - Jyllingevej Kvarter;2008K4;10747
Vanløse - Jyllingevej Kvarter;2009K1;10782
Vanløse - Jyllingevej Kvarter;2009K2;10756
Vanløse - Jyllingevej Kvarter;2009K3;10795
Vanløse - Jyllingevej Kvarter;2009K4;10847
Vanløse - Jyllingevej Kvarter;2010K1;10881
Vanløse - Jyllingevej Kvarter;2010K2;10868
Vanløse - Jyllingevej Kvarter;2010K3;10880
Vanløse - Jyllingevej Kvarter;2010K4;10910
Vanløse - Jyllingevej Kvarter;2011K1;10943
Vanløse - Jyllingevej Kvarter;2011K2;10986
Vanløse - Jyllingevej Kvarter;2011K3;11045
Vanløse - Jyllingevej Kvarter;2011K4;11117
Vanløse - Jyllingevej Kvarter;2012K1;11123
Vanløse - Jyllingevej Kvarter;2012K2;11157
Vanløse - Jyllingevej Kvarter;2012K3;11124
Vanløse - Jyllingevej Kvarter;2012K4;11243
Vanløse - Jyllingevej Kvarter;2013K1;11297
Vanløse - Jyllingevej Kvarter;2013K2;11262
Vanløse - Jyllingevej Kvarter;2013K3;11252
Vanløse - Jyllingevej Kvarter;2013K4;11384
Vanløse - Jyllingevej Kvarter;2014K1;11420
Vanløse - Jyllingevej Kvarter;2014K2;11402
Vanløse - Jyllingevej Kvarter;2014K3;11376
Vanløse - Jyllingevej Kvarter;2014K4;11446
Vanløse - Jyllingevej Kvarter;2015K1;11492
Vanløse - Jyllingevej Kvarter;2015K2;11596
Vanløse - Jyllingevej Kvarter;2015K3;11638
Vanløse - Jyllingevej Kvarter;2015K4;11727
Vanløse - Jyllingevej Kvarter;2016K1;11789
Vanløse - Jyllingevej Kvarter;2016K2;11810
Vanløse - Jyllingevej Kvarter;2016K3;11749
Vanløse - Jyllingevej Kvarter;2016K4;11813
Vanløse - Jyllingevej Kvarter;2017K1;11803
Vanløse - Jyllingevej Kvarter;2017K2;11788
Vanløse - Jyllingevej Kvarter;2017K3;11771
Vanløse - Jyllingevej Kvarter;2017K4;11888
Vanløse - Jyllingevej Kvarter;2018K1;11860
Vanløse - Jyllingevej Kvarter;2018K2;11925
Vanløse - Jyllingevej Kvarter;2018K3;11932
Vanløse - Jyllingevej Kvarter;2018K4;11924
Vanløse - Jyllingevej Kvarter;2019K1;11899
Vanløse - Jyllingevej Kvarter;2019K2;11892
Vanløse - Jyllingevej Kvarter;2019K3;11897
Vanløse - Jyllingevej Kvarter;2019K4;11929
Vanløse - Jyllingevej Kvarter;2020K1;11961
Vanløse - Jyllingevej Kvarter;2020K2;11999
Vanløse - Jyllingevej Kvarter;2020K3;11955
Vanløse - Jyllingevej Kvarter;2020K4;11937
Vanløse - Jyllingevej Kvarter;2021K1;11866
Vanløse - Jyllingevej Kvarter;2021K2;11783
Vanløse - Jyllingevej Kvarter;2021K3;11725
Vanløse - Jyllingevej Kvarter;2021K4;11769
Vanløse - Jyllingevej Kvarter;2022K1;11760
Vanløse - Jyllingevej Kvarter;2022K2;11759
Vanløse - Jyllingevej Kvarter;2022K3;11815
Vanløse - Jyllingevej Kvarter;2022K4;11825
Vanløse - Jyllingevej Kvarter;2023K1;11812
Vanløse - Jyllingevej Kvarter;2023K2;11823
Vanløse - Jyllingevej Kvarter;2023K3;11796
Vanløse - Jyllingevej Kvarter;2023K4;11830
Vanløse - Jyllingevej Kvarter;2024K1;11836
Vanløse - Jyllingevej Kvarter;2024K2;11802
Vanløse - Jyllingevej Kvarter;2024K3;11829
Vanløse - Jyllingevej Kvarter;2024K4;11885
Vanløse - Jyllingevej Kvarter;2025K1;11888
Vanløse - Jernbane Allé Kvarter;1974K1;13208
Vanløse - Jernbane Allé Kvarter;1975K1;12901
Vanløse - Jernbane Allé Kvarter;1976K1;12606
Vanløse - Jernbane Allé Kvarter;1977K1;12267
Vanløse - Jernbane Allé Kvarter;1978K1;12039
Vanløse - Jernbane Allé Kvarter;1979K1;11681
Vanløse - Jernbane Allé Kvarter;1980K1;11525
Vanløse - Jernbane Allé Kvarter;1981K1;11467
Vanløse - Jernbane Allé Kvarter;1982K1;11444
Vanløse - Jernbane Allé Kvarter;1983K1;11377
Vanløse - Jernbane Allé Kvarter;1984K1;11376
Vanløse - Jernbane Allé Kvarter;1985K1;11259
Vanløse - Jernbane Allé Kvarter;1986K1;11189
Vanløse - Jernbane Allé Kvarter;1987K1;11047
Vanløse - Jernbane Allé Kvarter;1988K1;10900
Vanløse - Jernbane Allé Kvarter;1989K1;11042
Vanløse - Jernbane Allé Kvarter;1990K1;11056
Vanløse - Jernbane Allé Kvarter;1991K1;11880
Vanløse - Jernbane Allé Kvarter;1992K1;11789
Vanløse - Jernbane Allé Kvarter;1993K1;11891
Vanløse - Jernbane Allé Kvarter;1994K1;12004
Vanløse - Jernbane Allé Kvarter;1995K1;12036
Vanløse - Jernbane Allé Kvarter;1996K1;12052
Vanløse - Jernbane Allé Kvarter;1997K1;12126
Vanløse - Jernbane Allé Kvarter;1998K1;12176
Vanløse - Jernbane Allé Kvarter;1999K1;12118
Vanløse - Jernbane Allé Kvarter;2000K1;12227
Vanløse - Jernbane Allé Kvarter;2001K1;12302
Vanløse - Jernbane Allé Kvarter;2002K1;12456
Vanløse - Jernbane Allé Kvarter;2002K2;12411
Vanløse - Jernbane Allé Kvarter;2002K3;12373
Vanløse - Jernbane Allé Kvarter;2002K4;12478
Vanløse - Jernbane Allé Kvarter;2003K1;12478
Vanløse - Jernbane Allé Kvarter;2003K2;12397
Vanløse - Jernbane Allé Kvarter;2003K3;12423
Vanløse - Jernbane Allé Kvarter;2003K4;12451
Vanløse - Jernbane Allé Kvarter;2004K1;12503
Vanløse - Jernbane Allé Kvarter;2004K2;12563
Vanløse - Jernbane Allé Kvarter;2004K3;12467
Vanløse - Jernbane Allé Kvarter;2004K4;12472
Vanløse - Jernbane Allé Kvarter;2005K1;12487
Vanløse - Jernbane Allé Kvarter;2005K2;12491
Vanløse - Jernbane Allé Kvarter;2005K3;12434
Vanløse - Jernbane Allé Kvarter;2005K4;12392
Vanløse - Jernbane Allé Kvarter;2006K1;12320
Vanløse - Jernbane Allé Kvarter;2006K2;12342
Vanløse - Jernbane Allé Kvarter;2006K3;12312
Vanløse - Jernbane Allé Kvarter;2006K4;12278
Vanløse - Jernbane Allé Kvarter;2007K1;12215
Vanløse - Jernbane Allé Kvarter;2007K2;12237
Vanløse - Jernbane Allé Kvarter;2007K3;12284
Vanløse - Jernbane Allé Kvarter;2007K4;12363
Vanløse - Jernbane Allé Kvarter;2008K1;12335
Vanløse - Jernbane Allé Kvarter;2008K2;12335
Vanløse - Jernbane Allé Kvarter;2008K3;12196
Vanløse - Jernbane Allé Kvarter;2008K4;12244
Vanløse - Jernbane Allé Kvarter;2009K1;12312
Vanløse - Jernbane Allé Kvarter;2009K2;12426
Vanløse - Jernbane Allé Kvarter;2009K3;12403
Vanløse - Jernbane Allé Kvarter;2009K4;12427
Vanløse - Jernbane Allé Kvarter;2010K1;12484
Vanløse - Jernbane Allé Kvarter;2010K2;12584
Vanløse - Jernbane Allé Kvarter;2010K3;12581
Vanløse - Jernbane Allé Kvarter;2010K4;12635
Vanløse - Jernbane Allé Kvarter;2011K1;12756
Vanløse - Jernbane Allé Kvarter;2011K2;12840
Vanløse - Jernbane Allé Kvarter;2011K3;12857
Vanløse - Jernbane Allé Kvarter;2011K4;12989
Vanløse - Jernbane Allé Kvarter;2012K1;13041
Vanløse - Jernbane Allé Kvarter;2012K2;13050
Vanløse - Jernbane Allé Kvarter;2012K3;13055
Vanløse - Jernbane Allé Kvarter;2012K4;13182
Vanløse - Jernbane Allé Kvarter;2013K1;13212
Vanløse - Jernbane Allé Kvarter;2013K2;13282
Vanløse - Jernbane Allé Kvarter;2013K3;13308
Vanløse - Jernbane Allé Kvarter;2013K4;13452
Vanløse - Jernbane Allé Kvarter;2014K1;13439
Vanløse - Jernbane Allé Kvarter;2014K2;13521
Vanløse - Jernbane Allé Kvarter;2014K3;13448
Vanløse - Jernbane Allé Kvarter;2014K4;13570
Vanløse - Jernbane Allé Kvarter;2015K1;13582
Vanløse - Jernbane Allé Kvarter;2015K2;13622
Vanløse - Jernbane Allé Kvarter;2015K3;13650
Vanløse - Jernbane Allé Kvarter;2015K4;13813
Vanløse - Jernbane Allé Kvarter;2016K1;13818
Vanløse - Jernbane Allé Kvarter;2016K2;13891
Vanløse - Jernbane Allé Kvarter;2016K3;13856
Vanløse - Jernbane Allé Kvarter;2016K4;13934
Vanløse - Jernbane Allé Kvarter;2017K1;13888
Vanløse - Jernbane Allé Kvarter;2017K2;13939
Vanløse - Jernbane Allé Kvarter;2017K3;13884
Vanløse - Jernbane Allé Kvarter;2017K4;13979
Vanløse - Jernbane Allé Kvarter;2018K1;14054
Vanløse - Jernbane Allé Kvarter;2018K2;14236
Vanløse - Jernbane Allé Kvarter;2018K3;14233
Vanløse - Jernbane Allé Kvarter;2018K4;14262
Vanløse - Jernbane Allé Kvarter;2019K1;14329
Vanløse - Jernbane Allé Kvarter;2019K2;14293
Vanløse - Jernbane Allé Kvarter;2019K3;14291
Vanløse - Jernbane Allé Kvarter;2019K4;14328
Vanløse - Jernbane Allé Kvarter;2020K1;14283
Vanløse - Jernbane Allé Kvarter;2020K2;14295
Vanløse - Jernbane Allé Kvarter;2020K3;14142
Vanløse - Jernbane Allé Kvarter;2020K4;14163
Vanløse - Jernbane Allé Kvarter;2021K1;14111
Vanløse - Jernbane Allé Kvarter;2021K2;14007
Vanløse - Jernbane Allé Kvarter;2021K3;13964
Vanløse - Jernbane Allé Kvarter;2021K4;14106
Vanløse - Jernbane Allé Kvarter;2022K1;14073
Vanløse - Jernbane Allé Kvarter;2022K2;14034
Vanløse - Jernbane Allé Kvarter;2022K3;13992
Vanløse - Jernbane Allé Kvarter;2022K4;14024
Vanløse - Jernbane Allé Kvarter;2023K1;14017
Vanløse - Jernbane Allé Kvarter;2023K2;14023
Vanløse - Jernbane Allé Kvarter;2023K3;14004
Vanløse - Jernbane Allé Kvarter;2023K4;14029
Vanløse - Jernbane Allé Kvarter;2024K1;14033
Vanløse - Jernbane Allé Kvarter;2024K2;14111
Vanløse - Jernbane Allé Kvarter;2024K3;14125
Vanløse - Jernbane Allé Kvarter;2024K4;14097
Vanløse - Jernbane Allé Kvarter;2025K1;14009
Vanløse - Sallingvej Kvarter;1974K1;11986
Vanløse - Sallingvej Kvarter;1975K1;11708
Vanløse - Sallingvej Kvarter;1976K1;11382
Vanløse - Sallingvej Kvarter;1977K1;11147
Vanløse - Sallingvej Kvarter;1978K1;10815
Vanløse - Sallingvej Kvarter;1979K1;10613
Vanløse - Sallingvej Kvarter;1980K1;10455
Vanløse - Sallingvej Kvarter;1981K1;10418
Vanløse - Sallingvej Kvarter;1982K1;10308
Vanløse - Sallingvej Kvarter;1983K1;10251
Vanløse - Sallingvej Kvarter;1984K1;10278
Vanløse - Sallingvej Kvarter;1985K1;10146
Vanløse - Sallingvej Kvarter;1986K1;10057
Vanløse - Sallingvej Kvarter;1987K1;10013
Vanløse - Sallingvej Kvarter;1988K1;10051
Vanløse - Sallingvej Kvarter;1989K1;9975
Vanløse - Sallingvej Kvarter;1990K1;9889
Vanløse - Sallingvej Kvarter;1991K1;8221
Vanløse - Sallingvej Kvarter;1992K1;8253
Vanløse - Sallingvej Kvarter;1993K1;8306
Vanløse - Sallingvej Kvarter;1994K1;8338
Vanløse - Sallingvej Kvarter;1995K1;8374
Vanløse - Sallingvej Kvarter;1996K1;8495
Vanløse - Sallingvej Kvarter;1997K1;8556
Vanløse - Sallingvej Kvarter;1998K1;8595
Vanløse - Sallingvej Kvarter;1999K1;8621
Vanløse - Sallingvej Kvarter;2000K1;8646
Vanløse - Sallingvej Kvarter;2001K1;8720
Vanløse - Sallingvej Kvarter;2002K1;8701
Vanløse - Sallingvej Kvarter;2002K2;8645
Vanløse - Sallingvej Kvarter;2002K3;8646
Vanløse - Sallingvej Kvarter;2002K4;8673
Vanløse - Sallingvej Kvarter;2003K1;8658
Vanløse - Sallingvej Kvarter;2003K2;8653
Vanløse - Sallingvej Kvarter;2003K3;8612
Vanløse - Sallingvej Kvarter;2003K4;8623
Vanløse - Sallingvej Kvarter;2004K1;8629
Vanløse - Sallingvej Kvarter;2004K2;8670
Vanløse - Sallingvej Kvarter;2004K3;8603
Vanløse - Sallingvej Kvarter;2004K4;8646
Vanløse - Sallingvej Kvarter;2005K1;8630
Vanløse - Sallingvej Kvarter;2005K2;8609
Vanløse - Sallingvej Kvarter;2005K3;8590
Vanløse - Sallingvej Kvarter;2005K4;8550
Vanløse - Sallingvej Kvarter;2006K1;8513
Vanløse - Sallingvej Kvarter;2006K2;8520
Vanløse - Sallingvej Kvarter;2006K3;8453
Vanløse - Sallingvej Kvarter;2006K4;8439
Vanløse - Sallingvej Kvarter;2007K1;8432
Vanløse - Sallingvej Kvarter;2007K2;8424
Vanløse - Sallingvej Kvarter;2007K3;8428
Vanløse - Sallingvej Kvarter;2007K4;8451
Vanløse - Sallingvej Kvarter;2008K1;8467
Vanløse - Sallingvej Kvarter;2008K2;8477
Vanløse - Sallingvej Kvarter;2008K3;8440
Vanløse - Sallingvej Kvarter;2008K4;8471
Vanløse - Sallingvej Kvarter;2009K1;8518
Vanløse - Sallingvej Kvarter;2009K2;8577
Vanløse - Sallingvej Kvarter;2009K3;8599
Vanløse - Sallingvej Kvarter;2009K4;8645
Vanløse - Sallingvej Kvarter;2010K1;8720
Vanløse - Sallingvej Kvarter;2010K2;8742
Vanløse - Sallingvej Kvarter;2010K3;8781
Vanløse - Sallingvej Kvarter;2010K4;8863
Vanløse - Sallingvej Kvarter;2011K1;8892
Vanløse - Sallingvej Kvarter;2011K2;8974
Vanløse - Sallingvej Kvarter;2011K3;8985
Vanløse - Sallingvej Kvarter;2011K4;9066
Vanløse - Sallingvej Kvarter;2012K1;9099
Vanløse - Sallingvej Kvarter;2012K2;9115
Vanløse - Sallingvej Kvarter;2012K3;9096
Vanløse - Sallingvej Kvarter;2012K4;9143
Vanløse - Sallingvej Kvarter;2013K1;9162
Vanløse - Sallingvej Kvarter;2013K2;9247
Vanløse - Sallingvej Kvarter;2013K3;9193
Vanløse - Sallingvej Kvarter;2013K4;9264
Vanløse - Sallingvej Kvarter;2014K1;9321
Vanløse - Sallingvej Kvarter;2014K2;9330
Vanløse - Sallingvej Kvarter;2014K3;9287
Vanløse - Sallingvej Kvarter;2014K4;9379
Vanløse - Sallingvej Kvarter;2015K1;9387
Vanløse - Sallingvej Kvarter;2015K2;9447
Vanløse - Sallingvej Kvarter;2015K3;9477
Vanløse - Sallingvej Kvarter;2015K4;9589
Vanløse - Sallingvej Kvarter;2016K1;9605
Vanløse - Sallingvej Kvarter;2016K2;9587
Vanløse - Sallingvej Kvarter;2016K3;9627
Vanløse - Sallingvej Kvarter;2016K4;9702
Vanløse - Sallingvej Kvarter;2017K1;9765
Vanløse - Sallingvej Kvarter;2017K2;9708
Vanløse - Sallingvej Kvarter;2017K3;9691
Vanløse - Sallingvej Kvarter;2017K4;9728
Vanløse - Sallingvej Kvarter;2018K1;9737
Vanløse - Sallingvej Kvarter;2018K2;9727
Vanløse - Sallingvej Kvarter;2018K3;9782
Vanløse - Sallingvej Kvarter;2018K4;9797
Vanløse - Sallingvej Kvarter;2019K1;9811
Vanløse - Sallingvej Kvarter;2019K2;9763
Vanløse - Sallingvej Kvarter;2019K3;9688
Vanløse - Sallingvej Kvarter;2019K4;9701
Vanløse - Sallingvej Kvarter;2020K1;9693
Vanløse - Sallingvej Kvarter;2020K2;9701
Vanløse - Sallingvej Kvarter;2020K3;9693
Vanløse - Sallingvej Kvarter;2020K4;9748
Vanløse - Sallingvej Kvarter;2021K1;9703
Vanløse - Sallingvej Kvarter;2021K2;9661
Vanløse - Sallingvej Kvarter;2021K3;9660
Vanløse - Sallingvej Kvarter;2021K4;9625
Vanløse - Sallingvej Kvarter;2022K1;9645
Vanløse - Sallingvej Kvarter;2022K2;9651
Vanløse - Sallingvej Kvarter;2022K3;9495
Vanløse - Sallingvej Kvarter;2022K4;9494
Vanløse - Sallingvej Kvarter;2023K1;9493
Vanløse - Sallingvej Kvarter;2023K2;9565
Vanløse - Sallingvej Kvarter;2023K3;9559
Vanløse - Sallingvej Kvarter;2023K4;9556
Vanløse - Sallingvej Kvarter;2024K1;9522
Vanløse - Sallingvej Kvarter;2024K2;9580
Vanløse - Sallingvej Kvarter;2024K3;9544
Vanløse - Sallingvej Kvarter;2024K4;9550
Vanløse - Sallingvej Kvarter;2025K1;9566
Vanløse - Grøndals Park Kvarter;1974K1;5213
Vanløse - Grøndals Park Kvarter;1975K1;5081
Vanløse - Grøndals Park Kvarter;1976K1;4925
Vanløse - Grøndals Park Kvarter;1977K1;4882
Vanløse - Grøndals Park Kvarter;1978K1;4773
Vanløse - Grøndals Park Kvarter;1979K1;4681
Vanløse - Grøndals Park Kvarter;1980K1;4596
Vanløse - Grøndals Park Kvarter;1981K1;4564
Vanløse - Grøndals Park Kvarter;1982K1;4509
Vanløse - Grøndals Park Kvarter;1983K1;4478
Vanløse - Grøndals Park Kvarter;1984K1;4437
Vanløse - Grøndals Park Kvarter;1985K1;4408
Vanløse - Grøndals Park Kvarter;1986K1;4419
Vanløse - Grøndals Park Kvarter;1987K1;4399
Vanløse - Grøndals Park Kvarter;1988K1;4341
Vanløse - Grøndals Park Kvarter;1989K1;4314
Vanløse - Grøndals Park Kvarter;1990K1;4319
Vanløse - Grøndals Park Kvarter;1991K1;4319
Vanløse - Grøndals Park Kvarter;1992K1;4359
Vanløse - Grøndals Park Kvarter;1993K1;4331
Vanløse - Grøndals Park Kvarter;1994K1;4342
Vanløse - Grøndals Park Kvarter;1995K1;4369
Vanløse - Grøndals Park Kvarter;1996K1;4360
Vanløse - Grøndals Park Kvarter;1997K1;4414
Vanløse - Grøndals Park Kvarter;1998K1;4493
Vanløse - Grøndals Park Kvarter;1999K1;4522
Vanløse - Grøndals Park Kvarter;2000K1;4542
Vanløse - Grøndals Park Kvarter;2001K1;4537
Vanløse - Grøndals Park Kvarter;2002K1;4548
Vanløse - Grøndals Park Kvarter;2002K2;4590
Vanløse - Grøndals Park Kvarter;2002K3;4584
Vanløse - Grøndals Park Kvarter;2002K4;4599
Vanløse - Grøndals Park Kvarter;2003K1;4606
Vanløse - Grøndals Park Kvarter;2003K2;4630
Vanløse - Grøndals Park Kvarter;2003K3;4591
Vanløse - Grøndals Park Kvarter;2003K4;4571
Vanløse - Grøndals Park Kvarter;2004K1;4567
Vanløse - Grøndals Park Kvarter;2004K2;4524
Vanløse - Grøndals Park Kvarter;2004K3;4517
Vanløse - Grøndals Park Kvarter;2004K4;4511
Vanløse - Grøndals Park Kvarter;2005K1;4530
Vanløse - Grøndals Park Kvarter;2005K2;4532
Vanløse - Grøndals Park Kvarter;2005K3;4535
Vanløse - Grøndals Park Kvarter;2005K4;4553
Vanløse - Grøndals Park Kvarter;2006K1;4530
Vanløse - Grøndals Park Kvarter;2006K2;4518
Vanløse - Grøndals Park Kvarter;2006K3;4511
Vanløse - Grøndals Park Kvarter;2006K4;4521
Vanløse - Grøndals Park Kvarter;2007K1;4493
Vanløse - Grøndals Park Kvarter;2007K2;4484
Vanløse - Grøndals Park Kvarter;2007K3;4500
Vanløse - Grøndals Park Kvarter;2007K4;4499
Vanløse - Grøndals Park Kvarter;2008K1;4479
Vanløse - Grøndals Park Kvarter;2008K2;4478
Vanløse - Grøndals Park Kvarter;2008K3;4471
Vanløse - Grøndals Park Kvarter;2008K4;4494
Vanløse - Grøndals Park Kvarter;2009K1;4501
Vanløse - Grøndals Park Kvarter;2009K2;4497
Vanløse - Grøndals Park Kvarter;2009K3;4480
Vanløse - Grøndals Park Kvarter;2009K4;4484
Vanløse - Grøndals Park Kvarter;2010K1;4494
Vanløse - Grøndals Park Kvarter;2010K2;4518
Vanløse - Grøndals Park Kvarter;2010K3;4509
Vanløse - Grøndals Park Kvarter;2010K4;4520
Vanløse - Grøndals Park Kvarter;2011K1;4532
Vanløse - Grøndals Park Kvarter;2011K2;4545
Vanløse - Grøndals Park Kvarter;2011K3;4560
Vanløse - Grøndals Park Kvarter;2011K4;4580
Vanløse - Grøndals Park Kvarter;2012K1;4639
Vanløse - Grøndals Park Kvarter;2012K2;4703
Vanløse - Grøndals Park Kvarter;2012K3;4913
Vanløse - Grøndals Park Kvarter;2012K4;4938
Vanløse - Grøndals Park Kvarter;2013K1;4947
Vanløse - Grøndals Park Kvarter;2013K2;4943
Vanløse - Grøndals Park Kvarter;2013K3;4975
Vanløse - Grøndals Park Kvarter;2013K4;5007
Vanløse - Grøndals Park Kvarter;2014K1;5034
Vanløse - Grøndals Park Kvarter;2014K2;5027
Vanløse - Grøndals Park Kvarter;2014K3;5016
Vanløse - Grøndals Park Kvarter;2014K4;5028
Vanløse - Grøndals Park Kvarter;2015K1;5076
Vanløse - Grøndals Park Kvarter;2015K2;5103
Vanløse - Grøndals Park Kvarter;2015K3;5096
Vanløse - Grøndals Park Kvarter;2015K4;5131
Vanløse - Grøndals Park Kvarter;2016K1;5141
Vanløse - Grøndals Park Kvarter;2016K2;5147
Vanløse - Grøndals Park Kvarter;2016K3;5157
Vanløse - Grøndals Park Kvarter;2016K4;5191
Vanløse - Grøndals Park Kvarter;2017K1;5200
Vanløse - Grøndals Park Kvarter;2017K2;5190
Vanløse - Grøndals Park Kvarter;2017K3;5163
Vanløse - Grøndals Park Kvarter;2017K4;5168
Vanløse - Grøndals Park Kvarter;2018K1;5192
Vanløse - Grøndals Park Kvarter;2018K2;5174
Vanløse - Grøndals Park Kvarter;2018K3;5169
Vanløse - Grøndals Park Kvarter;2018K4;5176
Vanløse - Grøndals Park Kvarter;2019K1;5170
Vanløse - Grøndals Park Kvarter;2019K2;5177
Vanløse - Grøndals Park Kvarter;2019K3;5172
Vanløse - Grøndals Park Kvarter;2019K4;5179
Vanløse - Grøndals Park Kvarter;2020K1;5258
Vanløse - Grøndals Park Kvarter;2020K2;5286
Vanløse - Grøndals Park Kvarter;2020K3;5324
Vanløse - Grøndals Park Kvarter;2020K4;5310
Vanløse - Grøndals Park Kvarter;2021K1;5322
Vanløse - Grøndals Park Kvarter;2021K2;5323
Vanløse - Grøndals Park Kvarter;2021K3;5296
Vanløse - Grøndals Park Kvarter;2021K4;5305
Vanløse - Grøndals Park Kvarter;2022K1;5303
Vanløse - Grøndals Park Kvarter;2022K2;5265
Vanløse - Grøndals Park Kvarter;2022K3;5296
Vanløse - Grøndals Park Kvarter;2022K4;5314
Vanløse - Grøndals Park Kvarter;2023K1;5311
Vanløse - Grøndals Park Kvarter;2023K2;5346
Vanløse - Grøndals Park Kvarter;2023K3;5351
Vanløse - Grøndals Park Kvarter;2023K4;5361
Vanløse - Grøndals Park Kvarter;2024K1;5318
Vanløse - Grøndals Park Kvarter;2024K2;5306
Vanløse - Grøndals Park Kvarter;2024K3;5335
Vanløse - Grøndals Park Kvarter;2024K4;5363
Vanløse - Grøndals Park Kvarter;2025K1;5352
Brønshøj-Husum - Husum;1974K1;16785
Brønshøj-Husum - Husum;1975K1;16402
Brønshøj-Husum - Husum;1976K1;15918
Brønshøj-Husum - Husum;1977K1;15637
Brønshøj-Husum - Husum;1978K1;15274
Brønshøj-Husum - Husum;1979K1;15026
Brønshøj-Husum - Husum;1980K1;14805
Brønshøj-Husum - Husum;1981K1;14768
Brønshøj-Husum - Husum;1982K1;14604
Brønshøj-Husum - Husum;1983K1;14534
Brønshøj-Husum - Husum;1984K1;14450
Brønshøj-Husum - Husum;1985K1;13740
Brønshøj-Husum - Husum;1986K1;13628
Brønshøj-Husum - Husum;1987K1;13490
Brønshøj-Husum - Husum;1988K1;13415
Brønshøj-Husum - Husum;1989K1;13401
Brønshøj-Husum - Husum;1990K1;13451
Brønshøj-Husum - Husum;1991K1;13833
Brønshøj-Husum - Husum;1992K1;13849
Brønshøj-Husum - Husum;1993K1;13845
Brønshøj-Husum - Husum;1994K1;13799
Brønshøj-Husum - Husum;1995K1;13645
Brønshøj-Husum - Husum;1996K1;13545
Brønshøj-Husum - Husum;1997K1;13751
Brønshøj-Husum - Husum;1998K1;13930
Brønshøj-Husum - Husum;1999K1;13981
Brønshøj-Husum - Husum;2000K1;14116
Brønshøj-Husum - Husum;2001K1;14152
Brønshøj-Husum - Husum;2002K1;14165
Brønshøj-Husum - Husum;2002K2;14156
Brønshøj-Husum - Husum;2002K3;14244
Brønshøj-Husum - Husum;2002K4;14245
Brønshøj-Husum - Husum;2003K1;14262
Brønshøj-Husum - Husum;2003K2;14295
Brønshøj-Husum - Husum;2003K3;14327
Brønshøj-Husum - Husum;2003K4;14289
Brønshøj-Husum - Husum;2004K1;14289
Brønshøj-Husum - Husum;2004K2;14247
Brønshøj-Husum - Husum;2004K3;14256
Brønshøj-Husum - Husum;2004K4;14225
Brønshøj-Husum - Husum;2005K1;14246
Brønshøj-Husum - Husum;2005K2;14204
Brønshøj-Husum - Husum;2005K3;14181
Brønshøj-Husum - Husum;2005K4;14176
Brønshøj-Husum - Husum;2006K1;14120
Brønshøj-Husum - Husum;2006K2;14111
Brønshøj-Husum - Husum;2006K3;14068
Brønshøj-Husum - Husum;2006K4;14054
Brønshøj-Husum - Husum;2007K1;13919
Brønshøj-Husum - Husum;2007K2;13912
Brønshøj-Husum - Husum;2007K3;13964
Brønshøj-Husum - Husum;2007K4;14025
Brønshøj-Husum - Husum;2008K1;14060
Brønshøj-Husum - Husum;2008K2;14082
Brønshøj-Husum - Husum;2008K3;14034
Brønshøj-Husum - Husum;2008K4;14091
Brønshøj-Husum - Husum;2009K1;14094
Brønshøj-Husum - Husum;2009K2;14116
Brønshøj-Husum - Husum;2009K3;14143
Brønshøj-Husum - Husum;2009K4;14197
Brønshøj-Husum - Husum;2010K1;14212
Brønshøj-Husum - Husum;2010K2;14246
Brønshøj-Husum - Husum;2010K3;14281
Brønshøj-Husum - Husum;2010K4;14383
Brønshøj-Husum - Husum;2011K1;14476
Brønshøj-Husum - Husum;2011K2;14449
Brønshøj-Husum - Husum;2011K3;14468
Brønshøj-Husum - Husum;2011K4;14591
Brønshøj-Husum - Husum;2012K1;14655
Brønshøj-Husum - Husum;2012K2;14698
Brønshøj-Husum - Husum;2012K3;14745
Brønshøj-Husum - Husum;2012K4;14893
Brønshøj-Husum - Husum;2013K1;14907
Brønshøj-Husum - Husum;2013K2;14984
Brønshøj-Husum - Husum;2013K3;15000
Brønshøj-Husum - Husum;2013K4;15139
Brønshøj-Husum - Husum;2014K1;15219
Brønshøj-Husum - Husum;2014K2;15279
Brønshøj-Husum - Husum;2014K3;15247
Brønshøj-Husum - Husum;2014K4;15410
Brønshøj-Husum - Husum;2015K1;15382
Brønshøj-Husum - Husum;2015K2;15465
Brønshøj-Husum - Husum;2015K3;15580
Brønshøj-Husum - Husum;2015K4;15619
Brønshøj-Husum - Husum;2016K1;15671
Brønshøj-Husum - Husum;2016K2;15655
Brønshøj-Husum - Husum;2016K3;15641
Brønshøj-Husum - Husum;2016K4;15731
Brønshøj-Husum - Husum;2017K1;15764
Brønshøj-Husum - Husum;2017K2;15835
Brønshøj-Husum - Husum;2017K3;15789
Brønshøj-Husum - Husum;2017K4;15824
Brønshøj-Husum - Husum;2018K1;15831
Brønshøj-Husum - Husum;2018K2;15742
Brønshøj-Husum - Husum;2018K3;15845
Brønshøj-Husum - Husum;2018K4;15910
Brønshøj-Husum - Husum;2019K1;15880
Brønshøj-Husum - Husum;2019K2;15926
Brønshøj-Husum - Husum;2019K3;15922
Brønshøj-Husum - Husum;2019K4;15901
Brønshøj-Husum - Husum;2020K1;15904
Brønshøj-Husum - Husum;2020K2;15879
Brønshøj-Husum - Husum;2020K3;15872
Brønshøj-Husum - Husum;2020K4;15942
Brønshøj-Husum - Husum;2021K1;15900
Brønshøj-Husum - Husum;2021K2;15873
Brønshøj-Husum - Husum;2021K3;15886
Brønshøj-Husum - Husum;2021K4;15921
Brønshøj-Husum - Husum;2022K1;15931
Brønshøj-Husum - Husum;2022K2;15943
Brønshøj-Husum - Husum;2022K3;15926
Brønshøj-Husum - Husum;2022K4;15971
Brønshøj-Husum - Husum;2023K1;15933
Brønshøj-Husum - Husum;2023K2;15967
Brønshøj-Husum - Husum;2023K3;15967
Brønshøj-Husum - Husum;2023K4;15999
Brønshøj-Husum - Husum;2024K1;15907
Brønshøj-Husum - Husum;2024K2;15915
Brønshøj-Husum - Husum;2024K3;15930
Brønshøj-Husum - Husum;2024K4;15913
Brønshøj-Husum - Husum;2025K1;15883
Brønshøj-Husum - Husum Nord;1974K1;10998
Brønshøj-Husum - Husum Nord;1975K1;11162
Brønshøj-Husum - Husum Nord;1976K1;10864
Brønshøj-Husum - Husum Nord;1977K1;10592
Brønshøj-Husum - Husum Nord;1978K1;10429
Brønshøj-Husum - Husum Nord;1979K1;10255
Brønshøj-Husum - Husum Nord;1980K1;10063
Brønshøj-Husum - Husum Nord;1981K1;9865
Brønshøj-Husum - Husum Nord;1982K1;9747
Brønshøj-Husum - Husum Nord;1983K1;9481
Brønshøj-Husum - Husum Nord;1984K1;9366
Brønshøj-Husum - Husum Nord;1985K1;9214
Brønshøj-Husum - Husum Nord;1986K1;9096
Brønshøj-Husum - Husum Nord;1987K1;9308
Brønshøj-Husum - Husum Nord;1988K1;9516
Brønshøj-Husum - Husum Nord;1989K1;9452
Brønshøj-Husum - Husum Nord;1990K1;9424
Brønshøj-Husum - Husum Nord;1991K1;5935
Brønshøj-Husum - Husum Nord;1992K1;5969
Brønshøj-Husum - Husum Nord;1993K1;5930
Brønshøj-Husum - Husum Nord;1994K1;5926
Brønshøj-Husum - Husum Nord;1995K1;6779
Brønshøj-Husum - Husum Nord;1996K1;6804
Brønshøj-Husum - Husum Nord;1997K1;7489
Brønshøj-Husum - Husum Nord;1998K1;7671
Brønshøj-Husum - Husum Nord;1999K1;7729
Brønshøj-Husum - Husum Nord;2000K1;7763
Brønshøj-Husum - Husum Nord;2001K1;7671
Brønshøj-Husum - Husum Nord;2002K1;7752
Brønshøj-Husum - Husum Nord;2002K2;7770
Brønshøj-Husum - Husum Nord;2002K3;7722
Brønshøj-Husum - Husum Nord;2002K4;7820
Brønshøj-Husum - Husum Nord;2003K1;7799
Brønshøj-Husum - Husum Nord;2003K2;7756
Brønshøj-Husum - Husum Nord;2003K3;7774
Brønshøj-Husum - Husum Nord;2003K4;7801
Brønshøj-Husum - Husum Nord;2004K1;7794
Brønshøj-Husum - Husum Nord;2004K2;7801
Brønshøj-Husum - Husum Nord;2004K3;7824
Brønshøj-Husum - Husum Nord;2004K4;7842
Brønshøj-Husum - Husum Nord;2005K1;7839
Brønshøj-Husum - Husum Nord;2005K2;7792
Brønshøj-Husum - Husum Nord;2005K3;7781
Brønshøj-Husum - Husum Nord;2005K4;7789
Brønshøj-Husum - Husum Nord;2006K1;7790
Brønshøj-Husum - Husum Nord;2006K2;7765
Brønshøj-Husum - Husum Nord;2006K3;7769
Brønshøj-Husum - Husum Nord;2006K4;7823
Brønshøj-Husum - Husum Nord;2007K1;7776
Brønshøj-Husum - Husum Nord;2007K2;7773
Brønshøj-Husum - Husum Nord;2007K3;7774
Brønshøj-Husum - Husum Nord;2007K4;7705
Brønshøj-Husum - Husum Nord;2008K1;7758
Brønshøj-Husum - Husum Nord;2008K2;7806
Brønshøj-Husum - Husum Nord;2008K3;7821
Brønshøj-Husum - Husum Nord;2008K4;7871
Brønshøj-Husum - Husum Nord;2009K1;7856
Brønshøj-Husum - Husum Nord;2009K2;7859
Brønshøj-Husum - Husum Nord;2009K3;7842
Brønshøj-Husum - Husum Nord;2009K4;7915
Brønshøj-Husum - Husum Nord;2010K1;7902
Brønshøj-Husum - Husum Nord;2010K2;7867
Brønshøj-Husum - Husum Nord;2010K3;7857
Brønshøj-Husum - Husum Nord;2010K4;7863
Brønshøj-Husum - Husum Nord;2011K1;7926
Brønshøj-Husum - Husum Nord;2011K2;7999
Brønshøj-Husum - Husum Nord;2011K3;8121
Brønshøj-Husum - Husum Nord;2011K4;8225
Brønshøj-Husum - Husum Nord;2012K1;8245
Brønshøj-Husum - Husum Nord;2012K2;8245
Brønshøj-Husum - Husum Nord;2012K3;8340
Brønshøj-Husum - Husum Nord;2012K4;8388
Brønshøj-Husum - Husum Nord;2013K1;8403
Brønshøj-Husum - Husum Nord;2013K2;8443
Brønshøj-Husum - Husum Nord;2013K3;8457
Brønshøj-Husum - Husum Nord;2013K4;8488
Brønshøj-Husum - Husum Nord;2014K1;8469
Brønshøj-Husum - Husum Nord;2014K2;8481
Brønshøj-Husum - Husum Nord;2014K3;8515
Brønshøj-Husum - Husum Nord;2014K4;8592
Brønshøj-Husum - Husum Nord;2015K1;8606
Brønshøj-Husum - Husum Nord;2015K2;8619
Brønshøj-Husum - Husum Nord;2015K3;8639
Brønshøj-Husum - Husum Nord;2015K4;8734
Brønshøj-Husum - Husum Nord;2016K1;8789
Brønshøj-Husum - Husum Nord;2016K2;8835
Brønshøj-Husum - Husum Nord;2016K3;8856
Brønshøj-Husum - Husum Nord;2016K4;8906
Brønshøj-Husum - Husum Nord;2017K1;8865
Brønshøj-Husum - Husum Nord;2017K2;8887
Brønshøj-Husum - Husum Nord;2017K3;8895
Brønshøj-Husum - Husum Nord;2017K4;8889
Brønshøj-Husum - Husum Nord;2018K1;8816
Brønshøj-Husum - Husum Nord;2018K2;8800
Brønshøj-Husum - Husum Nord;2018K3;8768
Brønshøj-Husum - Husum Nord;2018K4;8785
Brønshøj-Husum - Husum Nord;2019K1;8805
Brønshøj-Husum - Husum Nord;2019K2;8781
Brønshøj-Husum - Husum Nord;2019K3;8707
Brønshøj-Husum - Husum Nord;2019K4;8710
Brønshøj-Husum - Husum Nord;2020K1;8669
Brønshøj-Husum - Husum Nord;2020K2;8629
Brønshøj-Husum - Husum Nord;2020K3;8562
Brønshøj-Husum - Husum Nord;2020K4;8572
Brønshøj-Husum - Husum Nord;2021K1;8538
Brønshøj-Husum - Husum Nord;2021K2;8467
Brønshøj-Husum - Husum Nord;2021K3;8437
Brønshøj-Husum - Husum Nord;2021K4;8465
Brønshøj-Husum - Husum Nord;2022K1;8485
Brønshøj-Husum - Husum Nord;2022K2;8412
Brønshøj-Husum - Husum Nord;2022K3;8407
Brønshøj-Husum - Husum Nord;2022K4;8421
Brønshøj-Husum - Husum Nord;2023K1;8423
Brønshøj-Husum - Husum Nord;2023K2;8364
Brønshøj-Husum - Husum Nord;2023K3;8466
Brønshøj-Husum - Husum Nord;2023K4;8899
Brønshøj-Husum - Husum Nord;2024K1;8951
Brønshøj-Husum - Husum Nord;2024K2;8884
Brønshøj-Husum - Husum Nord;2024K3;8917
Brønshøj-Husum - Husum Nord;2024K4;8966
Brønshøj-Husum - Husum Nord;2025K1;8942
Brønshøj-Husum - Tingbjerg;1974K1;2783
Brønshøj-Husum - Tingbjerg;1975K1;2711
Brønshøj-Husum - Tingbjerg;1976K1;2610
Brønshøj-Husum - Tingbjerg;1977K1;2527
Brønshøj-Husum - Tingbjerg;1978K1;2458
Brønshøj-Husum - Tingbjerg;1979K1;2386
Brønshøj-Husum - Tingbjerg;1980K1;2348
Brønshøj-Husum - Tingbjerg;1981K1;2286
Brønshøj-Husum - Tingbjerg;1982K1;2260
Brønshøj-Husum - Tingbjerg;1983K1;2194
Brønshøj-Husum - Tingbjerg;1984K1;2151
Brønshøj-Husum - Tingbjerg;1985K1;2160
Brønshøj-Husum - Tingbjerg;1986K1;2122
Brønshøj-Husum - Tingbjerg;1987K1;1751
Brønshøj-Husum - Tingbjerg;1988K1;1435
Brønshøj-Husum - Tingbjerg;1989K1;1432
Brønshøj-Husum - Tingbjerg;1990K1;1435
Brønshøj-Husum - Tingbjerg;1991K1;4096
Brønshøj-Husum - Tingbjerg;1992K1;4128
Brønshøj-Husum - Tingbjerg;1993K1;4128
Brønshøj-Husum - Tingbjerg;1994K1;4186
Brønshøj-Husum - Tingbjerg;1995K1;4200
Brønshøj-Husum - Tingbjerg;1996K1;4236
Brønshøj-Husum - Tingbjerg;1997K1;4329
Brønshøj-Husum - Tingbjerg;1998K1;4415
Brønshøj-Husum - Tingbjerg;1999K1;4568
Brønshøj-Husum - Tingbjerg;2000K1;4640
Brønshøj-Husum - Tingbjerg;2001K1;4759
Brønshøj-Husum - Tingbjerg;2002K1;4762
Brønshøj-Husum - Tingbjerg;2002K2;4762
Brønshøj-Husum - Tingbjerg;2002K3;4744
Brønshøj-Husum - Tingbjerg;2002K4;4754
Brønshøj-Husum - Tingbjerg;2003K1;4722
Brønshøj-Husum - Tingbjerg;2003K2;4713
Brønshøj-Husum - Tingbjerg;2003K3;4723
Brønshøj-Husum - Tingbjerg;2003K4;4700
Brønshøj-Husum - Tingbjerg;2004K1;4678
Brønshøj-Husum - Tingbjerg;2004K2;4636
Brønshøj-Husum - Tingbjerg;2004K3;4635
Brønshøj-Husum - Tingbjerg;2004K4;4631
Brønshøj-Husum - Tingbjerg;2005K1;4602
Brønshøj-Husum - Tingbjerg;2005K2;4623
Brønshøj-Husum - Tingbjerg;2005K3;4601
Brønshøj-Husum - Tingbjerg;2005K4;4592
Brønshøj-Husum - Tingbjerg;2006K1;4569
Brønshøj-Husum - Tingbjerg;2006K2;4567
Brønshøj-Husum - Tingbjerg;2006K3;4550
Brønshøj-Husum - Tingbjerg;2006K4;4497
Brønshøj-Husum - Tingbjerg;2007K1;4517
Brønshøj-Husum - Tingbjerg;2007K2;4498
Brønshøj-Husum - Tingbjerg;2007K3;4480
Brønshøj-Husum - Tingbjerg;2007K4;4497
Brønshøj-Husum - Tingbjerg;2008K1;4462
Brønshøj-Husum - Tingbjerg;2008K2;4422
Brønshøj-Husum - Tingbjerg;2008K3;4410
Brønshøj-Husum - Tingbjerg;2008K4;4468
Brønshøj-Husum - Tingbjerg;2009K1;4414
Brønshøj-Husum - Tingbjerg;2009K2;4455
Brønshøj-Husum - Tingbjerg;2009K3;4462
Brønshøj-Husum - Tingbjerg;2009K4;4476
Brønshøj-Husum - Tingbjerg;2010K1;4465
Brønshøj-Husum - Tingbjerg;2010K2;4496
Brønshøj-Husum - Tingbjerg;2010K3;4411
Brønshøj-Husum - Tingbjerg;2010K4;4363
Brønshøj-Husum - Tingbjerg;2011K1;4434
Brønshøj-Husum - Tingbjerg;2011K2;4457
Brønshøj-Husum - Tingbjerg;2011K3;4458
Brønshøj-Husum - Tingbjerg;2011K4;4584
Brønshøj-Husum - Tingbjerg;2012K1;4619
Brønshøj-Husum - Tingbjerg;2012K2;4638
Brønshøj-Husum - Tingbjerg;2012K3;4671
Brønshøj-Husum - Tingbjerg;2012K4;4825
Brønshøj-Husum - Tingbjerg;2013K1;4871
Brønshøj-Husum - Tingbjerg;2013K2;4885
Brønshøj-Husum - Tingbjerg;2013K3;4924
Brønshøj-Husum - Tingbjerg;2013K4;5019
Brønshøj-Husum - Tingbjerg;2014K1;5001
Brønshøj-Husum - Tingbjerg;2014K2;5035
Brønshøj-Husum - Tingbjerg;2014K3;5060
Brønshøj-Husum - Tingbjerg;2014K4;5187
Brønshøj-Husum - Tingbjerg;2015K1;5206
Brønshøj-Husum - Tingbjerg;2015K2;5229
Brønshøj-Husum - Tingbjerg;2015K3;5159
Brønshøj-Husum - Tingbjerg;2015K4;5205
Brønshøj-Husum - Tingbjerg;2016K1;5162
Brønshøj-Husum - Tingbjerg;2016K2;5188
Brønshøj-Husum - Tingbjerg;2016K3;5123
Brønshøj-Husum - Tingbjerg;2016K4;5147
Brønshøj-Husum - Tingbjerg;2017K1;5068
Brønshøj-Husum - Tingbjerg;2017K2;5082
Brønshøj-Husum - Tingbjerg;2017K3;5060
Brønshøj-Husum - Tingbjerg;2017K4;5092
Brønshøj-Husum - Tingbjerg;2018K1;5104
Brønshøj-Husum - Tingbjerg;2018K2;5108
Brønshøj-Husum - Tingbjerg;2018K3;5105
Brønshøj-Husum - Tingbjerg;2018K4;5172
Brønshøj-Husum - Tingbjerg;2019K1;5227
Brønshøj-Husum - Tingbjerg;2019K2;5202
Brønshøj-Husum - Tingbjerg;2019K3;5147
Brønshøj-Husum - Tingbjerg;2019K4;5071
Brønshøj-Husum - Tingbjerg;2020K1;5002
Brønshøj-Husum - Tingbjerg;2020K2;4932
Brønshøj-Husum - Tingbjerg;2020K3;4886
Brønshøj-Husum - Tingbjerg;2020K4;4818
Brønshøj-Husum - Tingbjerg;2021K1;4812
Brønshøj-Husum - Tingbjerg;2021K2;4737
Brønshøj-Husum - Tingbjerg;2021K3;4692
Brønshøj-Husum - Tingbjerg;2021K4;4662
Brønshøj-Husum - Tingbjerg;2022K1;4614
Brønshøj-Husum - Tingbjerg;2022K2;4567
Brønshøj-Husum - Tingbjerg;2022K3;4543
Brønshøj-Husum - Tingbjerg;2022K4;4603
Brønshøj-Husum - Tingbjerg;2023K1;4675
Brønshøj-Husum - Tingbjerg;2023K2;4653
Brønshøj-Husum - Tingbjerg;2023K3;4455
Brønshøj-Husum - Tingbjerg;2023K4;4848
Brønshøj-Husum - Tingbjerg;2024K1;4909
Brønshøj-Husum - Tingbjerg;2024K2;5047
Brønshøj-Husum - Tingbjerg;2024K3;5079
Brønshøj-Husum - Tingbjerg;2024K4;5113
Brønshøj-Husum - Tingbjerg;2025K1;5213
Brønshøj-Husum - Brønshøj;1974K1;9792
Brønshøj-Husum - Brønshøj;1975K1;9653
Brønshøj-Husum - Brønshøj;1976K1;9499
Brønshøj-Husum - Brønshøj;1977K1;9240
Brønshøj-Husum - Brønshøj;1978K1;9084
Brønshøj-Husum - Brønshøj;1979K1;8931
Brønshøj-Husum - Brønshøj;1980K1;8787
Brønshøj-Husum - Brønshøj;1981K1;8768
Brønshøj-Husum - Brønshøj;1982K1;8808
Brønshøj-Husum - Brønshøj;1983K1;8807
Brønshøj-Husum - Brønshøj;1984K1;8796
Brønshøj-Husum - Brønshøj;1985K1;8721
Brønshøj-Husum - Brønshøj;1986K1;8730
Brønshøj-Husum - Brønshøj;1987K1;8713
Brønshøj-Husum - Brønshøj;1988K1;8746
Brønshøj-Husum - Brønshøj;1989K1;8817
Brønshøj-Husum - Brønshøj;1990K1;8761
Brønshøj-Husum - Brønshøj;1991K1;9147
Brønshøj-Husum - Brønshøj;1992K1;9180
Brønshøj-Husum - Brønshøj;1993K1;9219
Brønshøj-Husum - Brønshøj;1994K1;9194
Brønshøj-Husum - Brønshøj;1995K1;9129
Brønshøj-Husum - Brønshøj;1996K1;9130
Brønshøj-Husum - Brønshøj;1997K1;9249
Brønshøj-Husum - Brønshøj;1998K1;9283
Brønshøj-Husum - Brønshøj;1999K1;9300
Brønshøj-Husum - Brønshøj;2000K1;9358
Brønshøj-Husum - Brønshøj;2001K1;9387
Brønshøj-Husum - Brønshøj;2002K1;9393
Brønshøj-Husum - Brønshøj;2002K2;9353
Brønshøj-Husum - Brønshøj;2002K3;9306
Brønshøj-Husum - Brønshøj;2002K4;9276
Brønshøj-Husum - Brønshøj;2003K1;9298
Brønshøj-Husum - Brønshøj;2003K2;9340
Brønshøj-Husum - Brønshøj;2003K3;9340
Brønshøj-Husum - Brønshøj;2003K4;9371
Brønshøj-Husum - Brønshøj;2004K1;9424
Brønshøj-Husum - Brønshøj;2004K2;9414
Brønshøj-Husum - Brønshøj;2004K3;9363
Brønshøj-Husum - Brønshøj;2004K4;9384
Brønshøj-Husum - Brønshøj;2005K1;9356
Brønshøj-Husum - Brønshøj;2005K2;9337
Brønshøj-Husum - Brønshøj;2005K3;9308
Brønshøj-Husum - Brønshøj;2005K4;9268
Brønshøj-Husum - Brønshøj;2006K1;9297
Brønshøj-Husum - Brønshøj;2006K2;9267
Brønshøj-Husum - Brønshøj;2006K3;9241
Brønshøj-Husum - Brønshøj;2006K4;9322
Brønshøj-Husum - Brønshøj;2007K1;9400
Brønshøj-Husum - Brønshøj;2007K2;9354
Brønshøj-Husum - Brønshøj;2007K3;9319
Brønshøj-Husum - Brønshøj;2007K4;9319
Brønshøj-Husum - Brønshøj;2008K1;9294
Brønshøj-Husum - Brønshøj;2008K2;9340
Brønshøj-Husum - Brønshøj;2008K3;9339
Brønshøj-Husum - Brønshøj;2008K4;9397
Brønshøj-Husum - Brønshøj;2009K1;9410
Brønshøj-Husum - Brønshøj;2009K2;9430
Brønshøj-Husum - Brønshøj;2009K3;9446
Brønshøj-Husum - Brønshøj;2009K4;9475
Brønshøj-Husum - Brønshøj;2010K1;9502
Brønshøj-Husum - Brønshøj;2010K2;9539
Brønshøj-Husum - Brønshøj;2010K3;9516
Brønshøj-Husum - Brønshøj;2010K4;9633
Brønshøj-Husum - Brønshøj;2011K1;9653
Brønshøj-Husum - Brønshøj;2011K2;9677
Brønshøj-Husum - Brønshøj;2011K3;9674
Brønshøj-Husum - Brønshøj;2011K4;9738
Brønshøj-Husum - Brønshøj;2012K1;9794
Brønshøj-Husum - Brønshøj;2012K2;9783
Brønshøj-Husum - Brønshøj;2012K3;9774
Brønshøj-Husum - Brønshøj;2012K4;9845
Brønshøj-Husum - Brønshøj;2013K1;9853
Brønshøj-Husum - Brønshøj;2013K2;9892
Brønshøj-Husum - Brønshøj;2013K3;9952
Brønshøj-Husum - Brønshøj;2013K4;10024
Brønshøj-Husum - Brønshøj;2014K1;10044
Brønshøj-Husum - Brønshøj;2014K2;10124
Brønshøj-Husum - Brønshøj;2014K3;10135
Brønshøj-Husum - Brønshøj;2014K4;10213
Brønshøj-Husum - Brønshøj;2015K1;10210
Brønshøj-Husum - Brønshøj;2015K2;10234
Brønshøj-Husum - Brønshøj;2015K3;10154
Brønshøj-Husum - Brønshøj;2015K4;10246
Brønshøj-Husum - Brønshøj;2016K1;10278
Brønshøj-Husum - Brønshøj;2016K2;10272
Brønshøj-Husum - Brønshøj;2016K3;10253
Brønshøj-Husum - Brønshøj;2016K4;10368
Brønshøj-Husum - Brønshøj;2017K1;10362
Brønshøj-Husum - Brønshøj;2017K2;10323
Brønshøj-Husum - Brønshøj;2017K3;10352
Brønshøj-Husum - Brønshøj;2017K4;10361
Brønshøj-Husum - Brønshøj;2018K1;10420
Brønshøj-Husum - Brønshøj;2018K2;10401
Brønshøj-Husum - Brønshøj;2018K3;10355
Brønshøj-Husum - Brønshøj;2018K4;10425
Brønshøj-Husum - Brønshøj;2019K1;10446
Brønshøj-Husum - Brønshøj;2019K2;10451
Brønshøj-Husum - Brønshøj;2019K3;10446
Brønshøj-Husum - Brønshøj;2019K4;10430
Brønshøj-Husum - Brønshøj;2020K1;10401
Brønshøj-Husum - Brønshøj;2020K2;10344
Brønshøj-Husum - Brønshøj;2020K3;10366
Brønshøj-Husum - Brønshøj;2020K4;10377
Brønshøj-Husum - Brønshøj;2021K1;10393
Brønshøj-Husum - Brønshøj;2021K2;10371
Brønshøj-Husum - Brønshøj;2021K3;10329
Brønshøj-Husum - Brønshøj;2021K4;10354
Brønshøj-Husum - Brønshøj;2022K1;10363
Brønshøj-Husum - Brønshøj;2022K2;10412
Brønshøj-Husum - Brønshøj;2022K3;10453
Brønshøj-Husum - Brønshøj;2022K4;10472
Brønshøj-Husum - Brønshøj;2023K1;10482
Brønshøj-Husum - Brønshøj;2023K2;10518
Brønshøj-Husum - Brønshøj;2023K3;10529
Brønshøj-Husum - Brønshøj;2023K4;10526
Brønshøj-Husum - Brønshøj;2024K1;10583
Brønshøj-Husum - Brønshøj;2024K2;10578
Brønshøj-Husum - Brønshøj;2024K3;10573
Brønshøj-Husum - Brønshøj;2024K4;10598
Brønshøj-Husum - Brønshøj;2025K1;10603
Brønshøj-Husum - Bellahøj;1974K1;4396
Brønshøj-Husum - Bellahøj;1975K1;4197
Brønshøj-Husum - Bellahøj;1976K1;4067
Brønshøj-Husum - Bellahøj;1977K1;3993
Brønshøj-Husum - Bellahøj;1978K1;3855
Brønshøj-Husum - Bellahøj;1979K1;3793
Brønshøj-Husum - Bellahøj;1980K1;3680
Brønshøj-Husum - Bellahøj;1981K1;3621
Brønshøj-Husum - Bellahøj;1982K1;3590
Brønshøj-Husum - Bellahøj;1983K1;3493
Brønshøj-Husum - Bellahøj;1984K1;3427
Brønshøj-Husum - Bellahøj;1985K1;3418
Brønshøj-Husum - Bellahøj;1986K1;3389
Brønshøj-Husum - Bellahøj;1987K1;3371
Brønshøj-Husum - Bellahøj;1988K1;3366
Brønshøj-Husum - Bellahøj;1989K1;3355
Brønshøj-Husum - Bellahøj;1990K1;3342
Brønshøj-Husum - Bellahøj;1991K1;3678
Brønshøj-Husum - Bellahøj;1992K1;3620
Brønshøj-Husum - Bellahøj;1993K1;3632
Brønshøj-Husum - Bellahøj;1994K1;3620
Brønshøj-Husum - Bellahøj;1995K1;3693
Brønshøj-Husum - Bellahøj;1996K1;3735
Brønshøj-Husum - Bellahøj;1997K1;3742
Brønshøj-Husum - Bellahøj;1998K1;3752
Brønshøj-Husum - Bellahøj;1999K1;3827
Brønshøj-Husum - Bellahøj;2000K1;3780
Brønshøj-Husum - Bellahøj;2001K1;3885
Brønshøj-Husum - Bellahøj;2002K1;3936
Brønshøj-Husum - Bellahøj;2002K2;3943
Brønshøj-Husum - Bellahøj;2002K3;3907
Brønshøj-Husum - Bellahøj;2002K4;3920
Brønshøj-Husum - Bellahøj;2003K1;3908
Brønshøj-Husum - Bellahøj;2003K2;3911
Brønshøj-Husum - Bellahøj;2003K3;3896
Brønshøj-Husum - Bellahøj;2003K4;3878
Brønshøj-Husum - Bellahøj;2004K1;3879
Brønshøj-Husum - Bellahøj;2004K2;3865
Brønshøj-Husum - Bellahøj;2004K3;3857
Brønshøj-Husum - Bellahøj;2004K4;3851
Brønshøj-Husum - Bellahøj;2005K1;3848
Brønshøj-Husum - Bellahøj;2005K2;3878
Brønshøj-Husum - Bellahøj;2005K3;3861
Brønshøj-Husum - Bellahøj;2005K4;3868
Brønshøj-Husum - Bellahøj;2006K1;3873
Brønshøj-Husum - Bellahøj;2006K2;3883
Brønshøj-Husum - Bellahøj;2006K3;3873
Brønshøj-Husum - Bellahøj;2006K4;3866
Brønshøj-Husum - Bellahøj;2007K1;3852
Brønshøj-Husum - Bellahøj;2007K2;3855
Brønshøj-Husum - Bellahøj;2007K3;3856
Brønshøj-Husum - Bellahøj;2007K4;3860
Brønshøj-Husum - Bellahøj;2008K1;3846
Brønshøj-Husum - Bellahøj;2008K2;3846
Brønshøj-Husum - Bellahøj;2008K3;3815
Brønshøj-Husum - Bellahøj;2008K4;3796
Brønshøj-Husum - Bellahøj;2009K1;3797
Brønshøj-Husum - Bellahøj;2009K2;3727
Brønshøj-Husum - Bellahøj;2009K3;3682
Brønshøj-Husum - Bellahøj;2009K4;3708
Brønshøj-Husum - Bellahøj;2010K1;3746
Brønshøj-Husum - Bellahøj;2010K2;3726
Brønshøj-Husum - Bellahøj;2010K3;3782
Brønshøj-Husum - Bellahøj;2010K4;3837
Brønshøj-Husum - Bellahøj;2011K1;3913
Brønshøj-Husum - Bellahøj;2011K2;3956
Brønshøj-Husum - Bellahøj;2011K3;3925
Brønshøj-Husum - Bellahøj;2011K4;3951
Brønshøj-Husum - Bellahøj;2012K1;4034
Brønshøj-Husum - Bellahøj;2012K2;4076
Brønshøj-Husum - Bellahøj;2012K3;4178
Brønshøj-Husum - Bellahøj;2012K4;4214
Brønshøj-Husum - Bellahøj;2013K1;4260
Brønshøj-Husum - Bellahøj;2013K2;4237
Brønshøj-Husum - Bellahøj;2013K3;4262
Brønshøj-Husum - Bellahøj;2013K4;4319
Brønshøj-Husum - Bellahøj;2014K1;4323
Brønshøj-Husum - Bellahøj;2014K2;4390
Brønshøj-Husum - Bellahøj;2014K3;4430
Brønshøj-Husum - Bellahøj;2014K4;4503
Brønshøj-Husum - Bellahøj;2015K1;4504
Brønshøj-Husum - Bellahøj;2015K2;4521
Brønshøj-Husum - Bellahøj;2015K3;4506
Brønshøj-Husum - Bellahøj;2015K4;4487
Brønshøj-Husum - Bellahøj;2016K1;4476
Brønshøj-Husum - Bellahøj;2016K2;4470
Brønshøj-Husum - Bellahøj;2016K3;4516
Brønshøj-Husum - Bellahøj;2016K4;4506
Brønshøj-Husum - Bellahøj;2017K1;4539
Brønshøj-Husum - Bellahøj;2017K2;4565
Brønshøj-Husum - Bellahøj;2017K3;4558
Brønshøj-Husum - Bellahøj;2017K4;4585
Brønshøj-Husum - Bellahøj;2018K1;4570
Brønshøj-Husum - Bellahøj;2018K2;4542
Brønshøj-Husum - Bellahøj;2018K3;4519
Brønshøj-Husum - Bellahøj;2018K4;4665
Brønshøj-Husum - Bellahøj;2019K1;4734
Brønshøj-Husum - Bellahøj;2019K2;4765
Brønshøj-Husum - Bellahøj;2019K3;4815
Brønshøj-Husum - Bellahøj;2019K4;4789
Brønshøj-Husum - Bellahøj;2020K1;4808
Brønshøj-Husum - Bellahøj;2020K2;4808
Brønshøj-Husum - Bellahøj;2020K3;4799
Brønshøj-Husum - Bellahøj;2020K4;4839
Brønshøj-Husum - Bellahøj;2021K1;4790
Brønshøj-Husum - Bellahøj;2021K2;4782
Brønshøj-Husum - Bellahøj;2021K3;4728
Brønshøj-Husum - Bellahøj;2021K4;4651
Brønshøj-Husum - Bellahøj;2022K1;4612
Brønshøj-Husum - Bellahøj;2022K2;4504
Brønshøj-Husum - Bellahøj;2022K3;4474
Brønshøj-Husum - Bellahøj;2022K4;4461
Brønshøj-Husum - Bellahøj;2023K1;4420
Brønshøj-Husum - Bellahøj;2023K2;4329
Brønshøj-Husum - Bellahøj;2023K3;4273
Brønshøj-Husum - Bellahøj;2023K4;4185
Brønshøj-Husum - Bellahøj;2024K1;4117
Brønshøj-Husum - Bellahøj;2024K2;4040
Brønshøj-Husum - Bellahøj;2024K3;3948
Brønshøj-Husum - Bellahøj;2024K4;3890
Brønshøj-Husum - Bellahøj;2025K1;3883
Bispebjerg - Emdrup;1974K1;4183
Bispebjerg - Emdrup;1975K1;4130
Bispebjerg - Emdrup;1976K1;4098
Bispebjerg - Emdrup;1977K1;4082
Bispebjerg - Emdrup;1978K1;3963
Bispebjerg - Emdrup;1979K1;3920
Bispebjerg - Emdrup;1980K1;3853
Bispebjerg - Emdrup;1981K1;3828
Bispebjerg - Emdrup;1982K1;3808
Bispebjerg - Emdrup;1983K1;3777
Bispebjerg - Emdrup;1984K1;3830
Bispebjerg - Emdrup;1985K1;3764
Bispebjerg - Emdrup;1986K1;3727
Bispebjerg - Emdrup;1987K1;3671
Bispebjerg - Emdrup;1988K1;3670
Bispebjerg - Emdrup;1989K1;3656
Bispebjerg - Emdrup;1990K1;3643
Bispebjerg - Emdrup;1991K1;3908
Bispebjerg - Emdrup;1992K1;3858
Bispebjerg - Emdrup;1993K1;3874
Bispebjerg - Emdrup;1994K1;3865
Bispebjerg - Emdrup;1995K1;3901
Bispebjerg - Emdrup;1996K1;3953
Bispebjerg - Emdrup;1997K1;3928
Bispebjerg - Emdrup;1998K1;3942
Bispebjerg - Emdrup;1999K1;4054
Bispebjerg - Emdrup;2000K1;4107
Bispebjerg - Emdrup;2001K1;4121
Bispebjerg - Emdrup;2002K1;4075
Bispebjerg - Emdrup;2002K2;4074
Bispebjerg - Emdrup;2002K3;4095
Bispebjerg - Emdrup;2002K4;4116
Bispebjerg - Emdrup;2003K1;4086
Bispebjerg - Emdrup;2003K2;4099
Bispebjerg - Emdrup;2003K3;4081
Bispebjerg - Emdrup;2003K4;4077
Bispebjerg - Emdrup;2004K1;4083
Bispebjerg - Emdrup;2004K2;4084
Bispebjerg - Emdrup;2004K3;4071
Bispebjerg - Emdrup;2004K4;4071
Bispebjerg - Emdrup;2005K1;4079
Bispebjerg - Emdrup;2005K2;4075
Bispebjerg - Emdrup;2005K3;4033
Bispebjerg - Emdrup;2005K4;4059
Bispebjerg - Emdrup;2006K1;4049
Bispebjerg - Emdrup;2006K2;4051
Bispebjerg - Emdrup;2006K3;4070
Bispebjerg - Emdrup;2006K4;4070
Bispebjerg - Emdrup;2007K1;4069
Bispebjerg - Emdrup;2007K2;4044
Bispebjerg - Emdrup;2007K3;4046
Bispebjerg - Emdrup;2007K4;4047
Bispebjerg - Emdrup;2008K1;4029
Bispebjerg - Emdrup;2008K2;4039
Bispebjerg - Emdrup;2008K3;4068
Bispebjerg - Emdrup;2008K4;4124
Bispebjerg - Emdrup;2009K1;4114
Bispebjerg - Emdrup;2009K2;4130
Bispebjerg - Emdrup;2009K3;4118
Bispebjerg - Emdrup;2009K4;4146
Bispebjerg - Emdrup;2010K1;4158
Bispebjerg - Emdrup;2010K2;4135
Bispebjerg - Emdrup;2010K3;4105
Bispebjerg - Emdrup;2010K4;4117
Bispebjerg - Emdrup;2011K1;4167
Bispebjerg - Emdrup;2011K2;4164
Bispebjerg - Emdrup;2011K3;4157
Bispebjerg - Emdrup;2011K4;4214
Bispebjerg - Emdrup;2012K1;4262
Bispebjerg - Emdrup;2012K2;4274
Bispebjerg - Emdrup;2012K3;4244
Bispebjerg - Emdrup;2012K4;4251
Bispebjerg - Emdrup;2013K1;4266
Bispebjerg - Emdrup;2013K2;4265
Bispebjerg - Emdrup;2013K3;4242
Bispebjerg - Emdrup;2013K4;4254
Bispebjerg - Emdrup;2014K1;4251
Bispebjerg - Emdrup;2014K2;4282
Bispebjerg - Emdrup;2014K3;4304
Bispebjerg - Emdrup;2014K4;4347
Bispebjerg - Emdrup;2015K1;4311
Bispebjerg - Emdrup;2015K2;4343
Bispebjerg - Emdrup;2015K3;4346
Bispebjerg - Emdrup;2015K4;4319
Bispebjerg - Emdrup;2016K1;4348
Bispebjerg - Emdrup;2016K2;4360
Bispebjerg - Emdrup;2016K3;4355
Bispebjerg - Emdrup;2016K4;4403
Bispebjerg - Emdrup;2017K1;4394
Bispebjerg - Emdrup;2017K2;4455
Bispebjerg - Emdrup;2017K3;4437
Bispebjerg - Emdrup;2017K4;4465
Bispebjerg - Emdrup;2018K1;4435
Bispebjerg - Emdrup;2018K2;4479
Bispebjerg - Emdrup;2018K3;4432
Bispebjerg - Emdrup;2018K4;4468
Bispebjerg - Emdrup;2019K1;4432
Bispebjerg - Emdrup;2019K2;4408
Bispebjerg - Emdrup;2019K3;4389
Bispebjerg - Emdrup;2019K4;4448
Bispebjerg - Emdrup;2020K1;4397
Bispebjerg - Emdrup;2020K2;4409
Bispebjerg - Emdrup;2020K3;4364
Bispebjerg - Emdrup;2020K4;4411
Bispebjerg - Emdrup;2021K1;4396
Bispebjerg - Emdrup;2021K2;4276
Bispebjerg - Emdrup;2021K3;4263
Bispebjerg - Emdrup;2021K4;4296
Bispebjerg - Emdrup;2022K1;4275
Bispebjerg - Emdrup;2022K2;4295
Bispebjerg - Emdrup;2022K3;4310
Bispebjerg - Emdrup;2022K4;4326
Bispebjerg - Emdrup;2023K1;4320
Bispebjerg - Emdrup;2023K2;4362
Bispebjerg - Emdrup;2023K3;4339
Bispebjerg - Emdrup;2023K4;4411
Bispebjerg - Emdrup;2024K1;4344
Bispebjerg - Emdrup;2024K2;4390
Bispebjerg - Emdrup;2024K3;4365
Bispebjerg - Emdrup;2024K4;4361
Bispebjerg - Emdrup;2025K1;4348
Bispebjerg- Ryparken-Lundehus;1974K1;5710
Bispebjerg- Ryparken-Lundehus;1975K1;5593
Bispebjerg- Ryparken-Lundehus;1976K1;5421
Bispebjerg- Ryparken-Lundehus;1977K1;5308
Bispebjerg- Ryparken-Lundehus;1978K1;5141
Bispebjerg- Ryparken-Lundehus;1979K1;5035
Bispebjerg- Ryparken-Lundehus;1980K1;5068
Bispebjerg- Ryparken-Lundehus;1981K1;4990
Bispebjerg- Ryparken-Lundehus;1982K1;4932
Bispebjerg- Ryparken-Lundehus;1983K1;5278
Bispebjerg- Ryparken-Lundehus;1984K1;5241
Bispebjerg- Ryparken-Lundehus;1985K1;5173
Bispebjerg- Ryparken-Lundehus;1986K1;5086
Bispebjerg- Ryparken-Lundehus;1987K1;5071
Bispebjerg- Ryparken-Lundehus;1988K1;5033
Bispebjerg- Ryparken-Lundehus;1989K1;5000
Bispebjerg- Ryparken-Lundehus;1990K1;5044
Bispebjerg- Ryparken-Lundehus;1991K1;5034
Bispebjerg- Ryparken-Lundehus;1992K1;5008
Bispebjerg- Ryparken-Lundehus;1993K1;5059
Bispebjerg- Ryparken-Lundehus;1994K1;5057
Bispebjerg- Ryparken-Lundehus;1995K1;5074
Bispebjerg- Ryparken-Lundehus;1996K1;5105
Bispebjerg- Ryparken-Lundehus;1997K1;5124
Bispebjerg- Ryparken-Lundehus;1998K1;5130
Bispebjerg- Ryparken-Lundehus;1999K1;5190
Bispebjerg- Ryparken-Lundehus;2000K1;5220
Bispebjerg- Ryparken-Lundehus;2001K1;5284
Bispebjerg- Ryparken-Lundehus;2002K1;5331
Bispebjerg- Ryparken-Lundehus;2002K2;5325
Bispebjerg- Ryparken-Lundehus;2002K3;5279
Bispebjerg- Ryparken-Lundehus;2002K4;5321
Bispebjerg- Ryparken-Lundehus;2003K1;5308
Bispebjerg- Ryparken-Lundehus;2003K2;5288
Bispebjerg- Ryparken-Lundehus;2003K3;5295
Bispebjerg- Ryparken-Lundehus;2003K4;5310
Bispebjerg- Ryparken-Lundehus;2004K1;5344
Bispebjerg- Ryparken-Lundehus;2004K2;5306
Bispebjerg- Ryparken-Lundehus;2004K3;5395
Bispebjerg- Ryparken-Lundehus;2004K4;5405
Bispebjerg- Ryparken-Lundehus;2005K1;5410
Bispebjerg- Ryparken-Lundehus;2005K2;5415
Bispebjerg- Ryparken-Lundehus;2005K3;5411
Bispebjerg- Ryparken-Lundehus;2005K4;5464
Bispebjerg- Ryparken-Lundehus;2006K1;5447
Bispebjerg- Ryparken-Lundehus;2006K2;5450
Bispebjerg- Ryparken-Lundehus;2006K3;5480
Bispebjerg- Ryparken-Lundehus;2006K4;5499
Bispebjerg- Ryparken-Lundehus;2007K1;5483
Bispebjerg- Ryparken-Lundehus;2007K2;5440
Bispebjerg- Ryparken-Lundehus;2007K3;5439
Bispebjerg- Ryparken-Lundehus;2007K4;5466
Bispebjerg- Ryparken-Lundehus;2008K1;5419
Bispebjerg- Ryparken-Lundehus;2008K2;5444
Bispebjerg- Ryparken-Lundehus;2008K3;5485
Bispebjerg- Ryparken-Lundehus;2008K4;5575
Bispebjerg- Ryparken-Lundehus;2009K1;5593
Bispebjerg- Ryparken-Lundehus;2009K2;5619
Bispebjerg- Ryparken-Lundehus;2009K3;5603
Bispebjerg- Ryparken-Lundehus;2009K4;5565
Bispebjerg- Ryparken-Lundehus;2010K1;5576
Bispebjerg- Ryparken-Lundehus;2010K2;5596
Bispebjerg- Ryparken-Lundehus;2010K3;5611
Bispebjerg- Ryparken-Lundehus;2010K4;5576
Bispebjerg- Ryparken-Lundehus;2011K1;5650
Bispebjerg- Ryparken-Lundehus;2011K2;5673
Bispebjerg- Ryparken-Lundehus;2011K3;5693
Bispebjerg- Ryparken-Lundehus;2011K4;5681
Bispebjerg- Ryparken-Lundehus;2012K1;5741
Bispebjerg- Ryparken-Lundehus;2012K2;5725
Bispebjerg- Ryparken-Lundehus;2012K3;5729
Bispebjerg- Ryparken-Lundehus;2012K4;5786
Bispebjerg- Ryparken-Lundehus;2013K1;5819
Bispebjerg- Ryparken-Lundehus;2013K2;5789
Bispebjerg- Ryparken-Lundehus;2013K3;5785
Bispebjerg- Ryparken-Lundehus;2013K4;5813
Bispebjerg- Ryparken-Lundehus;2014K1;5831
Bispebjerg- Ryparken-Lundehus;2014K2;5883
Bispebjerg- Ryparken-Lundehus;2014K3;5856
Bispebjerg- Ryparken-Lundehus;2014K4;5918
Bispebjerg- Ryparken-Lundehus;2015K1;5923
Bispebjerg- Ryparken-Lundehus;2015K2;6057
Bispebjerg- Ryparken-Lundehus;2015K3;6049
Bispebjerg- Ryparken-Lundehus;2015K4;6063
Bispebjerg- Ryparken-Lundehus;2016K1;6109
Bispebjerg- Ryparken-Lundehus;2016K2;6134
Bispebjerg- Ryparken-Lundehus;2016K3;6117
Bispebjerg- Ryparken-Lundehus;2016K4;6129
Bispebjerg- Ryparken-Lundehus;2017K1;6130
Bispebjerg- Ryparken-Lundehus;2017K2;6117
Bispebjerg- Ryparken-Lundehus;2017K3;6133
Bispebjerg- Ryparken-Lundehus;2017K4;6164
Bispebjerg- Ryparken-Lundehus;2018K1;6166
Bispebjerg- Ryparken-Lundehus;2018K2;6153
Bispebjerg- Ryparken-Lundehus;2018K3;6173
Bispebjerg- Ryparken-Lundehus;2018K4;6196
Bispebjerg- Ryparken-Lundehus;2019K1;6144
Bispebjerg- Ryparken-Lundehus;2019K2;6096
Bispebjerg- Ryparken-Lundehus;2019K3;6132
Bispebjerg- Ryparken-Lundehus;2019K4;6147
Bispebjerg- Ryparken-Lundehus;2020K1;6122
Bispebjerg- Ryparken-Lundehus;2020K2;6058
Bispebjerg- Ryparken-Lundehus;2020K3;6003
Bispebjerg- Ryparken-Lundehus;2020K4;5929
Bispebjerg- Ryparken-Lundehus;2021K1;5954
Bispebjerg- Ryparken-Lundehus;2021K2;5994
Bispebjerg- Ryparken-Lundehus;2021K3;6088
Bispebjerg- Ryparken-Lundehus;2021K4;6160
Bispebjerg- Ryparken-Lundehus;2022K1;6298
Bispebjerg- Ryparken-Lundehus;2022K2;6309
Bispebjerg- Ryparken-Lundehus;2022K3;6328
Bispebjerg- Ryparken-Lundehus;2022K4;6383
Bispebjerg- Ryparken-Lundehus;2023K1;6377
Bispebjerg- Ryparken-Lundehus;2023K2;6419
Bispebjerg- Ryparken-Lundehus;2023K3;6400
Bispebjerg- Ryparken-Lundehus;2023K4;6435
Bispebjerg- Ryparken-Lundehus;2024K1;6468
Bispebjerg- Ryparken-Lundehus;2024K2;6521
Bispebjerg- Ryparken-Lundehus;2024K3;6500
Bispebjerg- Ryparken-Lundehus;2024K4;6546
Bispebjerg- Ryparken-Lundehus;2025K1;6556
Bispebjerg - Bispebjerg;1974K1;8031
Bispebjerg - Bispebjerg;1975K1;7836
Bispebjerg - Bispebjerg;1976K1;7639
Bispebjerg - Bispebjerg;1977K1;7468
Bispebjerg - Bispebjerg;1978K1;7349
Bispebjerg - Bispebjerg;1979K1;7162
Bispebjerg - Bispebjerg;1980K1;7109
Bispebjerg - Bispebjerg;1981K1;7041
Bispebjerg - Bispebjerg;1982K1;6986
Bispebjerg - Bispebjerg;1983K1;6905
Bispebjerg - Bispebjerg;1984K1;6931
Bispebjerg - Bispebjerg;1985K1;6808
Bispebjerg - Bispebjerg;1986K1;6782
Bispebjerg - Bispebjerg;1987K1;6786
Bispebjerg - Bispebjerg;1988K1;6757
Bispebjerg - Bispebjerg;1989K1;6653
Bispebjerg - Bispebjerg;1990K1;6574
Bispebjerg - Bispebjerg;1991K1;5310
Bispebjerg - Bispebjerg;1992K1;5250
Bispebjerg - Bispebjerg;1993K1;5320
Bispebjerg - Bispebjerg;1994K1;5293
Bispebjerg - Bispebjerg;1995K1;5355
Bispebjerg - Bispebjerg;1996K1;5408
Bispebjerg - Bispebjerg;1997K1;5436
Bispebjerg - Bispebjerg;1998K1;5415
Bispebjerg - Bispebjerg;1999K1;5484
Bispebjerg - Bispebjerg;2000K1;5478
Bispebjerg - Bispebjerg;2001K1;5552
Bispebjerg - Bispebjerg;2002K1;5596
Bispebjerg - Bispebjerg;2002K2;5612
Bispebjerg - Bispebjerg;2002K3;5596
Bispebjerg - Bispebjerg;2002K4;5593
Bispebjerg - Bispebjerg;2003K1;5560
Bispebjerg - Bispebjerg;2003K2;5561
Bispebjerg - Bispebjerg;2003K3;5556
Bispebjerg - Bispebjerg;2003K4;5599
Bispebjerg - Bispebjerg;2004K1;5581
Bispebjerg - Bispebjerg;2004K2;5529
Bispebjerg - Bispebjerg;2004K3;5526
Bispebjerg - Bispebjerg;2004K4;5526
Bispebjerg - Bispebjerg;2005K1;5475
Bispebjerg - Bispebjerg;2005K2;5492
Bispebjerg - Bispebjerg;2005K3;5496
Bispebjerg - Bispebjerg;2005K4;5527
Bispebjerg - Bispebjerg;2006K1;5497
Bispebjerg - Bispebjerg;2006K2;5500
Bispebjerg - Bispebjerg;2006K3;5444
Bispebjerg - Bispebjerg;2006K4;5428
Bispebjerg - Bispebjerg;2007K1;5461
Bispebjerg - Bispebjerg;2007K2;5538
Bispebjerg - Bispebjerg;2007K3;5549
Bispebjerg - Bispebjerg;2007K4;5549
Bispebjerg - Bispebjerg;2008K1;5543
Bispebjerg - Bispebjerg;2008K2;5540
Bispebjerg - Bispebjerg;2008K3;5554
Bispebjerg - Bispebjerg;2008K4;5563
Bispebjerg - Bispebjerg;2009K1;5534
Bispebjerg - Bispebjerg;2009K2;5624
Bispebjerg - Bispebjerg;2009K3;5617
Bispebjerg - Bispebjerg;2009K4;5655
Bispebjerg - Bispebjerg;2010K1;5674
Bispebjerg - Bispebjerg;2010K2;5663
Bispebjerg - Bispebjerg;2010K3;5700
Bispebjerg - Bispebjerg;2010K4;5810
Bispebjerg - Bispebjerg;2011K1;5812
Bispebjerg - Bispebjerg;2011K2;5902
Bispebjerg - Bispebjerg;2011K3;5909
Bispebjerg - Bispebjerg;2011K4;5969
Bispebjerg - Bispebjerg;2012K1;6038
Bispebjerg - Bispebjerg;2012K2;6042
Bispebjerg - Bispebjerg;2012K3;6088
Bispebjerg - Bispebjerg;2012K4;6166
Bispebjerg - Bispebjerg;2013K1;6180
Bispebjerg - Bispebjerg;2013K2;6212
Bispebjerg - Bispebjerg;2013K3;6251
Bispebjerg - Bispebjerg;2013K4;6324
Bispebjerg - Bispebjerg;2014K1;6398
Bispebjerg - Bispebjerg;2014K2;6443
Bispebjerg - Bispebjerg;2014K3;6442
Bispebjerg - Bispebjerg;2014K4;6495
Bispebjerg - Bispebjerg;2015K1;6488
Bispebjerg - Bispebjerg;2015K2;6487
Bispebjerg - Bispebjerg;2015K3;6481
Bispebjerg - Bispebjerg;2015K4;6553
Bispebjerg - Bispebjerg;2016K1;6526
Bispebjerg - Bispebjerg;2016K2;6538
Bispebjerg - Bispebjerg;2016K3;6524
Bispebjerg - Bispebjerg;2016K4;6507
Bispebjerg - Bispebjerg;2017K1;6506
Bispebjerg - Bispebjerg;2017K2;6529
Bispebjerg - Bispebjerg;2017K3;6448
Bispebjerg - Bispebjerg;2017K4;6440
Bispebjerg - Bispebjerg;2018K1;6392
Bispebjerg - Bispebjerg;2018K2;6367
Bispebjerg - Bispebjerg;2018K3;6373
Bispebjerg - Bispebjerg;2018K4;6384
Bispebjerg - Bispebjerg;2019K1;6346
Bispebjerg - Bispebjerg;2019K2;6316
Bispebjerg - Bispebjerg;2019K3;6299
Bispebjerg - Bispebjerg;2019K4;6302
Bispebjerg - Bispebjerg;2020K1;6285
Bispebjerg - Bispebjerg;2020K2;6265
Bispebjerg - Bispebjerg;2020K3;6217
Bispebjerg - Bispebjerg;2020K4;6212
Bispebjerg - Bispebjerg;2021K1;6237
Bispebjerg - Bispebjerg;2021K2;6206
Bispebjerg - Bispebjerg;2021K3;6159
Bispebjerg - Bispebjerg;2021K4;6154
Bispebjerg - Bispebjerg;2022K1;6131
Bispebjerg - Bispebjerg;2022K2;6132
Bispebjerg - Bispebjerg;2022K3;6146
Bispebjerg - Bispebjerg;2022K4;6165
Bispebjerg - Bispebjerg;2023K1;6169
Bispebjerg - Bispebjerg;2023K2;6197
Bispebjerg - Bispebjerg;2023K3;6222
Bispebjerg - Bispebjerg;2023K4;6229
Bispebjerg - Bispebjerg;2024K1;6247
Bispebjerg - Bispebjerg;2024K2;6256
Bispebjerg - Bispebjerg;2024K3;6224
Bispebjerg - Bispebjerg;2024K4;6245
Bispebjerg - Bispebjerg;2025K1;6246
Bispebjerg - Utterslev;1974K1;6093
Bispebjerg - Utterslev;1975K1;5980
Bispebjerg - Utterslev;1976K1;5820
Bispebjerg - Utterslev;1977K1;5656
Bispebjerg - Utterslev;1978K1;5516
Bispebjerg - Utterslev;1979K1;5384
Bispebjerg - Utterslev;1980K1;5235
Bispebjerg - Utterslev;1981K1;5134
Bispebjerg - Utterslev;1982K1;5257
Bispebjerg - Utterslev;1983K1;5284
Bispebjerg - Utterslev;1984K1;5210
Bispebjerg - Utterslev;1985K1;5130
Bispebjerg - Utterslev;1986K1;5096
Bispebjerg - Utterslev;1987K1;5053
Bispebjerg - Utterslev;1988K1;4997
Bispebjerg - Utterslev;1989K1;5005
Bispebjerg - Utterslev;1990K1;5003
Bispebjerg - Utterslev;1991K1;4804
Bispebjerg - Utterslev;1992K1;4641
Bispebjerg - Utterslev;1993K1;4603
Bispebjerg - Utterslev;1994K1;4450
Bispebjerg - Utterslev;1995K1;4467
Bispebjerg - Utterslev;1996K1;5076
Bispebjerg - Utterslev;1997K1;5167
Bispebjerg - Utterslev;1998K1;5359
Bispebjerg - Utterslev;1999K1;5433
Bispebjerg - Utterslev;2000K1;5557
Bispebjerg - Utterslev;2001K1;5528
Bispebjerg - Utterslev;2002K1;5552
Bispebjerg - Utterslev;2002K2;5590
Bispebjerg - Utterslev;2002K3;5593
Bispebjerg - Utterslev;2002K4;5583
Bispebjerg - Utterslev;2003K1;5575
Bispebjerg - Utterslev;2003K2;5560
Bispebjerg - Utterslev;2003K3;5581
Bispebjerg - Utterslev;2003K4;5594
Bispebjerg - Utterslev;2004K1;5571
Bispebjerg - Utterslev;2004K2;5582
Bispebjerg - Utterslev;2004K3;5582
Bispebjerg - Utterslev;2004K4;5552
Bispebjerg - Utterslev;2005K1;5537
Bispebjerg - Utterslev;2005K2;5524
Bispebjerg - Utterslev;2005K3;5509
Bispebjerg - Utterslev;2005K4;5491
Bispebjerg - Utterslev;2006K1;5543
Bispebjerg - Utterslev;2006K2;5517
Bispebjerg - Utterslev;2006K3;5500
Bispebjerg - Utterslev;2006K4;5496
Bispebjerg - Utterslev;2007K1;5480
Bispebjerg - Utterslev;2007K2;5437
Bispebjerg - Utterslev;2007K3;5430
Bispebjerg - Utterslev;2007K4;5469
Bispebjerg - Utterslev;2008K1;5473
Bispebjerg - Utterslev;2008K2;5461
Bispebjerg - Utterslev;2008K3;5424
Bispebjerg - Utterslev;2008K4;5455
Bispebjerg - Utterslev;2009K1;5466
Bispebjerg - Utterslev;2009K2;5449
Bispebjerg - Utterslev;2009K3;5400
Bispebjerg - Utterslev;2009K4;5400
Bispebjerg - Utterslev;2010K1;5422
Bispebjerg - Utterslev;2010K2;5407
Bispebjerg - Utterslev;2010K3;5394
Bispebjerg - Utterslev;2010K4;5472
Bispebjerg - Utterslev;2011K1;5551
Bispebjerg - Utterslev;2011K2;5591
Bispebjerg - Utterslev;2011K3;5601
Bispebjerg - Utterslev;2011K4;5670
Bispebjerg - Utterslev;2012K1;5696
Bispebjerg - Utterslev;2012K2;5698
Bispebjerg - Utterslev;2012K3;5794
Bispebjerg - Utterslev;2012K4;5819
Bispebjerg - Utterslev;2013K1;5853
Bispebjerg - Utterslev;2013K2;5890
Bispebjerg - Utterslev;2013K3;5902
Bispebjerg - Utterslev;2013K4;5961
Bispebjerg - Utterslev;2014K1;5977
Bispebjerg - Utterslev;2014K2;6035
Bispebjerg - Utterslev;2014K3;6071
Bispebjerg - Utterslev;2014K4;6105
Bispebjerg - Utterslev;2015K1;6156
Bispebjerg - Utterslev;2015K2;6151
Bispebjerg - Utterslev;2015K3;6144
Bispebjerg - Utterslev;2015K4;6164
Bispebjerg - Utterslev;2016K1;6200
Bispebjerg - Utterslev;2016K2;6242
Bispebjerg - Utterslev;2016K3;6240
Bispebjerg - Utterslev;2016K4;6285
Bispebjerg - Utterslev;2017K1;6235
Bispebjerg - Utterslev;2017K2;6190
Bispebjerg - Utterslev;2017K3;6184
Bispebjerg - Utterslev;2017K4;6159
Bispebjerg - Utterslev;2018K1;6158
Bispebjerg - Utterslev;2018K2;6200
Bispebjerg - Utterslev;2018K3;6165
Bispebjerg - Utterslev;2018K4;6157
Bispebjerg - Utterslev;2019K1;6129
Bispebjerg - Utterslev;2019K2;6133
Bispebjerg - Utterslev;2019K3;6109
Bispebjerg - Utterslev;2019K4;6101
Bispebjerg - Utterslev;2020K1;6059
Bispebjerg - Utterslev;2020K2;6039
Bispebjerg - Utterslev;2020K3;6007
Bispebjerg - Utterslev;2020K4;6063
Bispebjerg - Utterslev;2021K1;6021
Bispebjerg - Utterslev;2021K2;5954
Bispebjerg - Utterslev;2021K3;5954
Bispebjerg - Utterslev;2021K4;5916
Bispebjerg - Utterslev;2022K1;5863
Bispebjerg - Utterslev;2022K2;5878
Bispebjerg - Utterslev;2022K3;5910
Bispebjerg - Utterslev;2022K4;5876
Bispebjerg - Utterslev;2023K1;5889
Bispebjerg - Utterslev;2023K2;5911
Bispebjerg - Utterslev;2023K3;5909
Bispebjerg - Utterslev;2023K4;5994
Bispebjerg - Utterslev;2024K1;5986
Bispebjerg - Utterslev;2024K2;5993
Bispebjerg - Utterslev;2024K3;5954
Bispebjerg - Utterslev;2024K4;5969
Bispebjerg - Utterslev;2025K1;5966
Bispebjerg - Nordvest;1974K1;27293
Bispebjerg - Nordvest;1975K1;26637
Bispebjerg - Nordvest;1976K1;25942
Bispebjerg - Nordvest;1977K1;25109
Bispebjerg - Nordvest;1978K1;24531
Bispebjerg - Nordvest;1979K1;24062
Bispebjerg - Nordvest;1980K1;23622
Bispebjerg - Nordvest;1981K1;23292
Bispebjerg - Nordvest;1982K1;23033
Bispebjerg - Nordvest;1983K1;22787
Bispebjerg - Nordvest;1984K1;22598
Bispebjerg - Nordvest;1985K1;22937
Bispebjerg - Nordvest;1986K1;22711
Bispebjerg - Nordvest;1987K1;22423
Bispebjerg - Nordvest;1988K1;22333
Bispebjerg - Nordvest;1989K1;22219
Bispebjerg - Nordvest;1990K1;22176
Bispebjerg - Nordvest;1991K1;22958
Bispebjerg - Nordvest;1992K1;22911
Bispebjerg - Nordvest;1993K1;22806
Bispebjerg - Nordvest;1994K1;22446
Bispebjerg - Nordvest;1995K1;22934
Bispebjerg - Nordvest;1996K1;23049
Bispebjerg - Nordvest;1997K1;23448
Bispebjerg - Nordvest;1998K1;23415
Bispebjerg - Nordvest;1999K1;23440
Bispebjerg - Nordvest;2000K1;23889
Bispebjerg - Nordvest;2001K1;24156
Bispebjerg - Nordvest;2002K1;24609
Bispebjerg - Nordvest;2002K2;24616
Bispebjerg - Nordvest;2002K3;24461
Bispebjerg - Nordvest;2002K4;24528
Bispebjerg - Nordvest;2003K1;24468
Bispebjerg - Nordvest;2003K2;24576
Bispebjerg - Nordvest;2003K3;24466
Bispebjerg - Nordvest;2003K4;24585
Bispebjerg - Nordvest;2004K1;24630
Bispebjerg - Nordvest;2004K2;24695
Bispebjerg - Nordvest;2004K3;24602
Bispebjerg - Nordvest;2004K4;24597
Bispebjerg - Nordvest;2005K1;24566
Bispebjerg - Nordvest;2005K2;24395
Bispebjerg - Nordvest;2005K3;24384
Bispebjerg - Nordvest;2005K4;24401
Bispebjerg - Nordvest;2006K1;24448
Bispebjerg - Nordvest;2006K2;24475
Bispebjerg - Nordvest;2006K3;24379
Bispebjerg - Nordvest;2006K4;24834
Bispebjerg - Nordvest;2007K1;25039
Bispebjerg - Nordvest;2007K2;25299
Bispebjerg - Nordvest;2007K3;25196
Bispebjerg - Nordvest;2007K4;25752
Bispebjerg - Nordvest;2008K1;25932
Bispebjerg - Nordvest;2008K2;26128
Bispebjerg - Nordvest;2008K3;25966
Bispebjerg - Nordvest;2008K4;26434
Bispebjerg - Nordvest;2009K1;26486
Bispebjerg - Nordvest;2009K2;26616
Bispebjerg - Nordvest;2009K3;26569
Bispebjerg - Nordvest;2009K4;27032
Bispebjerg - Nordvest;2010K1;27161
Bispebjerg - Nordvest;2010K2;27466
Bispebjerg - Nordvest;2010K3;27349
Bispebjerg - Nordvest;2010K4;27962
Bispebjerg - Nordvest;2011K1;27983
Bispebjerg - Nordvest;2011K2;28158
Bispebjerg - Nordvest;2011K3;28083
Bispebjerg - Nordvest;2011K4;28613
Bispebjerg - Nordvest;2012K1;28818
Bispebjerg - Nordvest;2012K2;29089
Bispebjerg - Nordvest;2012K3;28831
Bispebjerg - Nordvest;2012K4;29346
Bispebjerg - Nordvest;2013K1;29401
Bispebjerg - Nordvest;2013K2;29608
Bispebjerg - Nordvest;2013K3;29578
Bispebjerg - Nordvest;2013K4;30111
Bispebjerg - Nordvest;2014K1;30042
Bispebjerg - Nordvest;2014K2;30284
Bispebjerg - Nordvest;2014K3;30166
Bispebjerg - Nordvest;2014K4;30760
Bispebjerg - Nordvest;2015K1;30726
Bispebjerg - Nordvest;2015K2;30954
Bispebjerg - Nordvest;2015K3;30763
Bispebjerg - Nordvest;2015K4;31230
Bispebjerg - Nordvest;2016K1;31400
Bispebjerg - Nordvest;2016K2;31543
Bispebjerg - Nordvest;2016K3;31402
Bispebjerg - Nordvest;2016K4;31917
Bispebjerg - Nordvest;2017K1;31870
Bispebjerg - Nordvest;2017K2;32021
Bispebjerg - Nordvest;2017K3;31797
Bispebjerg - Nordvest;2017K4;32136
Bispebjerg - Nordvest;2018K1;32088
Bispebjerg - Nordvest;2018K2;32250
Bispebjerg - Nordvest;2018K3;32135
Bispebjerg - Nordvest;2018K4;32419
Bispebjerg - Nordvest;2019K1;32425
Bispebjerg - Nordvest;2019K2;32393
Bispebjerg - Nordvest;2019K3;32182
Bispebjerg - Nordvest;2019K4;32330
Bispebjerg - Nordvest;2020K1;32309
Bispebjerg - Nordvest;2020K2;32234
Bispebjerg - Nordvest;2020K3;32034
Bispebjerg - Nordvest;2020K4;32016
Bispebjerg - Nordvest;2021K1;31858
Bispebjerg - Nordvest;2021K2;31656
Bispebjerg - Nordvest;2021K3;31390
Bispebjerg - Nordvest;2021K4;31408
Bispebjerg - Nordvest;2022K1;31278
Bispebjerg - Nordvest;2022K2;31343
Bispebjerg - Nordvest;2022K3;31323
Bispebjerg - Nordvest;2022K4;31489
Bispebjerg - Nordvest;2023K1;31591
Bispebjerg - Nordvest;2023K2;31869
Bispebjerg - Nordvest;2023K3;31756
Bispebjerg - Nordvest;2023K4;31975
Bispebjerg - Nordvest;2024K1;31935
Bispebjerg - Nordvest;2024K2;32204
Bispebjerg - Nordvest;2024K3;32127
Bispebjerg - Nordvest;2024K4;32402
Bispebjerg - Nordvest;2025K1;32392
Amager Øst - Amagerbro Øst;1974K1;23094
Amager Øst - Amagerbro Øst;1975K1;22951
Amager Øst - Amagerbro Øst;1976K1;22338
Amager Øst - Amagerbro Øst;1977K1;21827
Amager Øst - Amagerbro Øst;1978K1;21384
Amager Øst - Amagerbro Øst;1979K1;20964
Amager Øst - Amagerbro Øst;1980K1;21135
Amager Øst - Amagerbro Øst;1981K1;21252
Amager Øst - Amagerbro Øst;1982K1;21041
Amager Øst - Amagerbro Øst;1983K1;20619
Amager Øst - Amagerbro Øst;1984K1;20465
Amager Øst - Amagerbro Øst;1985K1;20665
Amager Øst - Amagerbro Øst;1986K1;20414
Amager Øst - Amagerbro Øst;1987K1;20250
Amager Øst - Amagerbro Øst;1988K1;19991
Amager Øst - Amagerbro Øst;1989K1;19881
Amager Øst - Amagerbro Øst;1990K1;19929
Amager Øst - Amagerbro Øst;1991K1;20013
Amager Øst - Amagerbro Øst;1992K1;20140
Amager Øst - Amagerbro Øst;1993K1;20327
Amager Øst - Amagerbro Øst;1994K1;20558
Amager Øst - Amagerbro Øst;1995K1;20785
Amager Øst - Amagerbro Øst;1996K1;20894
Amager Øst - Amagerbro Øst;1997K1;21014
Amager Øst - Amagerbro Øst;1998K1;21208
Amager Øst - Amagerbro Øst;1999K1;21293
Amager Øst - Amagerbro Øst;2000K1;21464
Amager Øst - Amagerbro Øst;2001K1;21659
Amager Øst - Amagerbro Øst;2002K1;21721
Amager Øst - Amagerbro Øst;2002K2;21794
Amager Øst - Amagerbro Øst;2002K3;21726
Amager Øst - Amagerbro Øst;2002K4;21612
Amager Øst - Amagerbro Øst;2003K1;21617
Amager Øst - Amagerbro Øst;2003K2;21637
Amager Øst - Amagerbro Øst;2003K3;21556
Amager Øst - Amagerbro Øst;2003K4;21650
Amager Øst - Amagerbro Øst;2004K1;21593
Amager Øst - Amagerbro Øst;2004K2;21647
Amager Øst - Amagerbro Øst;2004K3;21513
Amager Øst - Amagerbro Øst;2004K4;21531
Amager Øst - Amagerbro Øst;2005K1;21459
Amager Øst - Amagerbro Øst;2005K2;21526
Amager Øst - Amagerbro Øst;2005K3;21303
Amager Øst - Amagerbro Øst;2005K4;21404
Amager Øst - Amagerbro Øst;2006K1;21235
Amager Øst - Amagerbro Øst;2006K2;21109
Amager Øst - Amagerbro Øst;2006K3;20911
Amager Øst - Amagerbro Øst;2006K4;21136
Amager Øst - Amagerbro Øst;2007K1;21062
Amager Øst - Amagerbro Øst;2007K2;21117
Amager Øst - Amagerbro Øst;2007K3;21051
Amager Øst - Amagerbro Øst;2007K4;21214
Amager Øst - Amagerbro Øst;2008K1;21213
Amager Øst - Amagerbro Øst;2008K2;21246
Amager Øst - Amagerbro Øst;2008K3;21210
Amager Øst - Amagerbro Øst;2008K4;21546
Amager Øst - Amagerbro Øst;2009K1;21627
Amager Øst - Amagerbro Øst;2009K2;21682
Amager Øst - Amagerbro Øst;2009K3;21638
Amager Øst - Amagerbro Øst;2009K4;21850
Amager Øst - Amagerbro Øst;2010K1;21734
Amager Øst - Amagerbro Øst;2010K2;21773
Amager Øst - Amagerbro Øst;2010K3;21787
Amager Øst - Amagerbro Øst;2010K4;21968
Amager Øst - Amagerbro Øst;2011K1;21917
Amager Øst - Amagerbro Øst;2011K2;22103
Amager Øst - Amagerbro Øst;2011K3;21995
Amager Øst - Amagerbro Øst;2011K4;22258
Amager Øst - Amagerbro Øst;2012K1;22260
Amager Øst - Amagerbro Øst;2012K2;22378
Amager Øst - Amagerbro Øst;2012K3;22241
Amager Øst - Amagerbro Øst;2012K4;22567
Amager Øst - Amagerbro Øst;2013K1;22598
Amager Øst - Amagerbro Øst;2013K2;22671
Amager Øst - Amagerbro Øst;2013K3;22569
Amager Øst - Amagerbro Øst;2013K4;22965
Amager Øst - Amagerbro Øst;2014K1;22960
Amager Øst - Amagerbro Øst;2014K2;22979
Amager Øst - Amagerbro Øst;2014K3;22823
Amager Øst - Amagerbro Øst;2014K4;23216
Amager Øst - Amagerbro Øst;2015K1;23150
Amager Øst - Amagerbro Øst;2015K2;23328
Amager Øst - Amagerbro Øst;2015K3;23238
Amager Øst - Amagerbro Øst;2015K4;23465
Amager Øst - Amagerbro Øst;2016K1;23345
Amager Øst - Amagerbro Øst;2016K2;23443
Amager Øst - Amagerbro Øst;2016K3;23339
Amager Øst - Amagerbro Øst;2016K4;23700
Amager Øst - Amagerbro Øst;2017K1;23589
Amager Øst - Amagerbro Øst;2017K2;23640
Amager Øst - Amagerbro Øst;2017K3;23486
Amager Øst - Amagerbro Øst;2017K4;23599
Amager Øst - Amagerbro Øst;2018K1;23541
Amager Øst - Amagerbro Øst;2018K2;23721
Amager Øst - Amagerbro Øst;2018K3;23662
Amager Øst - Amagerbro Øst;2018K4;23821
Amager Øst - Amagerbro Øst;2019K1;23633
Amager Øst - Amagerbro Øst;2019K2;23745
Amager Øst - Amagerbro Øst;2019K3;23597
Amager Øst - Amagerbro Øst;2019K4;23890
Amager Øst - Amagerbro Øst;2020K1;23721
Amager Øst - Amagerbro Øst;2020K2;23687
Amager Øst - Amagerbro Øst;2020K3;23688
Amager Øst - Amagerbro Øst;2020K4;23597
Amager Øst - Amagerbro Øst;2021K1;23426
Amager Øst - Amagerbro Øst;2021K2;23338
Amager Øst - Amagerbro Øst;2021K3;23242
Amager Øst - Amagerbro Øst;2021K4;23262
Amager Øst - Amagerbro Øst;2022K1;23097
Amager Øst - Amagerbro Øst;2022K2;23240
Amager Øst - Amagerbro Øst;2022K3;23217
Amager Øst - Amagerbro Øst;2022K4;23386
Amager Øst - Amagerbro Øst;2023K1;23345
Amager Øst - Amagerbro Øst;2023K2;23630
Amager Øst - Amagerbro Øst;2023K3;23479
Amager Øst - Amagerbro Øst;2023K4;23757
Amager Øst - Amagerbro Øst;2024K1;23518
Amager Øst - Amagerbro Øst;2024K2;23611
Amager Øst - Amagerbro Øst;2024K3;23485
Amager Øst - Amagerbro Øst;2024K4;23704
Amager Øst - Amagerbro Øst;2025K1;23507
Amager Øst - Sundbyøster;1974K1;14469
Amager Øst - Sundbyøster;1975K1;14094
Amager Øst - Sundbyøster;1976K1;13793
Amager Øst - Sundbyøster;1977K1;13436
Amager Øst - Sundbyøster;1978K1;13084
Amager Øst - Sundbyøster;1979K1;12873
Amager Øst - Sundbyøster;1980K1;12696
Amager Øst - Sundbyøster;1981K1;12498
Amager Øst - Sundbyøster;1982K1;12439
Amager Øst - Sundbyøster;1983K1;12308
Amager Øst - Sundbyøster;1984K1;12211
Amager Øst - Sundbyøster;1985K1;11924
Amager Øst - Sundbyøster;1986K1;11770
Amager Øst - Sundbyøster;1987K1;11719
Amager Øst - Sundbyøster;1988K1;11661
Amager Øst - Sundbyøster;1989K1;11676
Amager Øst - Sundbyøster;1990K1;11639
Amager Øst - Sundbyøster;1991K1;11968
Amager Øst - Sundbyøster;1992K1;11733
Amager Øst - Sundbyøster;1993K1;11617
Amager Øst - Sundbyøster;1994K1;11845
Amager Øst - Sundbyøster;1995K1;11865
Amager Øst - Sundbyøster;1996K1;11938
Amager Øst - Sundbyøster;1997K1;12079
Amager Øst - Sundbyøster;1998K1;12056
Amager Øst - Sundbyøster;1999K1;12104
Amager Øst - Sundbyøster;2000K1;12174
Amager Øst - Sundbyøster;2001K1;12618
Amager Øst - Sundbyøster;2002K1;12674
Amager Øst - Sundbyøster;2002K2;12653
Amager Øst - Sundbyøster;2002K3;12682
Amager Øst - Sundbyøster;2002K4;12728
Amager Øst - Sundbyøster;2003K1;12834
Amager Øst - Sundbyøster;2003K2;12855
Amager Øst - Sundbyøster;2003K3;12775
Amager Øst - Sundbyøster;2003K4;12861
Amager Øst - Sundbyøster;2004K1;12959
Amager Øst - Sundbyøster;2004K2;13009
Amager Øst - Sundbyøster;2004K3;13059
Amager Øst - Sundbyøster;2004K4;13122
Amager Øst - Sundbyøster;2005K1;13126
Amager Øst - Sundbyøster;2005K2;13153
Amager Øst - Sundbyøster;2005K3;13068
Amager Øst - Sundbyøster;2005K4;13124
Amager Øst - Sundbyøster;2006K1;13099
Amager Øst - Sundbyøster;2006K2;13106
Amager Øst - Sundbyøster;2006K3;13069
Amager Øst - Sundbyøster;2006K4;13023
Amager Øst - Sundbyøster;2007K1;13060
Amager Øst - Sundbyøster;2007K2;13081
Amager Øst - Sundbyøster;2007K3;13016
Amager Øst - Sundbyøster;2007K4;13039
Amager Øst - Sundbyøster;2008K1;13026
Amager Øst - Sundbyøster;2008K2;13063
Amager Øst - Sundbyøster;2008K3;12989
Amager Øst - Sundbyøster;2008K4;13078
Amager Øst - Sundbyøster;2009K1;13161
Amager Øst - Sundbyøster;2009K2;13324
Amager Øst - Sundbyøster;2009K3;13368
Amager Øst - Sundbyøster;2009K4;13392
Amager Øst - Sundbyøster;2010K1;13327
Amager Øst - Sundbyøster;2010K2;13410
Amager Øst - Sundbyøster;2010K3;13429
Amager Øst - Sundbyøster;2010K4;13556
Amager Øst - Sundbyøster;2011K1;13614
Amager Øst - Sundbyøster;2011K2;13631
Amager Øst - Sundbyøster;2011K3;13620
Amager Øst - Sundbyøster;2011K4;13816
Amager Øst - Sundbyøster;2012K1;13840
Amager Øst - Sundbyøster;2012K2;13917
Amager Øst - Sundbyøster;2012K3;13940
Amager Øst - Sundbyøster;2012K4;14143
Amager Øst - Sundbyøster;2013K1;14084
Amager Øst - Sundbyøster;2013K2;14121
Amager Øst - Sundbyøster;2013K3;14100
Amager Øst - Sundbyøster;2013K4;14249
Amager Øst - Sundbyøster;2014K1;14182
Amager Øst - Sundbyøster;2014K2;14256
Amager Øst - Sundbyøster;2014K3;14222
Amager Øst - Sundbyøster;2014K4;14312
Amager Øst - Sundbyøster;2015K1;14261
Amager Øst - Sundbyøster;2015K2;14369
Amager Øst - Sundbyøster;2015K3;14240
Amager Øst - Sundbyøster;2015K4;14297
Amager Øst - Sundbyøster;2016K1;14228
Amager Øst - Sundbyøster;2016K2;14339
Amager Øst - Sundbyøster;2016K3;14362
Amager Øst - Sundbyøster;2016K4;14426
Amager Øst - Sundbyøster;2017K1;14394
Amager Øst - Sundbyøster;2017K2;14446
Amager Øst - Sundbyøster;2017K3;14397
Amager Øst - Sundbyøster;2017K4;14436
Amager Øst - Sundbyøster;2018K1;14423
Amager Øst - Sundbyøster;2018K2;14436
Amager Øst - Sundbyøster;2018K3;14407
Amager Øst - Sundbyøster;2018K4;14474
Amager Øst - Sundbyøster;2019K1;14443
Amager Øst - Sundbyøster;2019K2;14475
Amager Øst - Sundbyøster;2019K3;14482
Amager Øst - Sundbyøster;2019K4;14510
Amager Øst - Sundbyøster;2020K1;14485
Amager Øst - Sundbyøster;2020K2;14426
Amager Øst - Sundbyøster;2020K3;14406
Amager Øst - Sundbyøster;2020K4;14484
Amager Øst - Sundbyøster;2021K1;14390
Amager Øst - Sundbyøster;2021K2;14357
Amager Øst - Sundbyøster;2021K3;14303
Amager Øst - Sundbyøster;2021K4;14364
Amager Øst - Sundbyøster;2022K1;14245
Amager Øst - Sundbyøster;2022K2;14223
Amager Øst - Sundbyøster;2022K3;14183
Amager Øst - Sundbyøster;2022K4;14142
Amager Øst - Sundbyøster;2023K1;14152
Amager Øst - Sundbyøster;2023K2;14190
Amager Øst - Sundbyøster;2023K3;14167
Amager Øst - Sundbyøster;2023K4;14218
Amager Øst - Sundbyøster;2024K1;14207
Amager Øst - Sundbyøster;2024K2;14272
Amager Øst - Sundbyøster;2024K3;14267
Amager Øst - Sundbyøster;2024K4;14288
Amager Øst - Sundbyøster;2025K1;14329
Amager Øst - Villakvartererne;1974K1;14803
Amager Øst - Villakvartererne;1975K1;14576
Amager Øst - Villakvartererne;1976K1;14199
Amager Øst - Villakvartererne;1977K1;13970
Amager Øst - Villakvartererne;1978K1;13538
Amager Øst - Villakvartererne;1979K1;13346
Amager Øst - Villakvartererne;1980K1;13152
Amager Øst - Villakvartererne;1981K1;13034
Amager Øst - Villakvartererne;1982K1;13041
Amager Øst - Villakvartererne;1983K1;12999
Amager Øst - Villakvartererne;1984K1;12932
Amager Øst - Villakvartererne;1985K1;12735
Amager Øst - Villakvartererne;1986K1;12622
Amager Øst - Villakvartererne;1987K1;12509
Amager Øst - Villakvartererne;1988K1;12471
Amager Øst - Villakvartererne;1989K1;12441
Amager Øst - Villakvartererne;1990K1;12469
Amager Øst - Villakvartererne;1991K1;12454
Amager Øst - Villakvartererne;1992K1;12562
Amager Øst - Villakvartererne;1993K1;12534
Amager Øst - Villakvartererne;1994K1;12570
Amager Øst - Villakvartererne;1995K1;12645
Amager Øst - Villakvartererne;1996K1;12771
Amager Øst - Villakvartererne;1997K1;12839
Amager Øst - Villakvartererne;1998K1;12824
Amager Øst - Villakvartererne;1999K1;13002
Amager Øst - Villakvartererne;2000K1;13045
Amager Øst - Villakvartererne;2001K1;13085
Amager Øst - Villakvartererne;2002K1;13188
Amager Øst - Villakvartererne;2002K2;13145
Amager Øst - Villakvartererne;2002K3;13089
Amager Øst - Villakvartererne;2002K4;13159
Amager Øst - Villakvartererne;2003K1;13143
Amager Øst - Villakvartererne;2003K2;13153
Amager Øst - Villakvartererne;2003K3;13150
Amager Øst - Villakvartererne;2003K4;13240
Amager Øst - Villakvartererne;2004K1;13232
Amager Øst - Villakvartererne;2004K2;13187
Amager Øst - Villakvartererne;2004K3;13178
Amager Øst - Villakvartererne;2004K4;13196
Amager Øst - Villakvartererne;2005K1;13188
Amager Øst - Villakvartererne;2005K2;13149
Amager Øst - Villakvartererne;2005K3;13072
Amager Øst - Villakvartererne;2005K4;13121
Amager Øst - Villakvartererne;2006K1;13088
Amager Øst - Villakvartererne;2006K2;13126
Amager Øst - Villakvartererne;2006K3;13085
Amager Øst - Villakvartererne;2006K4;13065
Amager Øst - Villakvartererne;2007K1;13003
Amager Øst - Villakvartererne;2007K2;12955
Amager Øst - Villakvartererne;2007K3;12888
Amager Øst - Villakvartererne;2007K4;13013
Amager Øst - Villakvartererne;2008K1;13041
Amager Øst - Villakvartererne;2008K2;13029
Amager Øst - Villakvartererne;2008K3;13052
Amager Øst - Villakvartererne;2008K4;13165
Amager Øst - Villakvartererne;2009K1;13206
Amager Øst - Villakvartererne;2009K2;13251
Amager Øst - Villakvartererne;2009K3;13291
Amager Øst - Villakvartererne;2009K4;13373
Amager Øst - Villakvartererne;2010K1;13443
Amager Øst - Villakvartererne;2010K2;13465
Amager Øst - Villakvartererne;2010K3;13487
Amager Øst - Villakvartererne;2010K4;13565
Amager Øst - Villakvartererne;2011K1;13539
Amager Øst - Villakvartererne;2011K2;13534
Amager Øst - Villakvartererne;2011K3;13566
Amager Øst - Villakvartererne;2011K4;13625
Amager Øst - Villakvartererne;2012K1;13610
Amager Øst - Villakvartererne;2012K2;13636
Amager Øst - Villakvartererne;2012K3;13676
Amager Øst - Villakvartererne;2012K4;13819
Amager Øst - Villakvartererne;2013K1;13869
Amager Øst - Villakvartererne;2013K2;13883
Amager Øst - Villakvartererne;2013K3;13874
Amager Øst - Villakvartererne;2013K4;14029
Amager Øst - Villakvartererne;2014K1;13996
Amager Øst - Villakvartererne;2014K2;14077
Amager Øst - Villakvartererne;2014K3;14036
Amager Øst - Villakvartererne;2014K4;14240
Amager Øst - Villakvartererne;2015K1;14232
Amager Øst - Villakvartererne;2015K2;14337
Amager Øst - Villakvartererne;2015K3;14380
Amager Øst - Villakvartererne;2015K4;14443
Amager Øst - Villakvartererne;2016K1;14433
Amager Øst - Villakvartererne;2016K2;14474
Amager Øst - Villakvartererne;2016K3;14469
Amager Øst - Villakvartererne;2016K4;14582
Amager Øst - Villakvartererne;2017K1;14539
Amager Øst - Villakvartererne;2017K2;14603
Amager Øst - Villakvartererne;2017K3;14564
Amager Øst - Villakvartererne;2017K4;14621
Amager Øst - Villakvartererne;2018K1;14682
Amager Øst - Villakvartererne;2018K2;14628
Amager Øst - Villakvartererne;2018K3;14621
Amager Øst - Villakvartererne;2018K4;14748
Amager Øst - Villakvartererne;2019K1;14697
Amager Øst - Villakvartererne;2019K2;14716
Amager Øst - Villakvartererne;2019K3;14749
Amager Øst - Villakvartererne;2019K4;14811
Amager Øst - Villakvartererne;2020K1;14716
Amager Øst - Villakvartererne;2020K2;14693
Amager Øst - Villakvartererne;2020K3;14664
Amager Øst - Villakvartererne;2020K4;14637
Amager Øst - Villakvartererne;2021K1;14623
Amager Øst - Villakvartererne;2021K2;14601
Amager Øst - Villakvartererne;2021K3;14588
Amager Øst - Villakvartererne;2021K4;14833
Amager Øst - Villakvartererne;2022K1;14814
Amager Øst - Villakvartererne;2022K2;14869
Amager Øst - Villakvartererne;2022K3;15125
Amager Øst - Villakvartererne;2022K4;15328
Amager Øst - Villakvartererne;2023K1;15399
Amager Øst - Villakvartererne;2023K2;15455
Amager Øst - Villakvartererne;2023K3;15332
Amager Øst - Villakvartererne;2023K4;15416
Amager Øst - Villakvartererne;2024K1;15399
Amager Øst - Villakvartererne;2024K2;15397
Amager Øst - Villakvartererne;2024K3;15367
Amager Øst - Villakvartererne;2024K4;15483
Amager Øst - Villakvartererne;2025K1;15491
Amager Øst - Nordøstamager;1974K1;1661
Amager Øst - Nordøstamager;1975K1;1643
Amager Øst - Nordøstamager;1976K1;1631
Amager Øst - Nordøstamager;1977K1;1624
Amager Øst - Nordøstamager;1978K1;1579
Amager Øst - Nordøstamager;1979K1;1537
Amager Øst - Nordøstamager;1980K1;1490
Amager Øst - Nordøstamager;1981K1;1483
Amager Øst - Nordøstamager;1982K1;1453
Amager Øst - Nordøstamager;1983K1;1443
Amager Øst - Nordøstamager;1984K1;1442
Amager Øst - Nordøstamager;1985K1;1448
Amager Øst - Nordøstamager;1986K1;1425
Amager Øst - Nordøstamager;1987K1;1401
Amager Øst - Nordøstamager;1988K1;1386
Amager Øst - Nordøstamager;1989K1;1379
Amager Øst - Nordøstamager;1990K1;1394
Amager Øst - Nordøstamager;1991K1;872
Amager Øst - Nordøstamager;1992K1;870
Amager Øst - Nordøstamager;1993K1;867
Amager Øst - Nordøstamager;1994K1;848
Amager Øst - Nordøstamager;1995K1;841
Amager Øst - Nordøstamager;1996K1;844
Amager Øst - Nordøstamager;1997K1;816
Amager Øst - Nordøstamager;1998K1;853
Amager Øst - Nordøstamager;1999K1;849
Amager Øst - Nordøstamager;2000K1;850
Amager Øst - Nordøstamager;2001K1;834
Amager Øst - Nordøstamager;2002K1;845
Amager Øst - Nordøstamager;2002K2;857
Amager Øst - Nordøstamager;2002K3;861
Amager Øst - Nordøstamager;2002K4;858
Amager Øst - Nordøstamager;2003K1;849
Amager Øst - Nordøstamager;2003K2;847
Amager Øst - Nordøstamager;2003K3;849
Amager Øst - Nordøstamager;2003K4;857
Amager Øst - Nordøstamager;2004K1;854
Amager Øst - Nordøstamager;2004K2;954
Amager Øst - Nordøstamager;2004K3;977
Amager Øst - Nordøstamager;2004K4;990
Amager Øst - Nordøstamager;2005K1;981
Amager Øst - Nordøstamager;2005K2;981
Amager Øst - Nordøstamager;2005K3;1035
Amager Øst - Nordøstamager;2005K4;1089
Amager Øst - Nordøstamager;2006K1;1110
Amager Øst - Nordøstamager;2006K2;1269
Amager Øst - Nordøstamager;2006K3;1278
Amager Øst - Nordøstamager;2006K4;1328
Amager Øst - Nordøstamager;2007K1;1328
Amager Øst - Nordøstamager;2007K2;1351
Amager Øst - Nordøstamager;2007K3;1370
Amager Øst - Nordøstamager;2007K4;1469
Amager Øst - Nordøstamager;2008K1;1592
Amager Øst - Nordøstamager;2008K2;1669
Amager Øst - Nordøstamager;2008K3;1690
Amager Øst - Nordøstamager;2008K4;1701
Amager Øst - Nordøstamager;2009K1;1713
Amager Øst - Nordøstamager;2009K2;1724
Amager Øst - Nordøstamager;2009K3;1757
Amager Øst - Nordøstamager;2009K4;1775
Amager Øst - Nordøstamager;2010K1;1770
Amager Øst - Nordøstamager;2010K2;1773
Amager Øst - Nordøstamager;2010K3;1758
Amager Øst - Nordøstamager;2010K4;1760
Amager Øst - Nordøstamager;2011K1;1771
Amager Øst - Nordøstamager;2011K2;1775
Amager Øst - Nordøstamager;2011K3;1806
Amager Øst - Nordøstamager;2011K4;1839
Amager Øst - Nordøstamager;2012K1;1839
Amager Øst - Nordøstamager;2012K2;1863
Amager Øst - Nordøstamager;2012K3;1848
Amager Øst - Nordøstamager;2012K4;1864
Amager Øst - Nordøstamager;2013K1;1930
Amager Øst - Nordøstamager;2013K2;1966
Amager Øst - Nordøstamager;2013K3;2007
Amager Øst - Nordøstamager;2013K4;2044
Amager Øst - Nordøstamager;2014K1;2185
Amager Øst - Nordøstamager;2014K2;2248
Amager Øst - Nordøstamager;2014K3;2570
Amager Øst - Nordøstamager;2014K4;3192
Amager Øst - Nordøstamager;2015K1;3562
Amager Øst - Nordøstamager;2015K2;3556
Amager Øst - Nordøstamager;2015K3;3627
Amager Øst - Nordøstamager;2015K4;3980
Amager Øst - Nordøstamager;2016K1;3980
Amager Øst - Nordøstamager;2016K2;3984
Amager Øst - Nordøstamager;2016K3;4178
Amager Øst - Nordøstamager;2016K4;4218
Amager Øst - Nordøstamager;2017K1;4224
Amager Øst - Nordøstamager;2017K2;4458
Amager Øst - Nordøstamager;2017K3;4560
Amager Øst - Nordøstamager;2017K4;4813
Amager Øst - Nordøstamager;2018K1;5027
Amager Øst - Nordøstamager;2018K2;5214
Amager Øst - Nordøstamager;2018K3;5522
Amager Øst - Nordøstamager;2018K4;5980
Amager Øst - Nordøstamager;2019K1;6278
Amager Øst - Nordøstamager;2019K2;6355
Amager Øst - Nordøstamager;2019K3;6406
Amager Øst - Nordøstamager;2019K4;6726
Amager Øst - Nordøstamager;2020K1;6881
Amager Øst - Nordøstamager;2020K2;7160
Amager Øst - Nordøstamager;2020K3;7335
Amager Øst - Nordøstamager;2020K4;8008
Amager Øst - Nordøstamager;2021K1;8438
Amager Øst - Nordøstamager;2021K2;8611
Amager Øst - Nordøstamager;2021K3;8760
Amager Øst - Nordøstamager;2021K4;8996
Amager Øst - Nordøstamager;2022K1;9037
Amager Øst - Nordøstamager;2022K2;9079
Amager Øst - Nordøstamager;2022K3;9138
Amager Øst - Nordøstamager;2022K4;9245
Amager Øst - Nordøstamager;2023K1;9301
Amager Øst - Nordøstamager;2023K2;9443
Amager Øst - Nordøstamager;2023K3;9498
Amager Øst - Nordøstamager;2023K4;9677
Amager Øst - Nordøstamager;2024K1;9694
Amager Øst - Nordøstamager;2024K2;9689
Amager Øst - Nordøstamager;2024K3;9638
Amager Øst - Nordøstamager;2024K4;9725
Amager Øst - Nordøstamager;2025K1;9758
Amager Vest - Amagerbro Vest;1974K1;6935
Amager Vest - Amagerbro Vest;1975K1;6814
Amager Vest - Amagerbro Vest;1976K1;6613
Amager Vest - Amagerbro Vest;1977K1;6435
Amager Vest - Amagerbro Vest;1978K1;6308
Amager Vest - Amagerbro Vest;1979K1;6185
Amager Vest - Amagerbro Vest;1980K1;6074
Amager Vest - Amagerbro Vest;1981K1;5975
Amager Vest - Amagerbro Vest;1982K1;5887
Amager Vest - Amagerbro Vest;1983K1;5820
Amager Vest - Amagerbro Vest;1984K1;5699
Amager Vest - Amagerbro Vest;1985K1;5636
Amager Vest - Amagerbro Vest;1986K1;5577
Amager Vest - Amagerbro Vest;1987K1;5568
Amager Vest - Amagerbro Vest;1988K1;5479
Amager Vest - Amagerbro Vest;1989K1;5508
Amager Vest - Amagerbro Vest;1990K1;5448
Amager Vest - Amagerbro Vest;1991K1;5772
Amager Vest - Amagerbro Vest;1992K1;5754
Amager Vest - Amagerbro Vest;1993K1;5906
Amager Vest - Amagerbro Vest;1994K1;5860
Amager Vest - Amagerbro Vest;1995K1;5883
Amager Vest - Amagerbro Vest;1996K1;5945
Amager Vest - Amagerbro Vest;1997K1;5950
Amager Vest - Amagerbro Vest;1998K1;6007
Amager Vest - Amagerbro Vest;1999K1;6185
Amager Vest - Amagerbro Vest;2000K1;6236
Amager Vest - Amagerbro Vest;2001K1;6289
Amager Vest - Amagerbro Vest;2002K1;6235
Amager Vest - Amagerbro Vest;2002K2;6226
Amager Vest - Amagerbro Vest;2002K3;6251
Amager Vest - Amagerbro Vest;2002K4;6238
Amager Vest - Amagerbro Vest;2003K1;6249
Amager Vest - Amagerbro Vest;2003K2;6233
Amager Vest - Amagerbro Vest;2003K3;6212
Amager Vest - Amagerbro Vest;2003K4;6235
Amager Vest - Amagerbro Vest;2004K1;6263
Amager Vest - Amagerbro Vest;2004K2;6237
Amager Vest - Amagerbro Vest;2004K3;6226
Amager Vest - Amagerbro Vest;2004K4;6230
Amager Vest - Amagerbro Vest;2005K1;6204
Amager Vest - Amagerbro Vest;2005K2;6199
Amager Vest - Amagerbro Vest;2005K3;6151
Amager Vest - Amagerbro Vest;2005K4;6176
Amager Vest - Amagerbro Vest;2006K1;6130
Amager Vest - Amagerbro Vest;2006K2;6090
Amager Vest - Amagerbro Vest;2006K3;6079
Amager Vest - Amagerbro Vest;2006K4;6124
Amager Vest - Amagerbro Vest;2007K1;6151
Amager Vest - Amagerbro Vest;2007K2;6150
Amager Vest - Amagerbro Vest;2007K3;6181
Amager Vest - Amagerbro Vest;2007K4;6208
Amager Vest - Amagerbro Vest;2008K1;6207
Amager Vest - Amagerbro Vest;2008K2;6230
Amager Vest - Amagerbro Vest;2008K3;6221
Amager Vest - Amagerbro Vest;2008K4;6310
Amager Vest - Amagerbro Vest;2009K1;6282
Amager Vest - Amagerbro Vest;2009K2;6298
Amager Vest - Amagerbro Vest;2009K3;6316
Amager Vest - Amagerbro Vest;2009K4;6383
Amager Vest - Amagerbro Vest;2010K1;6407
Amager Vest - Amagerbro Vest;2010K2;6431
Amager Vest - Amagerbro Vest;2010K3;6470
Amager Vest - Amagerbro Vest;2010K4;6480
Amager Vest - Amagerbro Vest;2011K1;6546
Amager Vest - Amagerbro Vest;2011K2;6578
Amager Vest - Amagerbro Vest;2011K3;6602
Amager Vest - Amagerbro Vest;2011K4;6638
Amager Vest - Amagerbro Vest;2012K1;6675
Amager Vest - Amagerbro Vest;2012K2;6689
Amager Vest - Amagerbro Vest;2012K3;6683
Amager Vest - Amagerbro Vest;2012K4;6733
Amager Vest - Amagerbro Vest;2013K1;6787
Amager Vest - Amagerbro Vest;2013K2;6814
Amager Vest - Amagerbro Vest;2013K3;6811
Amager Vest - Amagerbro Vest;2013K4;6855
Amager Vest - Amagerbro Vest;2014K1;6888
Amager Vest - Amagerbro Vest;2014K2;6913
Amager Vest - Amagerbro Vest;2014K3;6902
Amager Vest - Amagerbro Vest;2014K4;6926
Amager Vest - Amagerbro Vest;2015K1;6949
Amager Vest - Amagerbro Vest;2015K2;6974
Amager Vest - Amagerbro Vest;2015K3;7008
Amager Vest - Amagerbro Vest;2015K4;7105
Amager Vest - Amagerbro Vest;2016K1;7104
Amager Vest - Amagerbro Vest;2016K2;7080
Amager Vest - Amagerbro Vest;2016K3;7066
Amager Vest - Amagerbro Vest;2016K4;7178
Amager Vest - Amagerbro Vest;2017K1;7144
Amager Vest - Amagerbro Vest;2017K2;7117
Amager Vest - Amagerbro Vest;2017K3;7122
Amager Vest - Amagerbro Vest;2017K4;7194
Amager Vest - Amagerbro Vest;2018K1;7134
Amager Vest - Amagerbro Vest;2018K2;7127
Amager Vest - Amagerbro Vest;2018K3;7106
Amager Vest - Amagerbro Vest;2018K4;7144
Amager Vest - Amagerbro Vest;2019K1;7107
Amager Vest - Amagerbro Vest;2019K2;7084
Amager Vest - Amagerbro Vest;2019K3;7017
Amager Vest - Amagerbro Vest;2019K4;7030
Amager Vest - Amagerbro Vest;2020K1;7055
Amager Vest - Amagerbro Vest;2020K2;7065
Amager Vest - Amagerbro Vest;2020K3;6999
Amager Vest - Amagerbro Vest;2020K4;6991
Amager Vest - Amagerbro Vest;2021K1;6992
Amager Vest - Amagerbro Vest;2021K2;6946
Amager Vest - Amagerbro Vest;2021K3;6987
Amager Vest - Amagerbro Vest;2021K4;7001
Amager Vest - Amagerbro Vest;2022K1;6979
Amager Vest - Amagerbro Vest;2022K2;7038
Amager Vest - Amagerbro Vest;2022K3;6991
Amager Vest - Amagerbro Vest;2022K4;7015
Amager Vest - Amagerbro Vest;2023K1;7037
Amager Vest - Amagerbro Vest;2023K2;7045
Amager Vest - Amagerbro Vest;2023K3;6994
Amager Vest - Amagerbro Vest;2023K4;6999
Amager Vest - Amagerbro Vest;2024K1;6982
Amager Vest - Amagerbro Vest;2024K2;6990
Amager Vest - Amagerbro Vest;2024K3;7027
Amager Vest - Amagerbro Vest;2024K4;7018
Amager Vest - Amagerbro Vest;2025K1;7040
Amager Vest - Bryggen Syd;1974K1;129
Amager Vest - Bryggen Syd;1975K1;132
Amager Vest - Bryggen Syd;1976K1;105
Amager Vest - Bryggen Syd;1977K1;87
Amager Vest - Bryggen Syd;1978K1;89
Amager Vest - Bryggen Syd;1979K1;93
Amager Vest - Bryggen Syd;1980K1;85
Amager Vest - Bryggen Syd;1981K1;118
Amager Vest - Bryggen Syd;1982K1;105
Amager Vest - Bryggen Syd;1983K1;95
Amager Vest - Bryggen Syd;1984K1;109
Amager Vest - Bryggen Syd;1985K1;121
Amager Vest - Bryggen Syd;1986K1;94
Amager Vest - Bryggen Syd;1987K1;99
Amager Vest - Bryggen Syd;1988K1;102
Amager Vest - Bryggen Syd;1989K1;88
Amager Vest - Bryggen Syd;1990K1;91
Amager Vest - Bryggen Syd;1991K1;84
Amager Vest - Bryggen Syd;1992K1;80
Amager Vest - Bryggen Syd;1993K1;82
Amager Vest - Bryggen Syd;1994K1;79
Amager Vest - Bryggen Syd;1995K1;89
Amager Vest - Bryggen Syd;1996K1;72
Amager Vest - Bryggen Syd;1997K1;78
Amager Vest - Bryggen Syd;1998K1;86
Amager Vest - Bryggen Syd;1999K1;85
Amager Vest - Bryggen Syd;2000K1;106
Amager Vest - Bryggen Syd;2001K1;91
Amager Vest - Bryggen Syd;2002K1;87
Amager Vest - Bryggen Syd;2002K2;89
Amager Vest - Bryggen Syd;2002K3;86
Amager Vest - Bryggen Syd;2002K4;83
Amager Vest - Bryggen Syd;2003K1;80
Amager Vest - Bryggen Syd;2003K2;90
Amager Vest - Bryggen Syd;2003K3;80
Amager Vest - Bryggen Syd;2003K4;132
Amager Vest - Bryggen Syd;2004K1;136
Amager Vest - Bryggen Syd;2004K2;102
Amager Vest - Bryggen Syd;2004K3;90
Amager Vest - Bryggen Syd;2004K4;98
Amager Vest - Bryggen Syd;2005K1;140
Amager Vest - Bryggen Syd;2005K2;254
Amager Vest - Bryggen Syd;2005K3;358
Amager Vest - Bryggen Syd;2005K4;534
Amager Vest - Bryggen Syd;2006K1;689
Amager Vest - Bryggen Syd;2006K2;727
Amager Vest - Bryggen Syd;2006K3;1005
Amager Vest - Bryggen Syd;2006K4;1217
Amager Vest - Bryggen Syd;2007K1;1354
Amager Vest - Bryggen Syd;2007K2;1415
Amager Vest - Bryggen Syd;2007K3;1523
Amager Vest - Bryggen Syd;2007K4;1583
Amager Vest - Bryggen Syd;2008K1;1599
Amager Vest - Bryggen Syd;2008K2;1619
Amager Vest - Bryggen Syd;2008K3;1675
Amager Vest - Bryggen Syd;2008K4;1696
Amager Vest - Bryggen Syd;2009K1;1759
Amager Vest - Bryggen Syd;2009K2;1798
Amager Vest - Bryggen Syd;2009K3;1851
Amager Vest - Bryggen Syd;2009K4;1870
Amager Vest - Bryggen Syd;2010K1;1885
Amager Vest - Bryggen Syd;2010K2;1913
Amager Vest - Bryggen Syd;2010K3;1927
Amager Vest - Bryggen Syd;2010K4;1957
Amager Vest - Bryggen Syd;2011K1;1979
Amager Vest - Bryggen Syd;2011K2;2003
Amager Vest - Bryggen Syd;2011K3;2035
Amager Vest - Bryggen Syd;2011K4;2083
Amager Vest - Bryggen Syd;2012K1;2128
Amager Vest - Bryggen Syd;2012K2;2159
Amager Vest - Bryggen Syd;2012K3;2234
Amager Vest - Bryggen Syd;2012K4;2267
Amager Vest - Bryggen Syd;2013K1;2339
Amager Vest - Bryggen Syd;2013K2;2421
Amager Vest - Bryggen Syd;2013K3;2457
Amager Vest - Bryggen Syd;2013K4;2456
Amager Vest - Bryggen Syd;2014K1;2495
Amager Vest - Bryggen Syd;2014K2;2522
Amager Vest - Bryggen Syd;2014K3;2780
Amager Vest - Bryggen Syd;2014K4;2933
Amager Vest - Bryggen Syd;2015K1;3166
Amager Vest - Bryggen Syd;2015K2;3302
Amager Vest - Bryggen Syd;2015K3;3493
Amager Vest - Bryggen Syd;2015K4;3546
Amager Vest - Bryggen Syd;2016K1;3671
Amager Vest - Bryggen Syd;2016K2;3809
Amager Vest - Bryggen Syd;2016K3;3820
Amager Vest - Bryggen Syd;2016K4;3947
Amager Vest - Bryggen Syd;2017K1;4077
Amager Vest - Bryggen Syd;2017K2;4116
Amager Vest - Bryggen Syd;2017K3;4104
Amager Vest - Bryggen Syd;2017K4;4180
Amager Vest - Bryggen Syd;2018K1;4199
Amager Vest - Bryggen Syd;2018K2;4301
Amager Vest - Bryggen Syd;2018K3;4338
Amager Vest - Bryggen Syd;2018K4;4433
Amager Vest - Bryggen Syd;2019K1;4445
Amager Vest - Bryggen Syd;2019K2;4535
Amager Vest - Bryggen Syd;2019K3;4615
Amager Vest - Bryggen Syd;2019K4;4768
Amager Vest - Bryggen Syd;2020K1;4829
Amager Vest - Bryggen Syd;2020K2;4900
Amager Vest - Bryggen Syd;2020K3;4895
Amager Vest - Bryggen Syd;2020K4;4964
Amager Vest - Bryggen Syd;2021K1;4979
Amager Vest - Bryggen Syd;2021K2;5007
Amager Vest - Bryggen Syd;2021K3;4996
Amager Vest - Bryggen Syd;2021K4;5030
Amager Vest - Bryggen Syd;2022K1;5039
Amager Vest - Bryggen Syd;2022K2;5158
Amager Vest - Bryggen Syd;2022K3;5120
Amager Vest - Bryggen Syd;2022K4;5119
Amager Vest - Bryggen Syd;2023K1;5203
Amager Vest - Bryggen Syd;2023K2;5393
Amager Vest - Bryggen Syd;2023K3;5423
Amager Vest - Bryggen Syd;2023K4;5509
Amager Vest - Bryggen Syd;2024K1;5532
Amager Vest - Bryggen Syd;2024K2;5618
Amager Vest - Bryggen Syd;2024K3;5576
Amager Vest - Bryggen Syd;2024K4;5681
Amager Vest - Bryggen Syd;2025K1;5643
Amager Vest - Faste Batteri;1974K1;5809
Amager Vest - Faste Batteri;1975K1;5813
Amager Vest - Faste Batteri;1976K1;5686
Amager Vest - Faste Batteri;1977K1;5502
Amager Vest - Faste Batteri;1978K1;5505
Amager Vest - Faste Batteri;1979K1;5310
Amager Vest - Faste Batteri;1980K1;5507
Amager Vest - Faste Batteri;1981K1;5623
Amager Vest - Faste Batteri;1982K1;5581
Amager Vest - Faste Batteri;1983K1;5746
Amager Vest - Faste Batteri;1984K1;5374
Amager Vest - Faste Batteri;1985K1;5204
Amager Vest - Faste Batteri;1986K1;5122
Amager Vest - Faste Batteri;1987K1;5205
Amager Vest - Faste Batteri;1988K1;5142
Amager Vest - Faste Batteri;1989K1;5137
Amager Vest - Faste Batteri;1990K1;5068
Amager Vest - Faste Batteri;1991K1;1661
Amager Vest - Faste Batteri;1992K1;1642
Amager Vest - Faste Batteri;1993K1;1684
Amager Vest - Faste Batteri;1994K1;1661
Amager Vest - Faste Batteri;1995K1;1679
Amager Vest - Faste Batteri;1996K1;1685
Amager Vest - Faste Batteri;1997K1;1692
Amager Vest - Faste Batteri;1998K1;1688
Amager Vest - Faste Batteri;1999K1;1698
Amager Vest - Faste Batteri;2000K1;1731
Amager Vest - Faste Batteri;2001K1;1757
Amager Vest - Faste Batteri;2002K1;1716
Amager Vest - Faste Batteri;2002K2;1731
Amager Vest - Faste Batteri;2002K3;1717
Amager Vest - Faste Batteri;2002K4;1744
Amager Vest - Faste Batteri;2003K1;1749
Amager Vest - Faste Batteri;2003K2;1752
Amager Vest - Faste Batteri;2003K3;1762
Amager Vest - Faste Batteri;2003K4;1765
Amager Vest - Faste Batteri;2004K1;1746
Amager Vest - Faste Batteri;2004K2;1842
Amager Vest - Faste Batteri;2004K3;1907
Amager Vest - Faste Batteri;2004K4;1943
Amager Vest - Faste Batteri;2005K1;1951
Amager Vest - Faste Batteri;2005K2;1972
Amager Vest - Faste Batteri;2005K3;2051
Amager Vest - Faste Batteri;2005K4;2139
Amager Vest - Faste Batteri;2006K1;2227
Amager Vest - Faste Batteri;2006K2;2341
Amager Vest - Faste Batteri;2006K3;2587
Amager Vest - Faste Batteri;2006K4;2653
Amager Vest - Faste Batteri;2007K1;2673
Amager Vest - Faste Batteri;2007K2;2751
Amager Vest - Faste Batteri;2007K3;2857
Amager Vest - Faste Batteri;2007K4;2880
Amager Vest - Faste Batteri;2008K1;2907
Amager Vest - Faste Batteri;2008K2;2930
Amager Vest - Faste Batteri;2008K3;2933
Amager Vest - Faste Batteri;2008K4;2973
Amager Vest - Faste Batteri;2009K1;3009
Amager Vest - Faste Batteri;2009K2;3034
Amager Vest - Faste Batteri;2009K3;3061
Amager Vest - Faste Batteri;2009K4;3099
Amager Vest - Faste Batteri;2010K1;3105
Amager Vest - Faste Batteri;2010K2;3099
Amager Vest - Faste Batteri;2010K3;3093
Amager Vest - Faste Batteri;2010K4;3138
Amager Vest - Faste Batteri;2011K1;3163
Amager Vest - Faste Batteri;2011K2;3193
Amager Vest - Faste Batteri;2011K3;3177
Amager Vest - Faste Batteri;2011K4;3206
Amager Vest - Faste Batteri;2012K1;3208
Amager Vest - Faste Batteri;2012K2;3230
Amager Vest - Faste Batteri;2012K3;3232
Amager Vest - Faste Batteri;2012K4;3264
Amager Vest - Faste Batteri;2013K1;3441
Amager Vest - Faste Batteri;2013K2;3469
Amager Vest - Faste Batteri;2013K3;3504
Amager Vest - Faste Batteri;2013K4;3542
Amager Vest - Faste Batteri;2014K1;3528
Amager Vest - Faste Batteri;2014K2;3515
Amager Vest - Faste Batteri;2014K3;3506
Amager Vest - Faste Batteri;2014K4;3562
Amager Vest - Faste Batteri;2015K1;3535
Amager Vest - Faste Batteri;2015K2;3568
Amager Vest - Faste Batteri;2015K3;3567
Amager Vest - Faste Batteri;2015K4;3582
Amager Vest - Faste Batteri;2016K1;3543
Amager Vest - Faste Batteri;2016K2;3545
Amager Vest - Faste Batteri;2016K3;3535
Amager Vest - Faste Batteri;2016K4;3604
Amager Vest - Faste Batteri;2017K1;3557
Amager Vest - Faste Batteri;2017K2;3564
Amager Vest - Faste Batteri;2017K3;3553
Amager Vest - Faste Batteri;2017K4;3554
Amager Vest - Faste Batteri;2018K1;3532
Amager Vest - Faste Batteri;2018K2;3622
Amager Vest - Faste Batteri;2018K3;3542
Amager Vest - Faste Batteri;2018K4;3810
Amager Vest - Faste Batteri;2019K1;3813
Amager Vest - Faste Batteri;2019K2;3941
Amager Vest - Faste Batteri;2019K3;3794
Amager Vest - Faste Batteri;2019K4;4091
Amager Vest - Faste Batteri;2020K1;3923
Amager Vest - Faste Batteri;2020K2;4043
Amager Vest - Faste Batteri;2020K3;4091
Amager Vest - Faste Batteri;2020K4;4196
Amager Vest - Faste Batteri;2021K1;4266
Amager Vest - Faste Batteri;2021K2;4372
Amager Vest - Faste Batteri;2021K3;4345
Amager Vest - Faste Batteri;2021K4;4403
Amager Vest - Faste Batteri;2022K1;4399
Amager Vest - Faste Batteri;2022K2;4775
Amager Vest - Faste Batteri;2022K3;4706
Amager Vest - Faste Batteri;2022K4;4967
Amager Vest - Faste Batteri;2023K1;4956
Amager Vest - Faste Batteri;2023K2;5248
Amager Vest - Faste Batteri;2023K3;5010
Amager Vest - Faste Batteri;2023K4;5323
Amager Vest - Faste Batteri;2024K1;5051
Amager Vest - Faste Batteri;2024K2;5364
Amager Vest - Faste Batteri;2024K3;5117
Amager Vest - Faste Batteri;2024K4;5465
Amager Vest - Faste Batteri;2025K1;5218
Amager Vest - Gamle Bryggen;1974K1;6822
Amager Vest - Gamle Bryggen;1975K1;6538
Amager Vest - Gamle Bryggen;1976K1;6322
Amager Vest - Gamle Bryggen;1977K1;6191
Amager Vest - Gamle Bryggen;1978K1;6039
Amager Vest - Gamle Bryggen;1979K1;5879
Amager Vest - Gamle Bryggen;1980K1;5774
Amager Vest - Gamle Bryggen;1981K1;5652
Amager Vest - Gamle Bryggen;1982K1;5537
Amager Vest - Gamle Bryggen;1983K1;5502
Amager Vest - Gamle Bryggen;1984K1;5478
Amager Vest - Gamle Bryggen;1985K1;5399
Amager Vest - Gamle Bryggen;1986K1;5326
Amager Vest - Gamle Bryggen;1987K1;5318
Amager Vest - Gamle Bryggen;1988K1;5243
Amager Vest - Gamle Bryggen;1989K1;5225
Amager Vest - Gamle Bryggen;1990K1;5167
Amager Vest - Gamle Bryggen;1991K1;5117
Amager Vest - Gamle Bryggen;1992K1;5118
Amager Vest - Gamle Bryggen;1993K1;5120
Amager Vest - Gamle Bryggen;1994K1;5074
Amager Vest - Gamle Bryggen;1995K1;5195
Amager Vest - Gamle Bryggen;1996K1;5278
Amager Vest - Gamle Bryggen;1997K1;5389
Amager Vest - Gamle Bryggen;1998K1;5465
Amager Vest - Gamle Bryggen;1999K1;5500
Amager Vest - Gamle Bryggen;2000K1;5500
Amager Vest - Gamle Bryggen;2001K1;5532
Amager Vest - Gamle Bryggen;2002K1;5564
Amager Vest - Gamle Bryggen;2002K2;5585
Amager Vest - Gamle Bryggen;2002K3;5571
Amager Vest - Gamle Bryggen;2002K4;5576
Amager Vest - Gamle Bryggen;2003K1;5597
Amager Vest - Gamle Bryggen;2003K2;5607
Amager Vest - Gamle Bryggen;2003K3;5572
Amager Vest - Gamle Bryggen;2003K4;5703
Amager Vest - Gamle Bryggen;2004K1;5801
Amager Vest - Gamle Bryggen;2004K2;5804
Amager Vest - Gamle Bryggen;2004K3;5927
Amager Vest - Gamle Bryggen;2004K4;6105
Amager Vest - Gamle Bryggen;2005K1;6118
Amager Vest - Gamle Bryggen;2005K2;6269
Amager Vest - Gamle Bryggen;2005K3;6323
Amager Vest - Gamle Bryggen;2005K4;6607
Amager Vest - Gamle Bryggen;2006K1;6645
Amager Vest - Gamle Bryggen;2006K2;6672
Amager Vest - Gamle Bryggen;2006K3;6628
Amager Vest - Gamle Bryggen;2006K4;6691
Amager Vest - Gamle Bryggen;2007K1;6715
Amager Vest - Gamle Bryggen;2007K2;6716
Amager Vest - Gamle Bryggen;2007K3;6695
Amager Vest - Gamle Bryggen;2007K4;6709
Amager Vest - Gamle Bryggen;2008K1;6650
Amager Vest - Gamle Bryggen;2008K2;6667
Amager Vest - Gamle Bryggen;2008K3;6646
Amager Vest - Gamle Bryggen;2008K4;6716
Amager Vest - Gamle Bryggen;2009K1;6720
Amager Vest - Gamle Bryggen;2009K2;6777
Amager Vest - Gamle Bryggen;2009K3;6860
Amager Vest - Gamle Bryggen;2009K4;6928
Amager Vest - Gamle Bryggen;2010K1;6945
Amager Vest - Gamle Bryggen;2010K2;7005
Amager Vest - Gamle Bryggen;2010K3;7024
Amager Vest - Gamle Bryggen;2010K4;7090
Amager Vest - Gamle Bryggen;2011K1;7125
Amager Vest - Gamle Bryggen;2011K2;7128
Amager Vest - Gamle Bryggen;2011K3;7194
Amager Vest - Gamle Bryggen;2011K4;7342
Amager Vest - Gamle Bryggen;2012K1;7332
Amager Vest - Gamle Bryggen;2012K2;7326
Amager Vest - Gamle Bryggen;2012K3;7331
Amager Vest - Gamle Bryggen;2012K4;7394
Amager Vest - Gamle Bryggen;2013K1;7513
Amager Vest - Gamle Bryggen;2013K2;7657
Amager Vest - Gamle Bryggen;2013K3;7726
Amager Vest - Gamle Bryggen;2013K4;7777
Amager Vest - Gamle Bryggen;2014K1;7806
Amager Vest - Gamle Bryggen;2014K2;7836
Amager Vest - Gamle Bryggen;2014K3;7812
Amager Vest - Gamle Bryggen;2014K4;7898
Amager Vest - Gamle Bryggen;2015K1;7863
Amager Vest - Gamle Bryggen;2015K2;7873
Amager Vest - Gamle Bryggen;2015K3;7868
Amager Vest - Gamle Bryggen;2015K4;7867
Amager Vest - Gamle Bryggen;2016K1;7885
Amager Vest - Gamle Bryggen;2016K2;7879
Amager Vest - Gamle Bryggen;2016K3;7895
Amager Vest - Gamle Bryggen;2016K4;7918
Amager Vest - Gamle Bryggen;2017K1;7918
Amager Vest - Gamle Bryggen;2017K2;7942
Amager Vest - Gamle Bryggen;2017K3;7916
Amager Vest - Gamle Bryggen;2017K4;7923
Amager Vest - Gamle Bryggen;2018K1;7879
Amager Vest - Gamle Bryggen;2018K2;7916
Amager Vest - Gamle Bryggen;2018K3;7898
Amager Vest - Gamle Bryggen;2018K4;7880
Amager Vest - Gamle Bryggen;2019K1;7852
Amager Vest - Gamle Bryggen;2019K2;7859
Amager Vest - Gamle Bryggen;2019K3;7835
Amager Vest - Gamle Bryggen;2019K4;7857
Amager Vest - Gamle Bryggen;2020K1;7827
Amager Vest - Gamle Bryggen;2020K2;7830
Amager Vest - Gamle Bryggen;2020K3;7826
Amager Vest - Gamle Bryggen;2020K4;7796
Amager Vest - Gamle Bryggen;2021K1;7749
Amager Vest - Gamle Bryggen;2021K2;7738
Amager Vest - Gamle Bryggen;2021K3;7707
Amager Vest - Gamle Bryggen;2021K4;7688
Amager Vest - Gamle Bryggen;2022K1;7706
Amager Vest - Gamle Bryggen;2022K2;7702
Amager Vest - Gamle Bryggen;2022K3;7639
Amager Vest - Gamle Bryggen;2022K4;7672
Amager Vest - Gamle Bryggen;2023K1;7626
Amager Vest - Gamle Bryggen;2023K2;7606
Amager Vest - Gamle Bryggen;2023K3;7574
Amager Vest - Gamle Bryggen;2023K4;7632
Amager Vest - Gamle Bryggen;2024K1;7645
Amager Vest - Gamle Bryggen;2024K2;7624
Amager Vest - Gamle Bryggen;2024K3;7672
Amager Vest - Gamle Bryggen;2024K4;7680
Amager Vest - Gamle Bryggen;2025K1;7704
Amager Vest - Grønjordssøen (Ørestad Nord og Vejlandskvarter);1974K1;156
Amager Vest - Grønjordssøen (Ørestad Nord og Vejlandskvarter);1975K1;142
Amager Vest - Grønjordssøen (Ørestad Nord og Vejlandskvarter);1976K1;137
Amager Vest - Grønjordssøen (Ørestad Nord og Vejlandskvarter);1977K1;128
Amager Vest - Grønjordssøen (Ørestad Nord og Vejlandskvarter);1978K1;131
Amager Vest - Grønjordssøen (Ørestad Nord og Vejlandskvarter);1979K1;130
Amager Vest - Grønjordssøen (Ørestad Nord og Vejlandskvarter);1980K1;128
Amager Vest - Grønjordssøen (Ørestad Nord og Vejlandskvarter);1981K1;131
Amager Vest - Grønjordssøen (Ørestad Nord og Vejlandskvarter);1982K1;134
Amager Vest - Grønjordssøen (Ørestad Nord og Vejlandskvarter);1983K1;122
Amager Vest - Grønjordssøen (Ørestad Nord og Vejlandskvarter);1984K1;135
Amager Vest - Grønjordssøen (Ørestad Nord og Vejlandskvarter);1985K1;134
Amager Vest - Grønjordssøen (Ørestad Nord og Vejlandskvarter);1986K1;130
Amager Vest - Grønjordssøen (Ørestad Nord og Vejlandskvarter);1987K1;117
Amager Vest - Grønjordssøen (Ørestad Nord og Vejlandskvarter);1988K1;114
Amager Vest - Grønjordssøen (Ørestad Nord og Vejlandskvarter);1989K1;118
Amager Vest - Grønjordssøen (Ørestad Nord og Vejlandskvarter);1990K1;128
Amager Vest - Grønjordssøen (Ørestad Nord og Vejlandskvarter);1991K1;124
Amager Vest - Grønjordssøen (Ørestad Nord og Vejlandskvarter);1992K1;131
Amager Vest - Grønjordssøen (Ørestad Nord og Vejlandskvarter);1993K1;125
Amager Vest - Grønjordssøen (Ørestad Nord og Vejlandskvarter);1994K1;128
Amager Vest - Grønjordssøen (Ørestad Nord og Vejlandskvarter);1995K1;129
Amager Vest - Grønjordssøen (Ørestad Nord og Vejlandskvarter);1996K1;133
Amager Vest - Grønjordssøen (Ørestad Nord og Vejlandskvarter);1997K1;141
Amager Vest - Grønjordssøen (Ørestad Nord og Vejlandskvarter);1998K1;126
Amager Vest - Grønjordssøen (Ørestad Nord og Vejlandskvarter);1999K1;121
Amager Vest - Grønjordssøen (Ørestad Nord og Vejlandskvarter);2000K1;113
Amager Vest - Grønjordssøen (Ørestad Nord og Vejlandskvarter);2001K1;116
Amager Vest - Grønjordssøen (Ørestad Nord og Vejlandskvarter);2002K1;122
Amager Vest - Grønjordssøen (Ørestad Nord og Vejlandskvarter);2002K2;122
Amager Vest - Grønjordssøen (Ørestad Nord og Vejlandskvarter);2002K3;126
Amager Vest - Grønjordssøen (Ørestad Nord og Vejlandskvarter);2002K4;129
Amager Vest - Grønjordssøen (Ørestad Nord og Vejlandskvarter);2003K1;131
Amager Vest - Grønjordssøen (Ørestad Nord og Vejlandskvarter);2003K2;131
Amager Vest - Grønjordssøen (Ørestad Nord og Vejlandskvarter);2003K3;123
Amager Vest - Grønjordssøen (Ørestad Nord og Vejlandskvarter);2003K4;123
Amager Vest - Grønjordssøen (Ørestad Nord og Vejlandskvarter);2004K1;120
Amager Vest - Grønjordssøen (Ørestad Nord og Vejlandskvarter);2004K2;122
Amager Vest - Grønjordssøen (Ørestad Nord og Vejlandskvarter);2004K3;424
Amager Vest - Grønjordssøen (Ørestad Nord og Vejlandskvarter);2004K4;494
Amager Vest - Grønjordssøen (Ørestad Nord og Vejlandskvarter);2005K1;490
Amager Vest - Grønjordssøen (Ørestad Nord og Vejlandskvarter);2005K2;543
Amager Vest - Grønjordssøen (Ørestad Nord og Vejlandskvarter);2005K3;638
Amager Vest - Grønjordssøen (Ørestad Nord og Vejlandskvarter);2005K4;725
Amager Vest - Grønjordssøen (Ørestad Nord og Vejlandskvarter);2006K1;917
Amager Vest - Grønjordssøen (Ørestad Nord og Vejlandskvarter);2006K2;1102
Amager Vest - Grønjordssøen (Ørestad Nord og Vejlandskvarter);2006K3;1114
Amager Vest - Grønjordssøen (Ørestad Nord og Vejlandskvarter);2006K4;1480
Amager Vest - Grønjordssøen (Ørestad Nord og Vejlandskvarter);2007K1;1654
Amager Vest - Grønjordssøen (Ørestad Nord og Vejlandskvarter);2007K2;1870
Amager Vest - Grønjordssøen (Ørestad Nord og Vejlandskvarter);2007K3;2007
Amager Vest - Grønjordssøen (Ørestad Nord og Vejlandskvarter);2007K4;2081
Amager Vest - Grønjordssøen (Ørestad Nord og Vejlandskvarter);2008K1;2086
Amager Vest - Grønjordssøen (Ørestad Nord og Vejlandskvarter);2008K2;2117
Amager Vest - Grønjordssøen (Ørestad Nord og Vejlandskvarter);2008K3;2117
Amager Vest - Grønjordssøen (Ørestad Nord og Vejlandskvarter);2008K4;2183
Amager Vest - Grønjordssøen (Ørestad Nord og Vejlandskvarter);2009K1;2133
Amager Vest - Grønjordssøen (Ørestad Nord og Vejlandskvarter);2009K2;2178
Amager Vest - Grønjordssøen (Ørestad Nord og Vejlandskvarter);2009K3;2147
Amager Vest - Grønjordssøen (Ørestad Nord og Vejlandskvarter);2009K4;2222
Amager Vest - Grønjordssøen (Ørestad Nord og Vejlandskvarter);2010K1;2210
Amager Vest - Grønjordssøen (Ørestad Nord og Vejlandskvarter);2010K2;2254
Amager Vest - Grønjordssøen (Ørestad Nord og Vejlandskvarter);2010K3;2229
Amager Vest - Grønjordssøen (Ørestad Nord og Vejlandskvarter);2010K4;2174
Amager Vest - Grønjordssøen (Ørestad Nord og Vejlandskvarter);2011K1;2202
Amager Vest - Grønjordssøen (Ørestad Nord og Vejlandskvarter);2011K2;2196
Amager Vest - Grønjordssøen (Ørestad Nord og Vejlandskvarter);2011K3;2177
Amager Vest - Grønjordssøen (Ørestad Nord og Vejlandskvarter);2011K4;2226
Amager Vest - Grønjordssøen (Ørestad Nord og Vejlandskvarter);2012K1;2223
Amager Vest - Grønjordssøen (Ørestad Nord og Vejlandskvarter);2012K2;2245
Amager Vest - Grønjordssøen (Ørestad Nord og Vejlandskvarter);2012K3;2203
Amager Vest - Grønjordssøen (Ørestad Nord og Vejlandskvarter);2012K4;2270
Amager Vest - Grønjordssøen (Ørestad Nord og Vejlandskvarter);2013K1;2278
Amager Vest - Grønjordssøen (Ørestad Nord og Vejlandskvarter);2013K2;2290
Amager Vest - Grønjordssøen (Ørestad Nord og Vejlandskvarter);2013K3;2284
Amager Vest - Grønjordssøen (Ørestad Nord og Vejlandskvarter);2013K4;2369
Amager Vest - Grønjordssøen (Ørestad Nord og Vejlandskvarter);2014K1;2387
Amager Vest - Grønjordssøen (Ørestad Nord og Vejlandskvarter);2014K2;2409
Amager Vest - Grønjordssøen (Ørestad Nord og Vejlandskvarter);2014K3;2456
Amager Vest - Grønjordssøen (Ørestad Nord og Vejlandskvarter);2014K4;2520
Amager Vest - Grønjordssøen (Ørestad Nord og Vejlandskvarter);2015K1;2525
Amager Vest - Grønjordssøen (Ørestad Nord og Vejlandskvarter);2015K2;2556
Amager Vest - Grønjordssøen (Ørestad Nord og Vejlandskvarter);2015K3;2520
Amager Vest - Grønjordssøen (Ørestad Nord og Vejlandskvarter);2015K4;2546
Amager Vest - Grønjordssøen (Ørestad Nord og Vejlandskvarter);2016K1;2517
Amager Vest - Grønjordssøen (Ørestad Nord og Vejlandskvarter);2016K2;2511
Amager Vest - Grønjordssøen (Ørestad Nord og Vejlandskvarter);2016K3;2515
Amager Vest - Grønjordssøen (Ørestad Nord og Vejlandskvarter);2016K4;2573
Amager Vest - Grønjordssøen (Ørestad Nord og Vejlandskvarter);2017K1;2876
Amager Vest - Grønjordssøen (Ørestad Nord og Vejlandskvarter);2017K2;2949
Amager Vest - Grønjordssøen (Ørestad Nord og Vejlandskvarter);2017K3;2928
Amager Vest - Grønjordssøen (Ørestad Nord og Vejlandskvarter);2017K4;2906
Amager Vest - Grønjordssøen (Ørestad Nord og Vejlandskvarter);2018K1;2947
Amager Vest - Grønjordssøen (Ørestad Nord og Vejlandskvarter);2018K2;2973
Amager Vest - Grønjordssøen (Ørestad Nord og Vejlandskvarter);2018K3;2912
Amager Vest - Grønjordssøen (Ørestad Nord og Vejlandskvarter);2018K4;3144
Amager Vest - Grønjordssøen (Ørestad Nord og Vejlandskvarter);2019K1;3278
Amager Vest - Grønjordssøen (Ørestad Nord og Vejlandskvarter);2019K2;3265
Amager Vest - Grønjordssøen (Ørestad Nord og Vejlandskvarter);2019K3;3197
Amager Vest - Grønjordssøen (Ørestad Nord og Vejlandskvarter);2019K4;3237
Amager Vest - Grønjordssøen (Ørestad Nord og Vejlandskvarter);2020K1;3225
Amager Vest - Grønjordssøen (Ørestad Nord og Vejlandskvarter);2020K2;3201
Amager Vest - Grønjordssøen (Ørestad Nord og Vejlandskvarter);2020K3;3202
Amager Vest - Grønjordssøen (Ørestad Nord og Vejlandskvarter);2020K4;3222
Amager Vest - Grønjordssøen (Ørestad Nord og Vejlandskvarter);2021K1;3336
Amager Vest - Grønjordssøen (Ørestad Nord og Vejlandskvarter);2021K2;3380
Amager Vest - Grønjordssøen (Ørestad Nord og Vejlandskvarter);2021K3;3348
Amager Vest - Grønjordssøen (Ørestad Nord og Vejlandskvarter);2021K4;3384
Amager Vest - Grønjordssøen (Ørestad Nord og Vejlandskvarter);2022K1;3644
Amager Vest - Grønjordssøen (Ørestad Nord og Vejlandskvarter);2022K2;3712
Amager Vest - Grønjordssøen (Ørestad Nord og Vejlandskvarter);2022K3;3713
Amager Vest - Grønjordssøen (Ørestad Nord og Vejlandskvarter);2022K4;3843
Amager Vest - Grønjordssøen (Ørestad Nord og Vejlandskvarter);2023K1;3802
Amager Vest - Grønjordssøen (Ørestad Nord og Vejlandskvarter);2023K2;3803
Amager Vest - Grønjordssøen (Ørestad Nord og Vejlandskvarter);2023K3;3760
Amager Vest - Grønjordssøen (Ørestad Nord og Vejlandskvarter);2023K4;3799
Amager Vest - Grønjordssøen (Ørestad Nord og Vejlandskvarter);2024K1;3751
Amager Vest - Grønjordssøen (Ørestad Nord og Vejlandskvarter);2024K2;3730
Amager Vest - Grønjordssøen (Ørestad Nord og Vejlandskvarter);2024K3;3639
Amager Vest - Grønjordssøen (Ørestad Nord og Vejlandskvarter);2024K4;3696
Amager Vest - Grønjordssøen (Ørestad Nord og Vejlandskvarter);2025K1;3664
Amager Vest - Kolonihavekvarteret;1974K1;5102
Amager Vest - Kolonihavekvarteret;1975K1;5085
Amager Vest - Kolonihavekvarteret;1976K1;4834
Amager Vest - Kolonihavekvarteret;1977K1;4864
Amager Vest - Kolonihavekvarteret;1978K1;4839
Amager Vest - Kolonihavekvarteret;1979K1;4869
Amager Vest - Kolonihavekvarteret;1980K1;4831
Amager Vest - Kolonihavekvarteret;1981K1;5752
Amager Vest - Kolonihavekvarteret;1982K1;5712
Amager Vest - Kolonihavekvarteret;1983K1;6065
Amager Vest - Kolonihavekvarteret;1984K1;6044
Amager Vest - Kolonihavekvarteret;1985K1;5978
Amager Vest - Kolonihavekvarteret;1986K1;5905
Amager Vest - Kolonihavekvarteret;1987K1;5907
Amager Vest - Kolonihavekvarteret;1988K1;6028
Amager Vest - Kolonihavekvarteret;1989K1;6021
Amager Vest - Kolonihavekvarteret;1990K1;4657
Amager Vest - Kolonihavekvarteret;1991K1;4636
Amager Vest - Kolonihavekvarteret;1992K1;4622
Amager Vest - Kolonihavekvarteret;1993K1;4695
Amager Vest - Kolonihavekvarteret;1994K1;4696
Amager Vest - Kolonihavekvarteret;1995K1;4783
Amager Vest - Kolonihavekvarteret;1996K1;4840
Amager Vest - Kolonihavekvarteret;1997K1;4842
Amager Vest - Kolonihavekvarteret;1998K1;4905
Amager Vest - Kolonihavekvarteret;1999K1;4869
Amager Vest - Kolonihavekvarteret;2000K1;4875
Amager Vest - Kolonihavekvarteret;2001K1;4994
Amager Vest - Kolonihavekvarteret;2002K1;5050
Amager Vest - Kolonihavekvarteret;2002K2;5030
Amager Vest - Kolonihavekvarteret;2002K3;4933
Amager Vest - Kolonihavekvarteret;2002K4;5004
Amager Vest - Kolonihavekvarteret;2003K1;5003
Amager Vest - Kolonihavekvarteret;2003K2;5011
Amager Vest - Kolonihavekvarteret;2003K3;4986
Amager Vest - Kolonihavekvarteret;2003K4;5041
Amager Vest - Kolonihavekvarteret;2004K1;5029
Amager Vest - Kolonihavekvarteret;2004K2;5053
Amager Vest - Kolonihavekvarteret;2004K3;5052
Amager Vest - Kolonihavekvarteret;2004K4;5042
Amager Vest - Kolonihavekvarteret;2005K1;5014
Amager Vest - Kolonihavekvarteret;2005K2;5063
Amager Vest - Kolonihavekvarteret;2005K3;5042
Amager Vest - Kolonihavekvarteret;2005K4;5049
Amager Vest - Kolonihavekvarteret;2006K1;5033
Amager Vest - Kolonihavekvarteret;2006K2;5018
Amager Vest - Kolonihavekvarteret;2006K3;5000
Amager Vest - Kolonihavekvarteret;2006K4;5045
Amager Vest - Kolonihavekvarteret;2007K1;5033
Amager Vest - Kolonihavekvarteret;2007K2;4971
Amager Vest - Kolonihavekvarteret;2007K3;4935
Amager Vest - Kolonihavekvarteret;2007K4;4951
Amager Vest - Kolonihavekvarteret;2008K1;4972
Amager Vest - Kolonihavekvarteret;2008K2;4966
Amager Vest - Kolonihavekvarteret;2008K3;4940
Amager Vest - Kolonihavekvarteret;2008K4;5008
Amager Vest - Kolonihavekvarteret;2009K1;5020
Amager Vest - Kolonihavekvarteret;2009K2;5059
Amager Vest - Kolonihavekvarteret;2009K3;5050
Amager Vest - Kolonihavekvarteret;2009K4;5113
Amager Vest - Kolonihavekvarteret;2010K1;5145
Amager Vest - Kolonihavekvarteret;2010K2;5177
Amager Vest - Kolonihavekvarteret;2010K3;5141
Amager Vest - Kolonihavekvarteret;2010K4;5118
Amager Vest - Kolonihavekvarteret;2011K1;5035
Amager Vest - Kolonihavekvarteret;2011K2;5071
Amager Vest - Kolonihavekvarteret;2011K3;5089
Amager Vest - Kolonihavekvarteret;2011K4;5110
Amager Vest - Kolonihavekvarteret;2012K1;5121
Amager Vest - Kolonihavekvarteret;2012K2;5122
Amager Vest - Kolonihavekvarteret;2012K3;5096
Amager Vest - Kolonihavekvarteret;2012K4;5134
Amager Vest - Kolonihavekvarteret;2013K1;5155
Amager Vest - Kolonihavekvarteret;2013K2;5159
Amager Vest - Kolonihavekvarteret;2013K3;5167
Amager Vest - Kolonihavekvarteret;2013K4;5206
Amager Vest - Kolonihavekvarteret;2014K1;5232
Amager Vest - Kolonihavekvarteret;2014K2;5240
Amager Vest - Kolonihavekvarteret;2014K3;5243
Amager Vest - Kolonihavekvarteret;2014K4;5309
Amager Vest - Kolonihavekvarteret;2015K1;5318
Amager Vest - Kolonihavekvarteret;2015K2;5374
Amager Vest - Kolonihavekvarteret;2015K3;5401
Amager Vest - Kolonihavekvarteret;2015K4;5484
Amager Vest - Kolonihavekvarteret;2016K1;5586
Amager Vest - Kolonihavekvarteret;2016K2;5591
Amager Vest - Kolonihavekvarteret;2016K3;5649
Amager Vest - Kolonihavekvarteret;2016K4;5709
Amager Vest - Kolonihavekvarteret;2017K1;5683
Amager Vest - Kolonihavekvarteret;2017K2;5743
Amager Vest - Kolonihavekvarteret;2017K3;5696
Amager Vest - Kolonihavekvarteret;2017K4;5760
Amager Vest - Kolonihavekvarteret;2018K1;5758
Amager Vest - Kolonihavekvarteret;2018K2;5759
Amager Vest - Kolonihavekvarteret;2018K3;5743
Amager Vest - Kolonihavekvarteret;2018K4;5773
Amager Vest - Kolonihavekvarteret;2019K1;5793
Amager Vest - Kolonihavekvarteret;2019K2;5802
Amager Vest - Kolonihavekvarteret;2019K3;5837
Amager Vest - Kolonihavekvarteret;2019K4;5841
Amager Vest - Kolonihavekvarteret;2020K1;5852
Amager Vest - Kolonihavekvarteret;2020K2;5841
Amager Vest - Kolonihavekvarteret;2020K3;5841
Amager Vest - Kolonihavekvarteret;2020K4;5878
Amager Vest - Kolonihavekvarteret;2021K1;5901
Amager Vest - Kolonihavekvarteret;2021K2;5906
Amager Vest - Kolonihavekvarteret;2021K3;5890
Amager Vest - Kolonihavekvarteret;2021K4;5898
Amager Vest - Kolonihavekvarteret;2022K1;5896
Amager Vest - Kolonihavekvarteret;2022K2;5943
Amager Vest - Kolonihavekvarteret;2022K3;5901
Amager Vest - Kolonihavekvarteret;2022K4;5953
Amager Vest - Kolonihavekvarteret;2023K1;5960
Amager Vest - Kolonihavekvarteret;2023K2;5984
Amager Vest - Kolonihavekvarteret;2023K3;5959
Amager Vest - Kolonihavekvarteret;2023K4;6010
Amager Vest - Kolonihavekvarteret;2024K1;6003
Amager Vest - Kolonihavekvarteret;2024K2;5985
Amager Vest - Kolonihavekvarteret;2024K3;5985
Amager Vest - Kolonihavekvarteret;2024K4;6012
Amager Vest - Kolonihavekvarteret;2025K1;6049
Amager Vest - Sundbyvester;1974K1;12123
Amager Vest - Sundbyvester;1975K1;11861
Amager Vest - Sundbyvester;1976K1;11621
Amager Vest - Sundbyvester;1977K1;11618
Amager Vest - Sundbyvester;1978K1;11437
Amager Vest - Sundbyvester;1979K1;11289
Amager Vest - Sundbyvester;1980K1;11079
Amager Vest - Sundbyvester;1981K1;11080
Amager Vest - Sundbyvester;1982K1;11024
Amager Vest - Sundbyvester;1983K1;10956
Amager Vest - Sundbyvester;1984K1;10880
Amager Vest - Sundbyvester;1985K1;10954
Amager Vest - Sundbyvester;1986K1;10862
Amager Vest - Sundbyvester;1987K1;10845
Amager Vest - Sundbyvester;1988K1;10757
Amager Vest - Sundbyvester;1989K1;10789
Amager Vest - Sundbyvester;1990K1;10786
Amager Vest - Sundbyvester;1991K1;10736
Amager Vest - Sundbyvester;1992K1;10738
Amager Vest - Sundbyvester;1993K1;10752
Amager Vest - Sundbyvester;1994K1;10785
Amager Vest - Sundbyvester;1995K1;10826
Amager Vest - Sundbyvester;1996K1;10897
Amager Vest - Sundbyvester;1997K1;10923
Amager Vest - Sundbyvester;1998K1;10937
Amager Vest - Sundbyvester;1999K1;10936
Amager Vest - Sundbyvester;2000K1;11036
Amager Vest - Sundbyvester;2001K1;11044
Amager Vest - Sundbyvester;2002K1;11038
Amager Vest - Sundbyvester;2002K2;11024
Amager Vest - Sundbyvester;2002K3;11090
Amager Vest - Sundbyvester;2002K4;11115
Amager Vest - Sundbyvester;2003K1;11077
Amager Vest - Sundbyvester;2003K2;11062
Amager Vest - Sundbyvester;2003K3;11034
Amager Vest - Sundbyvester;2003K4;10980
Amager Vest - Sundbyvester;2004K1;10997
Amager Vest - Sundbyvester;2004K2;10995
Amager Vest - Sundbyvester;2004K3;10999
Amager Vest - Sundbyvester;2004K4;11052
Amager Vest - Sundbyvester;2005K1;11016
Amager Vest - Sundbyvester;2005K2;10987
Amager Vest - Sundbyvester;2005K3;10940
Amager Vest - Sundbyvester;2005K4;10990
Amager Vest - Sundbyvester;2006K1;10878
Amager Vest - Sundbyvester;2006K2;10933
Amager Vest - Sundbyvester;2006K3;10959
Amager Vest - Sundbyvester;2006K4;11086
Amager Vest - Sundbyvester;2007K1;11183
Amager Vest - Sundbyvester;2007K2;11211
Amager Vest - Sundbyvester;2007K3;11241
Amager Vest - Sundbyvester;2007K4;11248
Amager Vest - Sundbyvester;2008K1;11194
Amager Vest - Sundbyvester;2008K2;11267
Amager Vest - Sundbyvester;2008K3;11243
Amager Vest - Sundbyvester;2008K4;11363
Amager Vest - Sundbyvester;2009K1;11416
Amager Vest - Sundbyvester;2009K2;11411
Amager Vest - Sundbyvester;2009K3;11411
Amager Vest - Sundbyvester;2009K4;11488
Amager Vest - Sundbyvester;2010K1;11536
Amager Vest - Sundbyvester;2010K2;11663
Amager Vest - Sundbyvester;2010K3;11661
Amager Vest - Sundbyvester;2010K4;11677
Amager Vest - Sundbyvester;2011K1;11726
Amager Vest - Sundbyvester;2011K2;11775
Amager Vest - Sundbyvester;2011K3;11795
Amager Vest - Sundbyvester;2011K4;11903
Amager Vest - Sundbyvester;2012K1;11880
Amager Vest - Sundbyvester;2012K2;11959
Amager Vest - Sundbyvester;2012K3;11936
Amager Vest - Sundbyvester;2012K4;12042
Amager Vest - Sundbyvester;2013K1;12073
Amager Vest - Sundbyvester;2013K2;12120
Amager Vest - Sundbyvester;2013K3;12146
Amager Vest - Sundbyvester;2013K4;12211
Amager Vest - Sundbyvester;2014K1;12116
Amager Vest - Sundbyvester;2014K2;12030
Amager Vest - Sundbyvester;2014K3;12035
Amager Vest - Sundbyvester;2014K4;12106
Amager Vest - Sundbyvester;2015K1;12250
Amager Vest - Sundbyvester;2015K2;12218
Amager Vest - Sundbyvester;2015K3;12330
Amager Vest - Sundbyvester;2015K4;12466
Amager Vest - Sundbyvester;2016K1;12662
Amager Vest - Sundbyvester;2016K2;12724
Amager Vest - Sundbyvester;2016K3;12718
Amager Vest - Sundbyvester;2016K4;12803
Amager Vest - Sundbyvester;2017K1;12843
Amager Vest - Sundbyvester;2017K2;12889
Amager Vest - Sundbyvester;2017K3;12891
Amager Vest - Sundbyvester;2017K4;13029
Amager Vest - Sundbyvester;2018K1;12966
Amager Vest - Sundbyvester;2018K2;13003
Amager Vest - Sundbyvester;2018K3;13014
Amager Vest - Sundbyvester;2018K4;13067
Amager Vest - Sundbyvester;2019K1;13103
Amager Vest - Sundbyvester;2019K2;13140
Amager Vest - Sundbyvester;2019K3;13102
Amager Vest - Sundbyvester;2019K4;13192
Amager Vest - Sundbyvester;2020K1;13178
Amager Vest - Sundbyvester;2020K2;13147
Amager Vest - Sundbyvester;2020K3;13153
Amager Vest - Sundbyvester;2020K4;13125
Amager Vest - Sundbyvester;2021K1;13094
Amager Vest - Sundbyvester;2021K2;13080
Amager Vest - Sundbyvester;2021K3;13049
Amager Vest - Sundbyvester;2021K4;13101
Amager Vest - Sundbyvester;2022K1;13056
Amager Vest - Sundbyvester;2022K2;13052
Amager Vest - Sundbyvester;2022K3;13115
Amager Vest - Sundbyvester;2022K4;13056
Amager Vest - Sundbyvester;2023K1;13002
Amager Vest - Sundbyvester;2023K2;13043
Amager Vest - Sundbyvester;2023K3;13065
Amager Vest - Sundbyvester;2023K4;13076
Amager Vest - Sundbyvester;2024K1;13058
Amager Vest - Sundbyvester;2024K2;13006
Amager Vest - Sundbyvester;2024K3;12994
Amager Vest - Sundbyvester;2024K4;13229
Amager Vest - Sundbyvester;2025K1;13198
Amager Vest - Sundholmsvejs kvarteret;1974K1;6987
Amager Vest - Sundholmsvejs kvarteret;1975K1;6862
Amager Vest - Sundholmsvejs kvarteret;1976K1;6673
Amager Vest - Sundholmsvejs kvarteret;1977K1;6450
Amager Vest - Sundholmsvejs kvarteret;1978K1;6254
Amager Vest - Sundholmsvejs kvarteret;1979K1;6243
Amager Vest - Sundholmsvejs kvarteret;1980K1;6167
Amager Vest - Sundholmsvejs kvarteret;1981K1;6045
Amager Vest - Sundholmsvejs kvarteret;1982K1;6428
Amager Vest - Sundholmsvejs kvarteret;1983K1;6395
Amager Vest - Sundholmsvejs kvarteret;1984K1;6620
Amager Vest - Sundholmsvejs kvarteret;1985K1;6995
Amager Vest - Sundholmsvejs kvarteret;1986K1;6920
Amager Vest - Sundholmsvejs kvarteret;1987K1;7065
Amager Vest - Sundholmsvejs kvarteret;1988K1;7422
Amager Vest - Sundholmsvejs kvarteret;1989K1;7329
Amager Vest - Sundholmsvejs kvarteret;1990K1;7251
Amager Vest - Sundholmsvejs kvarteret;1991K1;10296
Amager Vest - Sundholmsvejs kvarteret;1992K1;10255
Amager Vest - Sundholmsvejs kvarteret;1993K1;10428
Amager Vest - Sundholmsvejs kvarteret;1994K1;10514
Amager Vest - Sundholmsvejs kvarteret;1995K1;10620
Amager Vest - Sundholmsvejs kvarteret;1996K1;10707
Amager Vest - Sundholmsvejs kvarteret;1997K1;10769
Amager Vest - Sundholmsvejs kvarteret;1998K1;10813
Amager Vest - Sundholmsvejs kvarteret;1999K1;10853
Amager Vest - Sundholmsvejs kvarteret;2000K1;10890
Amager Vest - Sundholmsvejs kvarteret;2001K1;10889
Amager Vest - Sundholmsvejs kvarteret;2002K1;10912
Amager Vest - Sundholmsvejs kvarteret;2002K2;10878
Amager Vest - Sundholmsvejs kvarteret;2002K3;10827
Amager Vest - Sundholmsvejs kvarteret;2002K4;10896
Amager Vest - Sundholmsvejs kvarteret;2003K1;10876
Amager Vest - Sundholmsvejs kvarteret;2003K2;10877
Amager Vest - Sundholmsvejs kvarteret;2003K3;10829
Amager Vest - Sundholmsvejs kvarteret;2003K4;10825
Amager Vest - Sundholmsvejs kvarteret;2004K1;10898
Amager Vest - Sundholmsvejs kvarteret;2004K2;10883
Amager Vest - Sundholmsvejs kvarteret;2004K3;10765
Amager Vest - Sundholmsvejs kvarteret;2004K4;10835
Amager Vest - Sundholmsvejs kvarteret;2005K1;10827
Amager Vest - Sundholmsvejs kvarteret;2005K2;10831
Amager Vest - Sundholmsvejs kvarteret;2005K3;10740
Amager Vest - Sundholmsvejs kvarteret;2005K4;10799
Amager Vest - Sundholmsvejs kvarteret;2006K1;10771
Amager Vest - Sundholmsvejs kvarteret;2006K2;10713
Amager Vest - Sundholmsvejs kvarteret;2006K3;10651
Amager Vest - Sundholmsvejs kvarteret;2006K4;10656
Amager Vest - Sundholmsvejs kvarteret;2007K1;10665
Amager Vest - Sundholmsvejs kvarteret;2007K2;10630
Amager Vest - Sundholmsvejs kvarteret;2007K3;10614
Amager Vest - Sundholmsvejs kvarteret;2007K4;10574
Amager Vest - Sundholmsvejs kvarteret;2008K1;10620
Amager Vest - Sundholmsvejs kvarteret;2008K2;10628
Amager Vest - Sundholmsvejs kvarteret;2008K3;10637
Amager Vest - Sundholmsvejs kvarteret;2008K4;10735
Amager Vest - Sundholmsvejs kvarteret;2009K1;10768
Amager Vest - Sundholmsvejs kvarteret;2009K2;10781
Amager Vest - Sundholmsvejs kvarteret;2009K3;10739
Amager Vest - Sundholmsvejs kvarteret;2009K4;10806
Amager Vest - Sundholmsvejs kvarteret;2010K1;10787
Amager Vest - Sundholmsvejs kvarteret;2010K2;10870
Amager Vest - Sundholmsvejs kvarteret;2010K3;10844
Amager Vest - Sundholmsvejs kvarteret;2010K4;10863
Amager Vest - Sundholmsvejs kvarteret;2011K1;10913
Amager Vest - Sundholmsvejs kvarteret;2011K2;10942
Amager Vest - Sundholmsvejs kvarteret;2011K3;10894
Amager Vest - Sundholmsvejs kvarteret;2011K4;11093
Amager Vest - Sundholmsvejs kvarteret;2012K1;11126
Amager Vest - Sundholmsvejs kvarteret;2012K2;11174
Amager Vest - Sundholmsvejs kvarteret;2012K3;11100
Amager Vest - Sundholmsvejs kvarteret;2012K4;11094
Amager Vest - Sundholmsvejs kvarteret;2013K1;11028
Amager Vest - Sundholmsvejs kvarteret;2013K2;11090
Amager Vest - Sundholmsvejs kvarteret;2013K3;11195
Amager Vest - Sundholmsvejs kvarteret;2013K4;11350
Amager Vest - Sundholmsvejs kvarteret;2014K1;11426
Amager Vest - Sundholmsvejs kvarteret;2014K2;11493
Amager Vest - Sundholmsvejs kvarteret;2014K3;11418
Amager Vest - Sundholmsvejs kvarteret;2014K4;11561
Amager Vest - Sundholmsvejs kvarteret;2015K1;11486
Amager Vest - Sundholmsvejs kvarteret;2015K2;11584
Amager Vest - Sundholmsvejs kvarteret;2015K3;11624
Amager Vest - Sundholmsvejs kvarteret;2015K4;11633
Amager Vest - Sundholmsvejs kvarteret;2016K1;11642
Amager Vest - Sundholmsvejs kvarteret;2016K2;11704
Amager Vest - Sundholmsvejs kvarteret;2016K3;11629
Amager Vest - Sundholmsvejs kvarteret;2016K4;11870
Amager Vest - Sundholmsvejs kvarteret;2017K1;11817
Amager Vest - Sundholmsvejs kvarteret;2017K2;11823
Amager Vest - Sundholmsvejs kvarteret;2017K3;11739
Amager Vest - Sundholmsvejs kvarteret;2017K4;11979
Amager Vest - Sundholmsvejs kvarteret;2018K1;11981
Amager Vest - Sundholmsvejs kvarteret;2018K2;12062
Amager Vest - Sundholmsvejs kvarteret;2018K3;11973
Amager Vest - Sundholmsvejs kvarteret;2018K4;12009
Amager Vest - Sundholmsvejs kvarteret;2019K1;12044
Amager Vest - Sundholmsvejs kvarteret;2019K2;12009
Amager Vest - Sundholmsvejs kvarteret;2019K3;11924
Amager Vest - Sundholmsvejs kvarteret;2019K4;11914
Amager Vest - Sundholmsvejs kvarteret;2020K1;11752
Amager Vest - Sundholmsvejs kvarteret;2020K2;11780
Amager Vest - Sundholmsvejs kvarteret;2020K3;11744
Amager Vest - Sundholmsvejs kvarteret;2020K4;11780
Amager Vest - Sundholmsvejs kvarteret;2021K1;11744
Amager Vest - Sundholmsvejs kvarteret;2021K2;11783
Amager Vest - Sundholmsvejs kvarteret;2021K3;11735
Amager Vest - Sundholmsvejs kvarteret;2021K4;11944
Amager Vest - Sundholmsvejs kvarteret;2022K1;11870
Amager Vest - Sundholmsvejs kvarteret;2022K2;12015
Amager Vest - Sundholmsvejs kvarteret;2022K3;11825
Amager Vest - Sundholmsvejs kvarteret;2022K4;11999
Amager Vest - Sundholmsvejs kvarteret;2023K1;11935
Amager Vest - Sundholmsvejs kvarteret;2023K2;12048
Amager Vest - Sundholmsvejs kvarteret;2023K3;11852
Amager Vest - Sundholmsvejs kvarteret;2023K4;12071
Amager Vest - Sundholmsvejs kvarteret;2024K1;11935
Amager Vest - Sundholmsvejs kvarteret;2024K2;12065
Amager Vest - Sundholmsvejs kvarteret;2024K3;11872
Amager Vest - Sundholmsvejs kvarteret;2024K4;12015
Amager Vest - Sundholmsvejs kvarteret;2025K1;11920
Amager Vest - Urbanplanen;1974K1;6173
Amager Vest - Urbanplanen;1975K1;6075
Amager Vest - Urbanplanen;1976K1;5920
Amager Vest - Urbanplanen;1977K1;5771
Amager Vest - Urbanplanen;1978K1;5582
Amager Vest - Urbanplanen;1979K1;5467
Amager Vest - Urbanplanen;1980K1;5351
Amager Vest - Urbanplanen;1981K1;4304
Amager Vest - Urbanplanen;1982K1;4269
Amager Vest - Urbanplanen;1983K1;4236
Amager Vest - Urbanplanen;1984K1;4141
Amager Vest - Urbanplanen;1985K1;3284
Amager Vest - Urbanplanen;1986K1;3274
Amager Vest - Urbanplanen;1987K1;3266
Amager Vest - Urbanplanen;1988K1;3285
Amager Vest - Urbanplanen;1989K1;3274
Amager Vest - Urbanplanen;1990K1;4545
Amager Vest - Urbanplanen;1991K1;4501
Amager Vest - Urbanplanen;1992K1;4406
Amager Vest - Urbanplanen;1993K1;4543
Amager Vest - Urbanplanen;1994K1;4510
Amager Vest - Urbanplanen;1995K1;4462
Amager Vest - Urbanplanen;1996K1;4483
Amager Vest - Urbanplanen;1997K1;4618
Amager Vest - Urbanplanen;1998K1;4835
Amager Vest - Urbanplanen;1999K1;4789
Amager Vest - Urbanplanen;2000K1;4909
Amager Vest - Urbanplanen;2001K1;4895
Amager Vest - Urbanplanen;2002K1;4970
Amager Vest - Urbanplanen;2002K2;4961
Amager Vest - Urbanplanen;2002K3;4921
Amager Vest - Urbanplanen;2002K4;4887
Amager Vest - Urbanplanen;2003K1;4868
Amager Vest - Urbanplanen;2003K2;4866
Amager Vest - Urbanplanen;2003K3;4810
Amager Vest - Urbanplanen;2003K4;4849
Amager Vest - Urbanplanen;2004K1;4875
Amager Vest - Urbanplanen;2004K2;4854
Amager Vest - Urbanplanen;2004K3;4892
Amager Vest - Urbanplanen;2004K4;4863
Amager Vest - Urbanplanen;2005K1;4859
Amager Vest - Urbanplanen;2005K2;4847
Amager Vest - Urbanplanen;2005K3;4835
Amager Vest - Urbanplanen;2005K4;4797
Amager Vest - Urbanplanen;2006K1;4815
Amager Vest - Urbanplanen;2006K2;4787
Amager Vest - Urbanplanen;2006K3;4775
Amager Vest - Urbanplanen;2006K4;4751
Amager Vest - Urbanplanen;2007K1;4722
Amager Vest - Urbanplanen;2007K2;4726
Amager Vest - Urbanplanen;2007K3;4700
Amager Vest - Urbanplanen;2007K4;4695
Amager Vest - Urbanplanen;2008K1;4687
Amager Vest - Urbanplanen;2008K2;4674
Amager Vest - Urbanplanen;2008K3;4666
Amager Vest - Urbanplanen;2008K4;4695
Amager Vest - Urbanplanen;2009K1;4660
Amager Vest - Urbanplanen;2009K2;4694
Amager Vest - Urbanplanen;2009K3;4682
Amager Vest - Urbanplanen;2009K4;4679
Amager Vest - Urbanplanen;2010K1;4671
Amager Vest - Urbanplanen;2010K2;4660
Amager Vest - Urbanplanen;2010K3;4664
Amager Vest - Urbanplanen;2010K4;4696
Amager Vest - Urbanplanen;2011K1;4711
Amager Vest - Urbanplanen;2011K2;4733
Amager Vest - Urbanplanen;2011K3;4716
Amager Vest - Urbanplanen;2011K4;4731
Amager Vest - Urbanplanen;2012K1;4707
Amager Vest - Urbanplanen;2012K2;4729
Amager Vest - Urbanplanen;2012K3;4756
Amager Vest - Urbanplanen;2012K4;4737
Amager Vest - Urbanplanen;2013K1;4749
Amager Vest - Urbanplanen;2013K2;4782
Amager Vest - Urbanplanen;2013K3;4792
Amager Vest - Urbanplanen;2013K4;4782
Amager Vest - Urbanplanen;2014K1;4756
Amager Vest - Urbanplanen;2014K2;4747
Amager Vest - Urbanplanen;2014K3;4758
Amager Vest - Urbanplanen;2014K4;4803
Amager Vest - Urbanplanen;2015K1;4788
Amager Vest - Urbanplanen;2015K2;4745
Amager Vest - Urbanplanen;2015K3;4758
Amager Vest - Urbanplanen;2015K4;4799
Amager Vest - Urbanplanen;2016K1;4771
Amager Vest - Urbanplanen;2016K2;4770
Amager Vest - Urbanplanen;2016K3;4786
Amager Vest - Urbanplanen;2016K4;4787
Amager Vest - Urbanplanen;2017K1;4756
Amager Vest - Urbanplanen;2017K2;4764
Amager Vest - Urbanplanen;2017K3;4752
Amager Vest - Urbanplanen;2017K4;4762
Amager Vest - Urbanplanen;2018K1;4738
Amager Vest - Urbanplanen;2018K2;4721
Amager Vest - Urbanplanen;2018K3;4730
Amager Vest - Urbanplanen;2018K4;4741
Amager Vest - Urbanplanen;2019K1;4742
Amager Vest - Urbanplanen;2019K2;4785
Amager Vest - Urbanplanen;2019K3;4715
Amager Vest - Urbanplanen;2019K4;4718
Amager Vest - Urbanplanen;2020K1;4698
Amager Vest - Urbanplanen;2020K2;4698
Amager Vest - Urbanplanen;2020K3;4664
Amager Vest - Urbanplanen;2020K4;4654
Amager Vest - Urbanplanen;2021K1;4779
Amager Vest - Urbanplanen;2021K2;4764
Amager Vest - Urbanplanen;2021K3;4782
Amager Vest - Urbanplanen;2021K4;4799
Amager Vest - Urbanplanen;2022K1;4779
Amager Vest - Urbanplanen;2022K2;4746
Amager Vest - Urbanplanen;2022K3;4753
Amager Vest - Urbanplanen;2022K4;4732
Amager Vest - Urbanplanen;2023K1;4577
Amager Vest - Urbanplanen;2023K2;4558
Amager Vest - Urbanplanen;2023K3;4562
Amager Vest - Urbanplanen;2023K4;4556
Amager Vest - Urbanplanen;2024K1;4562
Amager Vest - Urbanplanen;2024K2;4555
Amager Vest - Urbanplanen;2024K3;4548
Amager Vest - Urbanplanen;2024K4;4557
Amager Vest - Urbanplanen;2025K1;4540
Amager Vest - Ørestad City;1974K1;3784
Amager Vest - Ørestad City;1975K1;3343
Amager Vest - Ørestad City;1976K1;3600
Amager Vest - Ørestad City;1977K1;3266
Amager Vest - Ørestad City;1978K1;3268
Amager Vest - Ørestad City;1979K1;3132
Amager Vest - Ørestad City;1980K1;2832
Amager Vest - Ørestad City;1981K1;2763
Amager Vest - Ørestad City;1982K1;2505
Amager Vest - Ørestad City;1983K1;2449
Amager Vest - Ørestad City;1984K1;2312
Amager Vest - Ørestad City;1985K1;2468
Amager Vest - Ørestad City;1986K1;2608
Amager Vest - Ørestad City;1987K1;2588
Amager Vest - Ørestad City;1988K1;1869
Amager Vest - Ørestad City;1989K1;2034
Amager Vest - Ørestad City;1990K1;2265
Amager Vest - Ørestad City;1991K1;2
Amager Vest - Ørestad City;1992K1;2
Amager Vest - Ørestad City;1993K1;2
Amager Vest - Ørestad City;1994K1;2
Amager Vest - Ørestad City;1995K1;1
Amager Vest - Ørestad City;1996K1;2
Amager Vest - Ørestad City;1997K1;1
Amager Vest - Ørestad City;1998K1;1
Amager Vest - Ørestad City;1999K1;0
Amager Vest - Ørestad City;2000K1;0
Amager Vest - Ørestad City;2001K1;0
Amager Vest - Ørestad City;2002K1;0
Amager Vest - Ørestad City;2002K2;0
Amager Vest - Ørestad City;2002K3;0
Amager Vest - Ørestad City;2002K4;0
Amager Vest - Ørestad City;2003K1;0
Amager Vest - Ørestad City;2003K2;0
Amager Vest - Ørestad City;2003K3;0
Amager Vest - Ørestad City;2003K4;0
Amager Vest - Ørestad City;2004K1;0
Amager Vest - Ørestad City;2004K2;0
Amager Vest - Ørestad City;2004K3;0
Amager Vest - Ørestad City;2004K4;0
Amager Vest - Ørestad City;2005K1;0
Amager Vest - Ørestad City;2005K2;0
Amager Vest - Ørestad City;2005K3;0
Amager Vest - Ørestad City;2005K4;194
Amager Vest - Ørestad City;2006K1;468
Amager Vest - Ørestad City;2006K2;531
Amager Vest - Ørestad City;2006K3;596
Amager Vest - Ørestad City;2006K4;847
Amager Vest - Ørestad City;2007K1;958
Amager Vest - Ørestad City;2007K2;1264
Amager Vest - Ørestad City;2007K3;1627
Amager Vest - Ørestad City;2007K4;2000
Amager Vest - Ørestad City;2008K1;2451
Amager Vest - Ørestad City;2008K2;2782
Amager Vest - Ørestad City;2008K3;3022
Amager Vest - Ørestad City;2008K4;3236
Amager Vest - Ørestad City;2009K1;3315
Amager Vest - Ørestad City;2009K2;3393
Amager Vest - Ørestad City;2009K3;3374
Amager Vest - Ørestad City;2009K4;3525
Amager Vest - Ørestad City;2010K1;3637
Amager Vest - Ørestad City;2010K2;3751
Amager Vest - Ørestad City;2010K3;3836
Amager Vest - Ørestad City;2010K4;3924
Amager Vest - Ørestad City;2011K1;3992
Amager Vest - Ørestad City;2011K2;4033
Amager Vest - Ørestad City;2011K3;4010
Amager Vest - Ørestad City;2011K4;4175
Amager Vest - Ørestad City;2012K1;4281
Amager Vest - Ørestad City;2012K2;4439
Amager Vest - Ørestad City;2012K3;4418
Amager Vest - Ørestad City;2012K4;4540
Amager Vest - Ørestad City;2013K1;4619
Amager Vest - Ørestad City;2013K2;4810
Amager Vest - Ørestad City;2013K3;4772
Amager Vest - Ørestad City;2013K4;4959
Amager Vest - Ørestad City;2014K1;5064
Amager Vest - Ørestad City;2014K2;5129
Amager Vest - Ørestad City;2014K3;5025
Amager Vest - Ørestad City;2014K4;5131
Amager Vest - Ørestad City;2015K1;5094
Amager Vest - Ørestad City;2015K2;5183
Amager Vest - Ørestad City;2015K3;5110
Amager Vest - Ørestad City;2015K4;5136
Amager Vest - Ørestad City;2016K1;5074
Amager Vest - Ørestad City;2016K2;5174
Amager Vest - Ørestad City;2016K3;5108
Amager Vest - Ørestad City;2016K4;5270
Amager Vest - Ørestad City;2017K1;5203
Amager Vest - Ørestad City;2017K2;5215
Amager Vest - Ørestad City;2017K3;5315
Amager Vest - Ørestad City;2017K4;5376
Amager Vest - Ørestad City;2018K1;5511
Amager Vest - Ørestad City;2018K2;5839
Amager Vest - Ørestad City;2018K3;6130
Amager Vest - Ørestad City;2018K4;6511
Amager Vest - Ørestad City;2019K1;6764
Amager Vest - Ørestad City;2019K2;7113
Amager Vest - Ørestad City;2019K3;7362
Amager Vest - Ørestad City;2019K4;7473
Amager Vest - Ørestad City;2020K1;7423
Amager Vest - Ørestad City;2020K2;7367
Amager Vest - Ørestad City;2020K3;7549
Amager Vest - Ørestad City;2020K4;7723
Amager Vest - Ørestad City;2021K1;7726
Amager Vest - Ørestad City;2021K2;8176
Amager Vest - Ørestad City;2021K3;8580
Amager Vest - Ørestad City;2021K4;9137
Amager Vest - Ørestad City;2022K1;9396
Amager Vest - Ørestad City;2022K2;9466
Amager Vest - Ørestad City;2022K3;9726
Amager Vest - Ørestad City;2022K4;9887
Amager Vest - Ørestad City;2023K1;9985
Amager Vest - Ørestad City;2023K2;10142
Amager Vest - Ørestad City;2023K3;10057
Amager Vest - Ørestad City;2023K4;10112
Amager Vest - Ørestad City;2024K1;10651
Amager Vest - Ørestad City;2024K2;11170
Amager Vest - Ørestad City;2024K3;11398
Amager Vest - Ørestad City;2024K4;11512
Amager Vest - Ørestad City;2025K1;11518
Amager Vest - Ørestad Syd;1974K1;0
Amager Vest - Ørestad Syd;1975K1;0
Amager Vest - Ørestad Syd;1976K1;0
Amager Vest - Ørestad Syd;1977K1;0
Amager Vest - Ørestad Syd;1978K1;0
Amager Vest - Ørestad Syd;1979K1;0
Amager Vest - Ørestad Syd;1980K1;0
Amager Vest - Ørestad Syd;1981K1;0
Amager Vest - Ørestad Syd;1982K1;0
Amager Vest - Ørestad Syd;1983K1;0
Amager Vest - Ørestad Syd;1984K1;0
Amager Vest - Ørestad Syd;1985K1;0
Amager Vest - Ørestad Syd;1986K1;0
Amager Vest - Ørestad Syd;1987K1;0
Amager Vest - Ørestad Syd;1988K1;0
Amager Vest - Ørestad Syd;1989K1;0
Amager Vest - Ørestad Syd;1990K1;0
Amager Vest - Ørestad Syd;1991K1;0
Amager Vest - Ørestad Syd;1992K1;0
Amager Vest - Ørestad Syd;1993K1;0
Amager Vest - Ørestad Syd;1994K1;0
Amager Vest - Ørestad Syd;1995K1;1
Amager Vest - Ørestad Syd;1996K1;1
Amager Vest - Ørestad Syd;1997K1;1
Amager Vest - Ørestad Syd;1998K1;1
Amager Vest - Ørestad Syd;1999K1;1
Amager Vest - Ørestad Syd;2000K1;1
Amager Vest - Ørestad Syd;2001K1;1
Amager Vest - Ørestad Syd;2002K1;1
Amager Vest - Ørestad Syd;2002K2;1
Amager Vest - Ørestad Syd;2002K3;1
Amager Vest - Ørestad Syd;2002K4;1
Amager Vest - Ørestad Syd;2003K1;1
Amager Vest - Ørestad Syd;2003K2;1
Amager Vest - Ørestad Syd;2003K3;1
Amager Vest - Ørestad Syd;2003K4;1
Amager Vest - Ørestad Syd;2004K1;1
Amager Vest - Ørestad Syd;2004K2;1
Amager Vest - Ørestad Syd;2004K3;1
Amager Vest - Ørestad Syd;2004K4;1
Amager Vest - Ørestad Syd;2005K1;1
Amager Vest - Ørestad Syd;2005K2;1
Amager Vest - Ørestad Syd;2005K3;1
Amager Vest - Ørestad Syd;2005K4;2
Amager Vest - Ørestad Syd;2006K1;2
Amager Vest - Ørestad Syd;2006K2;1
Amager Vest - Ørestad Syd;2006K3;1
Amager Vest - Ørestad Syd;2006K4;1
Amager Vest - Ørestad Syd;2007K1;1
Amager Vest - Ørestad Syd;2007K2;1
Amager Vest - Ørestad Syd;2007K3;1
Amager Vest - Ørestad Syd;2007K4;1
Amager Vest - Ørestad Syd;2008K1;1
Amager Vest - Ørestad Syd;2008K2;1
Amager Vest - Ørestad Syd;2008K3;1
Amager Vest - Ørestad Syd;2008K4;0
Amager Vest - Ørestad Syd;2009K1;0
Amager Vest - Ørestad Syd;2009K2;29
Amager Vest - Ørestad Syd;2009K3;87
Amager Vest - Ørestad Syd;2009K4;144
Amager Vest - Ørestad Syd;2010K1;178
Amager Vest - Ørestad Syd;2010K2;226
Amager Vest - Ørestad Syd;2010K3;300
Amager Vest - Ørestad Syd;2010K4;399
Amager Vest - Ørestad Syd;2011K1;501
Amager Vest - Ørestad Syd;2011K2;611
Amager Vest - Ørestad Syd;2011K3;736
Amager Vest - Ørestad Syd;2011K4;898
Amager Vest - Ørestad Syd;2012K1;1052
Amager Vest - Ørestad Syd;2012K2;1199
Amager Vest - Ørestad Syd;2012K3;1338
Amager Vest - Ørestad Syd;2012K4;1592
Amager Vest - Ørestad Syd;2013K1;1705
Amager Vest - Ørestad Syd;2013K2;1749
Amager Vest - Ørestad Syd;2013K3;1762
Amager Vest - Ørestad Syd;2013K4;1780
Amager Vest - Ørestad Syd;2014K1;1781
Amager Vest - Ørestad Syd;2014K2;1878
Amager Vest - Ørestad Syd;2014K3;1856
Amager Vest - Ørestad Syd;2014K4;1893
Amager Vest - Ørestad Syd;2015K1;1993
Amager Vest - Ørestad Syd;2015K2;2137
Amager Vest - Ørestad Syd;2015K3;2256
Amager Vest - Ørestad Syd;2015K4;2309
Amager Vest - Ørestad Syd;2016K1;2538
Amager Vest - Ørestad Syd;2016K2;2730
Amager Vest - Ørestad Syd;2016K3;2822
Amager Vest - Ørestad Syd;2016K4;3009
Amager Vest - Ørestad Syd;2017K1;3181
Amager Vest - Ørestad Syd;2017K2;3859
Amager Vest - Ørestad Syd;2017K3;4459
Amager Vest - Ørestad Syd;2017K4;5042
Amager Vest - Ørestad Syd;2018K1;5110
Amager Vest - Ørestad Syd;2018K2;5304
Amager Vest - Ørestad Syd;2018K3;5513
Amager Vest - Ørestad Syd;2018K4;5907
Amager Vest - Ørestad Syd;2019K1;6273
Amager Vest - Ørestad Syd;2019K2;6910
Amager Vest - Ørestad Syd;2019K3;7608
Amager Vest - Ørestad Syd;2019K4;8834
Amager Vest - Ørestad Syd;2020K1;9211
Amager Vest - Ørestad Syd;2020K2;9472
Amager Vest - Ørestad Syd;2020K3;9601
Amager Vest - Ørestad Syd;2020K4;10340
Amager Vest - Ørestad Syd;2021K1;10754
Amager Vest - Ørestad Syd;2021K2;10924
Amager Vest - Ørestad Syd;2021K3;11218
Amager Vest - Ørestad Syd;2021K4;11581
Amager Vest - Ørestad Syd;2022K1;11797
Amager Vest - Ørestad Syd;2022K2;11913
Amager Vest - Ørestad Syd;2022K3;12016
Amager Vest - Ørestad Syd;2022K4;12109
Amager Vest - Ørestad Syd;2023K1;12585
Amager Vest - Ørestad Syd;2023K2;12799
Amager Vest - Ørestad Syd;2023K3;12970
Amager Vest - Ørestad Syd;2023K4;13219
Amager Vest - Ørestad Syd;2024K1;13210
Amager Vest - Ørestad Syd;2024K2;13250
Amager Vest - Ørestad Syd;2024K3;13499
Amager Vest - Ørestad Syd;2024K4;13818
Amager Vest - Ørestad Syd;2025K1;14219
Kvarterer - Uden for inddeling;1974K1;0
Kvarterer - Uden for inddeling;1975K1;1
Kvarterer - Uden for inddeling;1976K1;0
Kvarterer - Uden for inddeling;1977K1;0
Kvarterer - Uden for inddeling;1978K1;0
Kvarterer - Uden for inddeling;1979K1;0
Kvarterer - Uden for inddeling;1980K1;0
Kvarterer - Uden for inddeling;1981K1;0
Kvarterer - Uden for inddeling;1982K1;0
Kvarterer - Uden for inddeling;1983K1;0
Kvarterer - Uden for inddeling;1984K1;0
Kvarterer - Uden for inddeling;1985K1;0
Kvarterer - Uden for inddeling;1986K1;0
Kvarterer - Uden for inddeling;1987K1;0
Kvarterer - Uden for inddeling;1988K1;0
Kvarterer - Uden for inddeling;1989K1;0
Kvarterer - Uden for inddeling;1990K1;0
Kvarterer - Uden for inddeling;1991K1;2428
Kvarterer - Uden for inddeling;1992K1;2187
Kvarterer - Uden for inddeling;1993K1;1900
Kvarterer - Uden for inddeling;1994K1;1936
Kvarterer - Uden for inddeling;1995K1;2301
Kvarterer - Uden for inddeling;1996K1;2424
Kvarterer - Uden for inddeling;1997K1;2848
Kvarterer - Uden for inddeling;1998K1;3314
Kvarterer - Uden for inddeling;1999K1;2475
Kvarterer - Uden for inddeling;2000K1;3161
Kvarterer - Uden for inddeling;2001K1;3498
Kvarterer - Uden for inddeling;2002K1;2681
Kvarterer - Uden for inddeling;2002K2;2904
Kvarterer - Uden for inddeling;2002K3;2655
Kvarterer - Uden for inddeling;2002K4;2781
Kvarterer - Uden for inddeling;2003K1;2922
Kvarterer - Uden for inddeling;2003K2;2863
Kvarterer - Uden for inddeling;2003K3;2944
Kvarterer - Uden for inddeling;2003K4;2906
Kvarterer - Uden for inddeling;2004K1;3201
Kvarterer - Uden for inddeling;2004K2;3004
Kvarterer - Uden for inddeling;2004K3;3150
Kvarterer - Uden for inddeling;2004K4;3374
Kvarterer - Uden for inddeling;2005K1;3530
Kvarterer - Uden for inddeling;2005K2;3628
Kvarterer - Uden for inddeling;2005K3;3098
Kvarterer - Uden for inddeling;2005K4;3281
Kvarterer - Uden for inddeling;2006K1;3464
Kvarterer - Uden for inddeling;2006K2;3625
Kvarterer - Uden for inddeling;2006K3;3723
Kvarterer - Uden for inddeling;2006K4;3580
Kvarterer - Uden for inddeling;2007K1;3125
Kvarterer - Uden for inddeling;2007K2;3250
Kvarterer - Uden for inddeling;2007K3;3359
Kvarterer - Uden for inddeling;2007K4;3669
Kvarterer - Uden for inddeling;2008K1;3785
Kvarterer - Uden for inddeling;2008K2;3861
Kvarterer - Uden for inddeling;2008K3;3878
Kvarterer - Uden for inddeling;2008K4;3954
Kvarterer - Uden for inddeling;2009K1;4049
Kvarterer - Uden for inddeling;2009K2;3420
Kvarterer - Uden for inddeling;2009K3;3741
Kvarterer - Uden for inddeling;2009K4;4090
Kvarterer - Uden for inddeling;2010K1;4270
Kvarterer - Uden for inddeling;2010K2;4451
Kvarterer - Uden for inddeling;2010K3;4606
Kvarterer - Uden for inddeling;2010K4;4918
Kvarterer - Uden for inddeling;2011K1;4974
Kvarterer - Uden for inddeling;2011K2;4895
Kvarterer - Uden for inddeling;2011K3;4909
Kvarterer - Uden for inddeling;2011K4;5073
Kvarterer - Uden for inddeling;2012K1;3439
Kvarterer - Uden for inddeling;2012K2;3551
Kvarterer - Uden for inddeling;2012K3;3641
Kvarterer - Uden for inddeling;2012K4;3594
Kvarterer - Uden for inddeling;2013K1;3638
Kvarterer - Uden for inddeling;2013K2;3283
Kvarterer - Uden for inddeling;2013K3;3289
Kvarterer - Uden for inddeling;2013K4;3461
Kvarterer - Uden for inddeling;2014K1;3579
Kvarterer - Uden for inddeling;2014K2;3572
Kvarterer - Uden for inddeling;2014K3;3827
Kvarterer - Uden for inddeling;2014K4;3859
Kvarterer - Uden for inddeling;2015K1;3869
Kvarterer - Uden for inddeling;2015K2;3472
Kvarterer - Uden for inddeling;2015K3;3693
Kvarterer - Uden for inddeling;2015K4;3698
Kvarterer - Uden for inddeling;2016K1;3751
Kvarterer - Uden for inddeling;2016K2;3664
Kvarterer - Uden for inddeling;2016K3;3752
Kvarterer - Uden for inddeling;2016K4;3630
Kvarterer - Uden for inddeling;2017K1;3705
Kvarterer - Uden for inddeling;2017K2;3646
Kvarterer - Uden for inddeling;2017K3;3579
Kvarterer - Uden for inddeling;2017K4;3541
Kvarterer - Uden for inddeling;2018K1;3565
Kvarterer - Uden for inddeling;2018K2;3556
Kvarterer - Uden for inddeling;2018K3;3476
Kvarterer - Uden for inddeling;2018K4;3345
Kvarterer - Uden for inddeling;2019K1;3217
Kvarterer - Uden for inddeling;2019K2;3172
Kvarterer - Uden for inddeling;2019K3;3154
Kvarterer - Uden for inddeling;2019K4;3508
Kvarterer - Uden for inddeling;2020K1;3521
Kvarterer - Uden for inddeling;2020K2;3786
Kvarterer - Uden for inddeling;2020K3;3834
Kvarterer - Uden for inddeling;2020K4;3706
Kvarterer - Uden for inddeling;2021K1;3785
Kvarterer - Uden for inddeling;2021K2;3729
Kvarterer - Uden for inddeling;2021K3;3775
Kvarterer - Uden for inddeling;2021K4;3944
Kvarterer - Uden for inddeling;2022K1;3840
Kvarterer - Uden for inddeling;2022K2;3942
Kvarterer - Uden for inddeling;2022K3;3960
Kvarterer - Uden for inddeling;2022K4;4185
Kvarterer - Uden for inddeling;2023K1;4156
Kvarterer - Uden for inddeling;2023K2;4188
Kvarterer - Uden for inddeling;2023K3;4623
Kvarterer - Uden for inddeling;2023K4;4329
Kvarterer - Uden for inddeling;2024K1;4285
Kvarterer - Uden for inddeling;2024K2;4176
Kvarterer - Uden for inddeling;2024K3;4143
Kvarterer - Uden for inddeling;2024K4;4348
Kvarterer - Uden for inddeling;2025K1;4112
