OMRKK;ALDER;TID;INDHOLD
København i alt;0-4 år;1977;24486
København i alt;0-4 år;1978;22889
København i alt;0-4 år;1979;21806
København i alt;0-4 år;1980;21007
København i alt;0-4 år;1981;20325
København i alt;0-4 år;1982;20053
København i alt;0-4 år;1983;19882
København i alt;0-4 år;1984;19527
København i alt;0-4 år;1985;19115
København i alt;0-4 år;1986;18716
København i alt;0-4 år;1987;18745
København i alt;0-4 år;1988;19397
København i alt;0-4 år;1989;20273
København i alt;0-4 år;1990;21528
København i alt;0-4 år;1991;22350
København i alt;0-4 år;1992;23580
København i alt;0-4 år;1993;24952
København i alt;0-4 år;1994;25865
København i alt;0-4 år;1995;26840
København i alt;0-4 år;1996;28010
København i alt;0-4 år;1997;29009
København i alt;0-4 år;1998;29411
København i alt;0-4 år;1999;29825
København i alt;0-4 år;2000;30338
København i alt;0-4 år;2001;30970
København i alt;0-4 år;2002;31355
København i alt;0-4 år;2003;31780
København i alt;0-4 år;2004;32206
København i alt;0-4 år;2005;31914
København i alt;0-4 år;2006;31412
København i alt;0-4 år;2007;31551
København i alt;0-4 år;2008;32187
København i alt;0-4 år;2009;33299
København i alt;0-4 år;2010;34911
København i alt;0-4 år;2011;36435
København i alt;0-4 år;2012;37441
København i alt;0-4 år;2013;38117
København i alt;0-4 år;2014;38078
København i alt;0-4 år;2015;38223
København i alt;0-4 år;2016;37947
København i alt;0-4 år;2017;38754
København i alt;0-4 år;2018;39327
København i alt;0-4 år;2019;39945
København i alt;0-4 år;2020;40470
København i alt;0-4 år;2021;39915
København i alt;0-4 år;2022;39153
København i alt;0-4 år;2023;38297
København i alt;0-4 år;2024;37728
København i alt;0-4 år;2025;37491
Bydel - Indre By;0-4 år;1977;2226
Bydel - Indre By;0-4 år;1978;2041
Bydel - Indre By;0-4 år;1979;1895
Bydel - Indre By;0-4 år;1980;1803
Bydel - Indre By;0-4 år;1981;1731
Bydel - Indre By;0-4 år;1982;1715
Bydel - Indre By;0-4 år;1983;1635
Bydel - Indre By;0-4 år;1984;1589
Bydel - Indre By;0-4 år;1985;1568
Bydel - Indre By;0-4 år;1986;1549
Bydel - Indre By;0-4 år;1987;1528
Bydel - Indre By;0-4 år;1988;1523
Bydel - Indre By;0-4 år;1989;1613
Bydel - Indre By;0-4 år;1990;1703
Bydel - Indre By;0-4 år;1991;1734
Bydel - Indre By;0-4 år;1992;1780
Bydel - Indre By;0-4 år;1993;1841
Bydel - Indre By;0-4 år;1994;1881
Bydel - Indre By;0-4 år;1995;1949
Bydel - Indre By;0-4 år;1996;2008
Bydel - Indre By;0-4 år;1997;2155
Bydel - Indre By;0-4 år;1998;2173
Bydel - Indre By;0-4 år;1999;2273
Bydel - Indre By;0-4 år;2000;2379
Bydel - Indre By;0-4 år;2001;2459
Bydel - Indre By;0-4 år;2002;2495
Bydel - Indre By;0-4 år;2003;2550
Bydel - Indre By;0-4 år;2004;2561
Bydel - Indre By;0-4 år;2005;2568
Bydel - Indre By;0-4 år;2006;2549
Bydel - Indre By;0-4 år;2007;2577
Bydel - Indre By;0-4 år;2008;2624
Bydel - Indre By;0-4 år;2009;2647
Bydel - Indre By;0-4 år;2010;2709
Bydel - Indre By;0-4 år;2011;2714
Bydel - Indre By;0-4 år;2012;2738
Bydel - Indre By;0-4 år;2013;2788
Bydel - Indre By;0-4 år;2014;2767
Bydel - Indre By;0-4 år;2015;2756
Bydel - Indre By;0-4 år;2016;2755
Bydel - Indre By;0-4 år;2017;2833
Bydel - Indre By;0-4 år;2018;2789
Bydel - Indre By;0-4 år;2019;2806
Bydel - Indre By;0-4 år;2020;2770
Bydel - Indre By;0-4 år;2021;2662
Bydel - Indre By;0-4 år;2022;2501
Bydel - Indre By;0-4 år;2023;2442
Bydel - Indre By;0-4 år;2024;2362
Bydel - Indre By;0-4 år;2025;2445
Bydel - Østerbro;0-4 år;1977;3381
Bydel - Østerbro;0-4 år;1978;3131
Bydel - Østerbro;0-4 år;1979;2978
Bydel - Østerbro;0-4 år;1980;2641
Bydel - Østerbro;0-4 år;1981;2605
Bydel - Østerbro;0-4 år;1982;2656
Bydel - Østerbro;0-4 år;1983;2603
Bydel - Østerbro;0-4 år;1984;2522
Bydel - Østerbro;0-4 år;1985;2383
Bydel - Østerbro;0-4 år;1986;2356
Bydel - Østerbro;0-4 år;1987;2305
Bydel - Østerbro;0-4 år;1988;2311
Bydel - Østerbro;0-4 år;1989;2448
Bydel - Østerbro;0-4 år;1990;2626
Bydel - Østerbro;0-4 år;1991;2743
Bydel - Østerbro;0-4 år;1992;2855
Bydel - Østerbro;0-4 år;1993;3019
Bydel - Østerbro;0-4 år;1994;3222
Bydel - Østerbro;0-4 år;1995;3379
Bydel - Østerbro;0-4 år;1996;3531
Bydel - Østerbro;0-4 år;1997;3746
Bydel - Østerbro;0-4 år;1998;3889
Bydel - Østerbro;0-4 år;1999;3974
Bydel - Østerbro;0-4 år;2000;3982
Bydel - Østerbro;0-4 år;2001;4102
Bydel - Østerbro;0-4 år;2002;4208
Bydel - Østerbro;0-4 år;2003;4246
Bydel - Østerbro;0-4 år;2004;4315
Bydel - Østerbro;0-4 år;2005;4353
Bydel - Østerbro;0-4 år;2006;4241
Bydel - Østerbro;0-4 år;2007;4238
Bydel - Østerbro;0-4 år;2008;4297
Bydel - Østerbro;0-4 år;2009;4514
Bydel - Østerbro;0-4 år;2010;4709
Bydel - Østerbro;0-4 år;2011;4828
Bydel - Østerbro;0-4 år;2012;4833
Bydel - Østerbro;0-4 år;2013;4839
Bydel - Østerbro;0-4 år;2014;4792
Bydel - Østerbro;0-4 år;2015;4661
Bydel - Østerbro;0-4 år;2016;4581
Bydel - Østerbro;0-4 år;2017;4663
Bydel - Østerbro;0-4 år;2018;4687
Bydel - Østerbro;0-4 år;2019;4688
Bydel - Østerbro;0-4 år;2020;4725
Bydel - Østerbro;0-4 år;2021;4657
Bydel - Østerbro;0-4 år;2022;4442
Bydel - Østerbro;0-4 år;2023;4375
Bydel - Østerbro;0-4 år;2024;4404
Bydel - Østerbro;0-4 år;2025;4349
Bydel - Nørrebro;0-4 år;1977;3991
Bydel - Nørrebro;0-4 år;1978;3745
Bydel - Nørrebro;0-4 år;1979;3527
Bydel - Nørrebro;0-4 år;1980;3407
Bydel - Nørrebro;0-4 år;1981;3282
Bydel - Nørrebro;0-4 år;1982;3220
Bydel - Nørrebro;0-4 år;1983;3163
Bydel - Nørrebro;0-4 år;1984;3055
Bydel - Nørrebro;0-4 år;1985;3122
Bydel - Nørrebro;0-4 år;1986;3018
Bydel - Nørrebro;0-4 år;1987;3020
Bydel - Nørrebro;0-4 år;1988;3279
Bydel - Nørrebro;0-4 år;1989;3479
Bydel - Nørrebro;0-4 år;1990;3684
Bydel - Nørrebro;0-4 år;1991;3786
Bydel - Nørrebro;0-4 år;1992;4131
Bydel - Nørrebro;0-4 år;1993;4487
Bydel - Nørrebro;0-4 år;1994;4583
Bydel - Nørrebro;0-4 år;1995;4843
Bydel - Nørrebro;0-4 år;1996;5064
Bydel - Nørrebro;0-4 år;1997;5156
Bydel - Nørrebro;0-4 år;1998;5185
Bydel - Nørrebro;0-4 år;1999;5154
Bydel - Nørrebro;0-4 år;2000;5276
Bydel - Nørrebro;0-4 år;2001;5291
Bydel - Nørrebro;0-4 år;2002;5316
Bydel - Nørrebro;0-4 år;2003;5353
Bydel - Nørrebro;0-4 år;2004;5348
Bydel - Nørrebro;0-4 år;2005;5161
Bydel - Nørrebro;0-4 år;2006;4892
Bydel - Nørrebro;0-4 år;2007;4774
Bydel - Nørrebro;0-4 år;2008;4715
Bydel - Nørrebro;0-4 år;2009;4671
Bydel - Nørrebro;0-4 år;2010;4749
Bydel - Nørrebro;0-4 år;2011;4904
Bydel - Nørrebro;0-4 år;2012;5011
Bydel - Nørrebro;0-4 år;2013;5014
Bydel - Nørrebro;0-4 år;2014;5046
Bydel - Nørrebro;0-4 år;2015;5080
Bydel - Nørrebro;0-4 år;2016;5149
Bydel - Nørrebro;0-4 år;2017;5303
Bydel - Nørrebro;0-4 år;2018;5436
Bydel - Nørrebro;0-4 år;2019;5419
Bydel - Nørrebro;0-4 år;2020;5328
Bydel - Nørrebro;0-4 år;2021;5153
Bydel - Nørrebro;0-4 år;2022;5010
Bydel - Nørrebro;0-4 år;2023;4874
Bydel - Nørrebro;0-4 år;2024;4800
Bydel - Nørrebro;0-4 år;2025;4719
Bydel - Vesterbro/Kongens Enghave;0-4 år;1977;2995
Bydel - Vesterbro/Kongens Enghave;0-4 år;1978;2791
Bydel - Vesterbro/Kongens Enghave;0-4 år;1979;2621
Bydel - Vesterbro/Kongens Enghave;0-4 år;1980;2599
Bydel - Vesterbro/Kongens Enghave;0-4 år;1981;2553
Bydel - Vesterbro/Kongens Enghave;0-4 år;1982;2486
Bydel - Vesterbro/Kongens Enghave;0-4 år;1983;2407
Bydel - Vesterbro/Kongens Enghave;0-4 år;1984;2358
Bydel - Vesterbro/Kongens Enghave;0-4 år;1985;2205
Bydel - Vesterbro/Kongens Enghave;0-4 år;1986;2053
Bydel - Vesterbro/Kongens Enghave;0-4 år;1987;2073
Bydel - Vesterbro/Kongens Enghave;0-4 år;1988;2120
Bydel - Vesterbro/Kongens Enghave;0-4 år;1989;2204
Bydel - Vesterbro/Kongens Enghave;0-4 år;1990;2285
Bydel - Vesterbro/Kongens Enghave;0-4 år;1991;2415
Bydel - Vesterbro/Kongens Enghave;0-4 år;1992;2423
Bydel - Vesterbro/Kongens Enghave;0-4 år;1993;2509
Bydel - Vesterbro/Kongens Enghave;0-4 år;1994;2537
Bydel - Vesterbro/Kongens Enghave;0-4 år;1995;2566
Bydel - Vesterbro/Kongens Enghave;0-4 år;1996;2544
Bydel - Vesterbro/Kongens Enghave;0-4 år;1997;2602
Bydel - Vesterbro/Kongens Enghave;0-4 år;1998;2732
Bydel - Vesterbro/Kongens Enghave;0-4 år;1999;2793
Bydel - Vesterbro/Kongens Enghave;0-4 år;2000;3016
Bydel - Vesterbro/Kongens Enghave;0-4 år;2001;3181
Bydel - Vesterbro/Kongens Enghave;0-4 år;2002;3296
Bydel - Vesterbro/Kongens Enghave;0-4 år;2003;3482
Bydel - Vesterbro/Kongens Enghave;0-4 år;2004;3633
Bydel - Vesterbro/Kongens Enghave;0-4 år;2005;3610
Bydel - Vesterbro/Kongens Enghave;0-4 år;2006;3512
Bydel - Vesterbro/Kongens Enghave;0-4 år;2007;3519
Bydel - Vesterbro/Kongens Enghave;0-4 år;2008;3613
Bydel - Vesterbro/Kongens Enghave;0-4 år;2009;3790
Bydel - Vesterbro/Kongens Enghave;0-4 år;2010;4039
Bydel - Vesterbro/Kongens Enghave;0-4 år;2011;4347
Bydel - Vesterbro/Kongens Enghave;0-4 år;2012;4537
Bydel - Vesterbro/Kongens Enghave;0-4 år;2013;4591
Bydel - Vesterbro/Kongens Enghave;0-4 år;2014;4572
Bydel - Vesterbro/Kongens Enghave;0-4 år;2015;4504
Bydel - Vesterbro/Kongens Enghave;0-4 år;2016;4517
Bydel - Vesterbro/Kongens Enghave;0-4 år;2017;4630
Bydel - Vesterbro/Kongens Enghave;0-4 år;2018;4709
Bydel - Vesterbro/Kongens Enghave;0-4 år;2019;4864
Bydel - Vesterbro/Kongens Enghave;0-4 år;2020;5080
Bydel - Vesterbro/Kongens Enghave;0-4 år;2021;5034
Bydel - Vesterbro/Kongens Enghave;0-4 år;2022;5158
Bydel - Vesterbro/Kongens Enghave;0-4 år;2023;5257
Bydel - Vesterbro/Kongens Enghave;0-4 år;2024;5178
Bydel - Vesterbro/Kongens Enghave;0-4 år;2025;5154
Bydel - Valby;0-4 år;1977;2253
Bydel - Valby;0-4 år;1978;2104
Bydel - Valby;0-4 år;1979;2057
Bydel - Valby;0-4 år;1980;2052
Bydel - Valby;0-4 år;1981;1948
Bydel - Valby;0-4 år;1982;1976
Bydel - Valby;0-4 år;1983;1977
Bydel - Valby;0-4 år;1984;1969
Bydel - Valby;0-4 år;1985;1902
Bydel - Valby;0-4 år;1986;1897
Bydel - Valby;0-4 år;1987;1910
Bydel - Valby;0-4 år;1988;1953
Bydel - Valby;0-4 år;1989;1981
Bydel - Valby;0-4 år;1990;2112
Bydel - Valby;0-4 år;1991;2189
Bydel - Valby;0-4 år;1992;2356
Bydel - Valby;0-4 år;1993;2445
Bydel - Valby;0-4 år;1994;2525
Bydel - Valby;0-4 år;1995;2568
Bydel - Valby;0-4 år;1996;2854
Bydel - Valby;0-4 år;1997;2938
Bydel - Valby;0-4 år;1998;2911
Bydel - Valby;0-4 år;1999;2939
Bydel - Valby;0-4 år;2000;2952
Bydel - Valby;0-4 år;2001;2926
Bydel - Valby;0-4 år;2002;2892
Bydel - Valby;0-4 år;2003;2907
Bydel - Valby;0-4 år;2004;2910
Bydel - Valby;0-4 år;2005;2877
Bydel - Valby;0-4 år;2006;2830
Bydel - Valby;0-4 år;2007;2740
Bydel - Valby;0-4 år;2008;2814
Bydel - Valby;0-4 år;2009;3079
Bydel - Valby;0-4 år;2010;3262
Bydel - Valby;0-4 år;2011;3454
Bydel - Valby;0-4 år;2012;3551
Bydel - Valby;0-4 år;2013;3624
Bydel - Valby;0-4 år;2014;3634
Bydel - Valby;0-4 år;2015;3618
Bydel - Valby;0-4 år;2016;3543
Bydel - Valby;0-4 år;2017;3718
Bydel - Valby;0-4 år;2018;3798
Bydel - Valby;0-4 år;2019;3942
Bydel - Valby;0-4 år;2020;4072
Bydel - Valby;0-4 år;2021;4178
Bydel - Valby;0-4 år;2022;4211
Bydel - Valby;0-4 år;2023;4172
Bydel - Valby;0-4 år;2024;3981
Bydel - Valby;0-4 år;2025;3890
Bydel - Vanløse;0-4 år;1977;1573
Bydel - Vanløse;0-4 år;1978;1477
Bydel - Vanløse;0-4 år;1979;1416
Bydel - Vanløse;0-4 år;1980;1363
Bydel - Vanløse;0-4 år;1981;1372
Bydel - Vanløse;0-4 år;1982;1335
Bydel - Vanløse;0-4 år;1983;1337
Bydel - Vanløse;0-4 år;1984;1390
Bydel - Vanløse;0-4 år;1985;1367
Bydel - Vanløse;0-4 år;1986;1338
Bydel - Vanløse;0-4 år;1987;1335
Bydel - Vanløse;0-4 år;1988;1333
Bydel - Vanløse;0-4 år;1989;1458
Bydel - Vanløse;0-4 år;1990;1571
Bydel - Vanløse;0-4 år;1991;1632
Bydel - Vanløse;0-4 år;1992;1706
Bydel - Vanløse;0-4 år;1993;1835
Bydel - Vanløse;0-4 år;1994;1917
Bydel - Vanløse;0-4 år;1995;1971
Bydel - Vanløse;0-4 år;1996;2024
Bydel - Vanløse;0-4 år;1997;2031
Bydel - Vanløse;0-4 år;1998;2044
Bydel - Vanløse;0-4 år;1999;2042
Bydel - Vanløse;0-4 år;2000;2043
Bydel - Vanløse;0-4 år;2001;2097
Bydel - Vanløse;0-4 år;2002;2095
Bydel - Vanløse;0-4 år;2003;2130
Bydel - Vanløse;0-4 år;2004;2135
Bydel - Vanløse;0-4 år;2005;2140
Bydel - Vanløse;0-4 år;2006;2170
Bydel - Vanløse;0-4 år;2007;2161
Bydel - Vanløse;0-4 år;2008;2166
Bydel - Vanløse;0-4 år;2009;2194
Bydel - Vanløse;0-4 år;2010;2308
Bydel - Vanløse;0-4 år;2011;2362
Bydel - Vanløse;0-4 år;2012;2418
Bydel - Vanløse;0-4 år;2013;2527
Bydel - Vanløse;0-4 år;2014;2498
Bydel - Vanløse;0-4 år;2015;2507
Bydel - Vanløse;0-4 år;2016;2493
Bydel - Vanløse;0-4 år;2017;2437
Bydel - Vanløse;0-4 år;2018;2379
Bydel - Vanløse;0-4 år;2019;2403
Bydel - Vanløse;0-4 år;2020;2426
Bydel - Vanløse;0-4 år;2021;2321
Bydel - Vanløse;0-4 år;2022;2242
Bydel - Vanløse;0-4 år;2023;2167
Bydel - Vanløse;0-4 år;2024;2136
Bydel - Vanløse;0-4 år;2025;2111
Bydel - Brønshøj-Husum;0-4 år;1977;1942
Bydel - Brønshøj-Husum;0-4 år;1978;1830
Bydel - Brønshøj-Husum;0-4 år;1979;1772
Bydel - Brønshøj-Husum;0-4 år;1980;1669
Bydel - Brønshøj-Husum;0-4 år;1981;1543
Bydel - Brønshøj-Husum;0-4 år;1982;1523
Bydel - Brønshøj-Husum;0-4 år;1983;1500
Bydel - Brønshøj-Husum;0-4 år;1984;1536
Bydel - Brønshøj-Husum;0-4 år;1985;1577
Bydel - Brønshøj-Husum;0-4 år;1986;1589
Bydel - Brønshøj-Husum;0-4 år;1987;1610
Bydel - Brønshøj-Husum;0-4 år;1988;1683
Bydel - Brønshøj-Husum;0-4 år;1989;1726
Bydel - Brønshøj-Husum;0-4 år;1990;1873
Bydel - Brønshøj-Husum;0-4 år;1991;1963
Bydel - Brønshøj-Husum;0-4 år;1992;2118
Bydel - Brønshøj-Husum;0-4 år;1993;2199
Bydel - Brønshøj-Husum;0-4 år;1994;2329
Bydel - Brønshøj-Husum;0-4 år;1995;2478
Bydel - Brønshøj-Husum;0-4 år;1996;2515
Bydel - Brønshøj-Husum;0-4 år;1997;2737
Bydel - Brønshøj-Husum;0-4 år;1998;2821
Bydel - Brønshøj-Husum;0-4 år;1999;2851
Bydel - Brønshøj-Husum;0-4 år;2000;2792
Bydel - Brønshøj-Husum;0-4 år;2001;2842
Bydel - Brønshøj-Husum;0-4 år;2002;2783
Bydel - Brønshøj-Husum;0-4 år;2003;2775
Bydel - Brønshøj-Husum;0-4 år;2004;2880
Bydel - Brønshøj-Husum;0-4 år;2005;2821
Bydel - Brønshøj-Husum;0-4 år;2006;2781
Bydel - Brønshøj-Husum;0-4 år;2007;2790
Bydel - Brønshøj-Husum;0-4 år;2008;2811
Bydel - Brønshøj-Husum;0-4 år;2009;2740
Bydel - Brønshøj-Husum;0-4 år;2010;2827
Bydel - Brønshøj-Husum;0-4 år;2011;2947
Bydel - Brønshøj-Husum;0-4 år;2012;3054
Bydel - Brønshøj-Husum;0-4 år;2013;3142
Bydel - Brønshøj-Husum;0-4 år;2014;3124
Bydel - Brønshøj-Husum;0-4 år;2015;3190
Bydel - Brønshøj-Husum;0-4 år;2016;3143
Bydel - Brønshøj-Husum;0-4 år;2017;3144
Bydel - Brønshøj-Husum;0-4 år;2018;3179
Bydel - Brønshøj-Husum;0-4 år;2019;3237
Bydel - Brønshøj-Husum;0-4 år;2020;3187
Bydel - Brønshøj-Husum;0-4 år;2021;3213
Bydel - Brønshøj-Husum;0-4 år;2022;3068
Bydel - Brønshøj-Husum;0-4 år;2023;2862
Bydel - Brønshøj-Husum;0-4 år;2024;2791
Bydel - Brønshøj-Husum;0-4 år;2025;2746
Bydel - Bispebjerg;0-4 år;1977;1518
Bydel - Bispebjerg;0-4 år;1978;1419
Bydel - Bispebjerg;0-4 år;1979;1397
Bydel - Bispebjerg;0-4 år;1980;1351
Bydel - Bispebjerg;0-4 år;1981;1346
Bydel - Bispebjerg;0-4 år;1982;1292
Bydel - Bispebjerg;0-4 år;1983;1341
Bydel - Bispebjerg;0-4 år;1984;1359
Bydel - Bispebjerg;0-4 år;1985;1339
Bydel - Bispebjerg;0-4 år;1986;1343
Bydel - Bispebjerg;0-4 år;1987;1315
Bydel - Bispebjerg;0-4 år;1988;1372
Bydel - Bispebjerg;0-4 år;1989;1401
Bydel - Bispebjerg;0-4 år;1990;1518
Bydel - Bispebjerg;0-4 år;1991;1634
Bydel - Bispebjerg;0-4 år;1992;1733
Bydel - Bispebjerg;0-4 år;1993;1833
Bydel - Bispebjerg;0-4 år;1994;1904
Bydel - Bispebjerg;0-4 år;1995;1991
Bydel - Bispebjerg;0-4 år;1996;2159
Bydel - Bispebjerg;0-4 år;1997;2255
Bydel - Bispebjerg;0-4 år;1998;2302
Bydel - Bispebjerg;0-4 år;1999;2353
Bydel - Bispebjerg;0-4 år;2000;2417
Bydel - Bispebjerg;0-4 år;2001;2496
Bydel - Bispebjerg;0-4 år;2002;2634
Bydel - Bispebjerg;0-4 år;2003;2614
Bydel - Bispebjerg;0-4 år;2004;2676
Bydel - Bispebjerg;0-4 år;2005;2609
Bydel - Bispebjerg;0-4 år;2006;2516
Bydel - Bispebjerg;0-4 år;2007;2478
Bydel - Bispebjerg;0-4 år;2008;2556
Bydel - Bispebjerg;0-4 år;2009;2715
Bydel - Bispebjerg;0-4 år;2010;2860
Bydel - Bispebjerg;0-4 år;2011;2978
Bydel - Bispebjerg;0-4 år;2012;3103
Bydel - Bispebjerg;0-4 år;2013;3253
Bydel - Bispebjerg;0-4 år;2014;3214
Bydel - Bispebjerg;0-4 år;2015;3287
Bydel - Bispebjerg;0-4 år;2016;3217
Bydel - Bispebjerg;0-4 år;2017;3280
Bydel - Bispebjerg;0-4 år;2018;3342
Bydel - Bispebjerg;0-4 år;2019;3380
Bydel - Bispebjerg;0-4 år;2020;3399
Bydel - Bispebjerg;0-4 år;2021;3304
Bydel - Bispebjerg;0-4 år;2022;3224
Bydel - Bispebjerg;0-4 år;2023;3108
Bydel - Bispebjerg;0-4 år;2024;3094
Bydel - Bispebjerg;0-4 år;2025;3073
Bydel - Amager Øst;0-4 år;1977;2309
Bydel - Amager Øst;0-4 år;1978;2146
Bydel - Amager Øst;0-4 år;1979;2038
Bydel - Amager Øst;0-4 år;1980;2066
Bydel - Amager Øst;0-4 år;1981;2004
Bydel - Amager Øst;0-4 år;1982;1955
Bydel - Amager Øst;0-4 år;1983;1914
Bydel - Amager Øst;0-4 år;1984;1830
Bydel - Amager Øst;0-4 år;1985;1805
Bydel - Amager Øst;0-4 år;1986;1750
Bydel - Amager Øst;0-4 år;1987;1750
Bydel - Amager Øst;0-4 år;1988;1848
Bydel - Amager Øst;0-4 år;1989;1922
Bydel - Amager Øst;0-4 år;1990;2062
Bydel - Amager Øst;0-4 år;1991;2164
Bydel - Amager Øst;0-4 år;1992;2363
Bydel - Amager Øst;0-4 år;1993;2523
Bydel - Amager Øst;0-4 år;1994;2656
Bydel - Amager Øst;0-4 år;1995;2695
Bydel - Amager Øst;0-4 år;1996;2763
Bydel - Amager Øst;0-4 år;1997;2750
Bydel - Amager Øst;0-4 år;1998;2717
Bydel - Amager Øst;0-4 år;1999;2762
Bydel - Amager Øst;0-4 år;2000;2855
Bydel - Amager Øst;0-4 år;2001;2902
Bydel - Amager Øst;0-4 år;2002;2913
Bydel - Amager Øst;0-4 år;2003;2919
Bydel - Amager Øst;0-4 år;2004;2947
Bydel - Amager Øst;0-4 år;2005;2915
Bydel - Amager Øst;0-4 år;2006;2862
Bydel - Amager Øst;0-4 år;2007;2938
Bydel - Amager Øst;0-4 år;2008;2955
Bydel - Amager Øst;0-4 år;2009;3080
Bydel - Amager Øst;0-4 år;2010;3230
Bydel - Amager Øst;0-4 år;2011;3418
Bydel - Amager Øst;0-4 år;2012;3419
Bydel - Amager Øst;0-4 år;2013;3466
Bydel - Amager Øst;0-4 år;2014;3391
Bydel - Amager Øst;0-4 år;2015;3490
Bydel - Amager Øst;0-4 år;2016;3381
Bydel - Amager Øst;0-4 år;2017;3441
Bydel - Amager Øst;0-4 år;2018;3519
Bydel - Amager Øst;0-4 år;2019;3609
Bydel - Amager Øst;0-4 år;2020;3722
Bydel - Amager Øst;0-4 år;2021;3656
Bydel - Amager Øst;0-4 år;2022;3621
Bydel - Amager Øst;0-4 år;2023;3545
Bydel - Amager Øst;0-4 år;2024;3504
Bydel - Amager Øst;0-4 år;2025;3510
Bydel - Amager Vest;0-4 år;1977;2298
Bydel - Amager Vest;0-4 år;1978;2205
Bydel - Amager Vest;0-4 år;1979;2105
Bydel - Amager Vest;0-4 år;1980;2056
Bydel - Amager Vest;0-4 år;1981;1941
Bydel - Amager Vest;0-4 år;1982;1895
Bydel - Amager Vest;0-4 år;1983;2005
Bydel - Amager Vest;0-4 år;1984;1919
Bydel - Amager Vest;0-4 år;1985;1847
Bydel - Amager Vest;0-4 år;1986;1823
Bydel - Amager Vest;0-4 år;1987;1899
Bydel - Amager Vest;0-4 år;1988;1975
Bydel - Amager Vest;0-4 år;1989;2041
Bydel - Amager Vest;0-4 år;1990;2094
Bydel - Amager Vest;0-4 år;1991;2060
Bydel - Amager Vest;0-4 år;1992;2072
Bydel - Amager Vest;0-4 år;1993;2222
Bydel - Amager Vest;0-4 år;1994;2280
Bydel - Amager Vest;0-4 år;1995;2362
Bydel - Amager Vest;0-4 år;1996;2493
Bydel - Amager Vest;0-4 år;1997;2593
Bydel - Amager Vest;0-4 år;1998;2580
Bydel - Amager Vest;0-4 år;1999;2632
Bydel - Amager Vest;0-4 år;2000;2567
Bydel - Amager Vest;0-4 år;2001;2597
Bydel - Amager Vest;0-4 år;2002;2650
Bydel - Amager Vest;0-4 år;2003;2713
Bydel - Amager Vest;0-4 år;2004;2686
Bydel - Amager Vest;0-4 år;2005;2749
Bydel - Amager Vest;0-4 år;2006;2950
Bydel - Amager Vest;0-4 år;2007;3243
Bydel - Amager Vest;0-4 år;2008;3516
Bydel - Amager Vest;0-4 år;2009;3761
Bydel - Amager Vest;0-4 år;2010;4082
Bydel - Amager Vest;0-4 år;2011;4357
Bydel - Amager Vest;0-4 år;2012;4651
Bydel - Amager Vest;0-4 år;2013;4764
Bydel - Amager Vest;0-4 år;2014;4924
Bydel - Amager Vest;0-4 år;2015;4999
Bydel - Amager Vest;0-4 år;2016;5055
Bydel - Amager Vest;0-4 år;2017;5184
Bydel - Amager Vest;0-4 år;2018;5397
Bydel - Amager Vest;0-4 år;2019;5519
Bydel - Amager Vest;0-4 år;2020;5665
Bydel - Amager Vest;0-4 år;2021;5625
Bydel - Amager Vest;0-4 år;2022;5563
Bydel - Amager Vest;0-4 år;2023;5400
Bydel - Amager Vest;0-4 år;2024;5378
Bydel - Amager Vest;0-4 år;2025;5377
Bydel - Uden for inddeling;0-4 år;1977;0
Bydel - Uden for inddeling;0-4 år;1978;0
Bydel - Uden for inddeling;0-4 år;1979;0
Bydel - Uden for inddeling;0-4 år;1980;0
Bydel - Uden for inddeling;0-4 år;1981;0
Bydel - Uden for inddeling;0-4 år;1982;0
Bydel - Uden for inddeling;0-4 år;1983;0
Bydel - Uden for inddeling;0-4 år;1984;0
Bydel - Uden for inddeling;0-4 år;1985;0
Bydel - Uden for inddeling;0-4 år;1986;0
Bydel - Uden for inddeling;0-4 år;1987;0
Bydel - Uden for inddeling;0-4 år;1988;0
Bydel - Uden for inddeling;0-4 år;1989;0
Bydel - Uden for inddeling;0-4 år;1990;0
Bydel - Uden for inddeling;0-4 år;1991;30
Bydel - Uden for inddeling;0-4 år;1992;43
Bydel - Uden for inddeling;0-4 år;1993;39
Bydel - Uden for inddeling;0-4 år;1994;31
Bydel - Uden for inddeling;0-4 år;1995;38
Bydel - Uden for inddeling;0-4 år;1996;55
Bydel - Uden for inddeling;0-4 år;1997;46
Bydel - Uden for inddeling;0-4 år;1998;57
Bydel - Uden for inddeling;0-4 år;1999;52
Bydel - Uden for inddeling;0-4 år;2000;59
Bydel - Uden for inddeling;0-4 år;2001;77
Bydel - Uden for inddeling;0-4 år;2002;73
Bydel - Uden for inddeling;0-4 år;2003;91
Bydel - Uden for inddeling;0-4 år;2004;115
Bydel - Uden for inddeling;0-4 år;2005;111
Bydel - Uden for inddeling;0-4 år;2006;109
Bydel - Uden for inddeling;0-4 år;2007;93
Bydel - Uden for inddeling;0-4 år;2008;120
Bydel - Uden for inddeling;0-4 år;2009;108
Bydel - Uden for inddeling;0-4 år;2010;136
Bydel - Uden for inddeling;0-4 år;2011;126
Bydel - Uden for inddeling;0-4 år;2012;126
Bydel - Uden for inddeling;0-4 år;2013;109
Bydel - Uden for inddeling;0-4 år;2014;116
Bydel - Uden for inddeling;0-4 år;2015;131
Bydel - Uden for inddeling;0-4 år;2016;113
Bydel - Uden for inddeling;0-4 år;2017;121
Bydel - Uden for inddeling;0-4 år;2018;92
Bydel - Uden for inddeling;0-4 år;2019;78
Bydel - Uden for inddeling;0-4 år;2020;96
Bydel - Uden for inddeling;0-4 år;2021;112
Bydel - Uden for inddeling;0-4 år;2022;113
Bydel - Uden for inddeling;0-4 år;2023;95
Bydel - Uden for inddeling;0-4 år;2024;100
Bydel - Uden for inddeling;0-4 år;2025;117
Lokaludvalg - Indre By;0-4 år;1977;1876
Lokaludvalg - Indre By;0-4 år;1978;1665
Lokaludvalg - Indre By;0-4 år;1979;1515
Lokaludvalg - Indre By;0-4 år;1980;1420
Lokaludvalg - Indre By;0-4 år;1981;1361
Lokaludvalg - Indre By;0-4 år;1982;1337
Lokaludvalg - Indre By;0-4 år;1983;1284
Lokaludvalg - Indre By;0-4 år;1984;1255
Lokaludvalg - Indre By;0-4 år;1985;1220
Lokaludvalg - Indre By;0-4 år;1986;1212
Lokaludvalg - Indre By;0-4 år;1987;1184
Lokaludvalg - Indre By;0-4 år;1988;1168
Lokaludvalg - Indre By;0-4 år;1989;1246
Lokaludvalg - Indre By;0-4 år;1990;1285
Lokaludvalg - Indre By;0-4 år;1991;1319
Lokaludvalg - Indre By;0-4 år;1992;1364
Lokaludvalg - Indre By;0-4 år;1993;1389
Lokaludvalg - Indre By;0-4 år;1994;1423
Lokaludvalg - Indre By;0-4 år;1995;1492
Lokaludvalg - Indre By;0-4 år;1996;1555
Lokaludvalg - Indre By;0-4 år;1997;1676
Lokaludvalg - Indre By;0-4 år;1998;1691
Lokaludvalg - Indre By;0-4 år;1999;1784
Lokaludvalg - Indre By;0-4 år;2000;1899
Lokaludvalg - Indre By;0-4 år;2001;1926
Lokaludvalg - Indre By;0-4 år;2002;1955
Lokaludvalg - Indre By;0-4 år;2003;1983
Lokaludvalg - Indre By;0-4 år;2004;1947
Lokaludvalg - Indre By;0-4 år;2005;1935
Lokaludvalg - Indre By;0-4 år;2006;1962
Lokaludvalg - Indre By;0-4 år;2007;2014
Lokaludvalg - Indre By;0-4 år;2008;2061
Lokaludvalg - Indre By;0-4 år;2009;2044
Lokaludvalg - Indre By;0-4 år;2010;2079
Lokaludvalg - Indre By;0-4 år;2011;2088
Lokaludvalg - Indre By;0-4 år;2012;2105
Lokaludvalg - Indre By;0-4 år;2013;2128
Lokaludvalg - Indre By;0-4 år;2014;2115
Lokaludvalg - Indre By;0-4 år;2015;2064
Lokaludvalg - Indre By;0-4 år;2016;2027
Lokaludvalg - Indre By;0-4 år;2017;2041
Lokaludvalg - Indre By;0-4 år;2018;2011
Lokaludvalg - Indre By;0-4 år;2019;2023
Lokaludvalg - Indre By;0-4 år;2020;2010
Lokaludvalg - Indre By;0-4 år;2021;1933
Lokaludvalg - Indre By;0-4 år;2022;1817
Lokaludvalg - Indre By;0-4 år;2023;1753
Lokaludvalg - Indre By;0-4 år;2024;1709
Lokaludvalg - Indre By;0-4 år;2025;1776
Lokaludvalg - Christianshavn;0-4 år;1977;350
Lokaludvalg - Christianshavn;0-4 år;1978;376
Lokaludvalg - Christianshavn;0-4 år;1979;380
Lokaludvalg - Christianshavn;0-4 år;1980;383
Lokaludvalg - Christianshavn;0-4 år;1981;370
Lokaludvalg - Christianshavn;0-4 år;1982;378
Lokaludvalg - Christianshavn;0-4 år;1983;351
Lokaludvalg - Christianshavn;0-4 år;1984;334
Lokaludvalg - Christianshavn;0-4 år;1985;348
Lokaludvalg - Christianshavn;0-4 år;1986;337
Lokaludvalg - Christianshavn;0-4 år;1987;344
Lokaludvalg - Christianshavn;0-4 år;1988;355
Lokaludvalg - Christianshavn;0-4 år;1989;367
Lokaludvalg - Christianshavn;0-4 år;1990;418
Lokaludvalg - Christianshavn;0-4 år;1991;415
Lokaludvalg - Christianshavn;0-4 år;1992;416
Lokaludvalg - Christianshavn;0-4 år;1993;452
Lokaludvalg - Christianshavn;0-4 år;1994;458
Lokaludvalg - Christianshavn;0-4 år;1995;457
Lokaludvalg - Christianshavn;0-4 år;1996;453
Lokaludvalg - Christianshavn;0-4 år;1997;479
Lokaludvalg - Christianshavn;0-4 år;1998;482
Lokaludvalg - Christianshavn;0-4 år;1999;489
Lokaludvalg - Christianshavn;0-4 år;2000;480
Lokaludvalg - Christianshavn;0-4 år;2001;533
Lokaludvalg - Christianshavn;0-4 år;2002;540
Lokaludvalg - Christianshavn;0-4 år;2003;567
Lokaludvalg - Christianshavn;0-4 år;2004;614
Lokaludvalg - Christianshavn;0-4 år;2005;633
Lokaludvalg - Christianshavn;0-4 år;2006;587
Lokaludvalg - Christianshavn;0-4 år;2007;563
Lokaludvalg - Christianshavn;0-4 år;2008;563
Lokaludvalg - Christianshavn;0-4 år;2009;603
Lokaludvalg - Christianshavn;0-4 år;2010;630
Lokaludvalg - Christianshavn;0-4 år;2011;626
Lokaludvalg - Christianshavn;0-4 år;2012;633
Lokaludvalg - Christianshavn;0-4 år;2013;660
Lokaludvalg - Christianshavn;0-4 år;2014;652
Lokaludvalg - Christianshavn;0-4 år;2015;692
Lokaludvalg - Christianshavn;0-4 år;2016;728
Lokaludvalg - Christianshavn;0-4 år;2017;792
Lokaludvalg - Christianshavn;0-4 år;2018;778
Lokaludvalg - Christianshavn;0-4 år;2019;783
Lokaludvalg - Christianshavn;0-4 år;2020;760
Lokaludvalg - Christianshavn;0-4 år;2021;729
Lokaludvalg - Christianshavn;0-4 år;2022;684
Lokaludvalg - Christianshavn;0-4 år;2023;689
Lokaludvalg - Christianshavn;0-4 år;2024;653
Lokaludvalg - Christianshavn;0-4 år;2025;669
Lokaludvalg - Østerbro;0-4 år;1977;3381
Lokaludvalg - Østerbro;0-4 år;1978;3131
Lokaludvalg - Østerbro;0-4 år;1979;2978
Lokaludvalg - Østerbro;0-4 år;1980;2641
Lokaludvalg - Østerbro;0-4 år;1981;2605
Lokaludvalg - Østerbro;0-4 år;1982;2656
Lokaludvalg - Østerbro;0-4 år;1983;2603
Lokaludvalg - Østerbro;0-4 år;1984;2522
Lokaludvalg - Østerbro;0-4 år;1985;2383
Lokaludvalg - Østerbro;0-4 år;1986;2356
Lokaludvalg - Østerbro;0-4 år;1987;2305
Lokaludvalg - Østerbro;0-4 år;1988;2311
Lokaludvalg - Østerbro;0-4 år;1989;2448
Lokaludvalg - Østerbro;0-4 år;1990;2626
Lokaludvalg - Østerbro;0-4 år;1991;2743
Lokaludvalg - Østerbro;0-4 år;1992;2855
Lokaludvalg - Østerbro;0-4 år;1993;3019
Lokaludvalg - Østerbro;0-4 år;1994;3222
Lokaludvalg - Østerbro;0-4 år;1995;3379
Lokaludvalg - Østerbro;0-4 år;1996;3531
Lokaludvalg - Østerbro;0-4 år;1997;3746
Lokaludvalg - Østerbro;0-4 år;1998;3889
Lokaludvalg - Østerbro;0-4 år;1999;3974
Lokaludvalg - Østerbro;0-4 år;2000;3982
Lokaludvalg - Østerbro;0-4 år;2001;4102
Lokaludvalg - Østerbro;0-4 år;2002;4208
Lokaludvalg - Østerbro;0-4 år;2003;4246
Lokaludvalg - Østerbro;0-4 år;2004;4315
Lokaludvalg - Østerbro;0-4 år;2005;4353
Lokaludvalg - Østerbro;0-4 år;2006;4241
Lokaludvalg - Østerbro;0-4 år;2007;4238
Lokaludvalg - Østerbro;0-4 år;2008;4297
Lokaludvalg - Østerbro;0-4 år;2009;4514
Lokaludvalg - Østerbro;0-4 år;2010;4709
Lokaludvalg - Østerbro;0-4 år;2011;4828
Lokaludvalg - Østerbro;0-4 år;2012;4833
Lokaludvalg - Østerbro;0-4 år;2013;4839
Lokaludvalg - Østerbro;0-4 år;2014;4792
Lokaludvalg - Østerbro;0-4 år;2015;4661
Lokaludvalg - Østerbro;0-4 år;2016;4581
Lokaludvalg - Østerbro;0-4 år;2017;4663
Lokaludvalg - Østerbro;0-4 år;2018;4687
Lokaludvalg - Østerbro;0-4 år;2019;4688
Lokaludvalg - Østerbro;0-4 år;2020;4725
Lokaludvalg - Østerbro;0-4 år;2021;4657
Lokaludvalg - Østerbro;0-4 år;2022;4442
Lokaludvalg - Østerbro;0-4 år;2023;4375
Lokaludvalg - Østerbro;0-4 år;2024;4404
Lokaludvalg - Østerbro;0-4 år;2025;4349
Lokaludvalg - Nørrebro;0-4 år;1977;3991
Lokaludvalg - Nørrebro;0-4 år;1978;3745
Lokaludvalg - Nørrebro;0-4 år;1979;3527
Lokaludvalg - Nørrebro;0-4 år;1980;3407
Lokaludvalg - Nørrebro;0-4 år;1981;3282
Lokaludvalg - Nørrebro;0-4 år;1982;3220
Lokaludvalg - Nørrebro;0-4 år;1983;3163
Lokaludvalg - Nørrebro;0-4 år;1984;3055
Lokaludvalg - Nørrebro;0-4 år;1985;3122
Lokaludvalg - Nørrebro;0-4 år;1986;3018
Lokaludvalg - Nørrebro;0-4 år;1987;3020
Lokaludvalg - Nørrebro;0-4 år;1988;3279
Lokaludvalg - Nørrebro;0-4 år;1989;3479
Lokaludvalg - Nørrebro;0-4 år;1990;3684
Lokaludvalg - Nørrebro;0-4 år;1991;3786
Lokaludvalg - Nørrebro;0-4 år;1992;4131
Lokaludvalg - Nørrebro;0-4 år;1993;4487
Lokaludvalg - Nørrebro;0-4 år;1994;4583
Lokaludvalg - Nørrebro;0-4 år;1995;4843
Lokaludvalg - Nørrebro;0-4 år;1996;5064
Lokaludvalg - Nørrebro;0-4 år;1997;5156
Lokaludvalg - Nørrebro;0-4 år;1998;5185
Lokaludvalg - Nørrebro;0-4 år;1999;5154
Lokaludvalg - Nørrebro;0-4 år;2000;5276
Lokaludvalg - Nørrebro;0-4 år;2001;5291
Lokaludvalg - Nørrebro;0-4 år;2002;5316
Lokaludvalg - Nørrebro;0-4 år;2003;5353
Lokaludvalg - Nørrebro;0-4 år;2004;5348
Lokaludvalg - Nørrebro;0-4 år;2005;5161
Lokaludvalg - Nørrebro;0-4 år;2006;4892
Lokaludvalg - Nørrebro;0-4 år;2007;4774
Lokaludvalg - Nørrebro;0-4 år;2008;4715
Lokaludvalg - Nørrebro;0-4 år;2009;4671
Lokaludvalg - Nørrebro;0-4 år;2010;4749
Lokaludvalg - Nørrebro;0-4 år;2011;4904
Lokaludvalg - Nørrebro;0-4 år;2012;5011
Lokaludvalg - Nørrebro;0-4 år;2013;5014
Lokaludvalg - Nørrebro;0-4 år;2014;5046
Lokaludvalg - Nørrebro;0-4 år;2015;5080
Lokaludvalg - Nørrebro;0-4 år;2016;5149
Lokaludvalg - Nørrebro;0-4 år;2017;5303
Lokaludvalg - Nørrebro;0-4 år;2018;5436
Lokaludvalg - Nørrebro;0-4 år;2019;5419
Lokaludvalg - Nørrebro;0-4 år;2020;5328
Lokaludvalg - Nørrebro;0-4 år;2021;5153
Lokaludvalg - Nørrebro;0-4 år;2022;5010
Lokaludvalg - Nørrebro;0-4 år;2023;4874
Lokaludvalg - Nørrebro;0-4 år;2024;4800
Lokaludvalg - Nørrebro;0-4 år;2025;4719
Lokaludvalg - Vesterbro;0-4 år;1977;2189
Lokaludvalg - Vesterbro;0-4 år;1978;2045
Lokaludvalg - Vesterbro;0-4 år;1979;1923
Lokaludvalg - Vesterbro;0-4 år;1980;1922
Lokaludvalg - Vesterbro;0-4 år;1981;1846
Lokaludvalg - Vesterbro;0-4 år;1982;1808
Lokaludvalg - Vesterbro;0-4 år;1983;1761
Lokaludvalg - Vesterbro;0-4 år;1984;1702
Lokaludvalg - Vesterbro;0-4 år;1985;1585
Lokaludvalg - Vesterbro;0-4 år;1986;1479
Lokaludvalg - Vesterbro;0-4 år;1987;1482
Lokaludvalg - Vesterbro;0-4 år;1988;1515
Lokaludvalg - Vesterbro;0-4 år;1989;1590
Lokaludvalg - Vesterbro;0-4 år;1990;1642
Lokaludvalg - Vesterbro;0-4 år;1991;1718
Lokaludvalg - Vesterbro;0-4 år;1992;1704
Lokaludvalg - Vesterbro;0-4 år;1993;1778
Lokaludvalg - Vesterbro;0-4 år;1994;1802
Lokaludvalg - Vesterbro;0-4 år;1995;1797
Lokaludvalg - Vesterbro;0-4 år;1996;1787
Lokaludvalg - Vesterbro;0-4 år;1997;1799
Lokaludvalg - Vesterbro;0-4 år;1998;1906
Lokaludvalg - Vesterbro;0-4 år;1999;1921
Lokaludvalg - Vesterbro;0-4 år;2000;2076
Lokaludvalg - Vesterbro;0-4 år;2001;2231
Lokaludvalg - Vesterbro;0-4 år;2002;2359
Lokaludvalg - Vesterbro;0-4 år;2003;2499
Lokaludvalg - Vesterbro;0-4 år;2004;2670
Lokaludvalg - Vesterbro;0-4 år;2005;2679
Lokaludvalg - Vesterbro;0-4 år;2006;2650
Lokaludvalg - Vesterbro;0-4 år;2007;2616
Lokaludvalg - Vesterbro;0-4 år;2008;2662
Lokaludvalg - Vesterbro;0-4 år;2009;2620
Lokaludvalg - Vesterbro;0-4 år;2010;2724
Lokaludvalg - Vesterbro;0-4 år;2011;2905
Lokaludvalg - Vesterbro;0-4 år;2012;2963
Lokaludvalg - Vesterbro;0-4 år;2013;3020
Lokaludvalg - Vesterbro;0-4 år;2014;2994
Lokaludvalg - Vesterbro;0-4 år;2015;2939
Lokaludvalg - Vesterbro;0-4 år;2016;2944
Lokaludvalg - Vesterbro;0-4 år;2017;2978
Lokaludvalg - Vesterbro;0-4 år;2018;2993
Lokaludvalg - Vesterbro;0-4 år;2019;3079
Lokaludvalg - Vesterbro;0-4 år;2020;3131
Lokaludvalg - Vesterbro;0-4 år;2021;3087
Lokaludvalg - Vesterbro;0-4 år;2022;3183
Lokaludvalg - Vesterbro;0-4 år;2023;3309
Lokaludvalg - Vesterbro;0-4 år;2024;3250
Lokaludvalg - Vesterbro;0-4 år;2025;3224
Lokaludvalg - Kgs. Enghave;0-4 år;1977;806
Lokaludvalg - Kgs. Enghave;0-4 år;1978;746
Lokaludvalg - Kgs. Enghave;0-4 år;1979;698
Lokaludvalg - Kgs. Enghave;0-4 år;1980;677
Lokaludvalg - Kgs. Enghave;0-4 år;1981;707
Lokaludvalg - Kgs. Enghave;0-4 år;1982;678
Lokaludvalg - Kgs. Enghave;0-4 år;1983;646
Lokaludvalg - Kgs. Enghave;0-4 år;1984;656
Lokaludvalg - Kgs. Enghave;0-4 år;1985;620
Lokaludvalg - Kgs. Enghave;0-4 år;1986;574
Lokaludvalg - Kgs. Enghave;0-4 år;1987;591
Lokaludvalg - Kgs. Enghave;0-4 år;1988;605
Lokaludvalg - Kgs. Enghave;0-4 år;1989;614
Lokaludvalg - Kgs. Enghave;0-4 år;1990;643
Lokaludvalg - Kgs. Enghave;0-4 år;1991;697
Lokaludvalg - Kgs. Enghave;0-4 år;1992;719
Lokaludvalg - Kgs. Enghave;0-4 år;1993;731
Lokaludvalg - Kgs. Enghave;0-4 år;1994;735
Lokaludvalg - Kgs. Enghave;0-4 år;1995;769
Lokaludvalg - Kgs. Enghave;0-4 år;1996;757
Lokaludvalg - Kgs. Enghave;0-4 år;1997;803
Lokaludvalg - Kgs. Enghave;0-4 år;1998;826
Lokaludvalg - Kgs. Enghave;0-4 år;1999;872
Lokaludvalg - Kgs. Enghave;0-4 år;2000;940
Lokaludvalg - Kgs. Enghave;0-4 år;2001;950
Lokaludvalg - Kgs. Enghave;0-4 år;2002;937
Lokaludvalg - Kgs. Enghave;0-4 år;2003;983
Lokaludvalg - Kgs. Enghave;0-4 år;2004;963
Lokaludvalg - Kgs. Enghave;0-4 år;2005;931
Lokaludvalg - Kgs. Enghave;0-4 år;2006;862
Lokaludvalg - Kgs. Enghave;0-4 år;2007;903
Lokaludvalg - Kgs. Enghave;0-4 år;2008;951
Lokaludvalg - Kgs. Enghave;0-4 år;2009;1170
Lokaludvalg - Kgs. Enghave;0-4 år;2010;1315
Lokaludvalg - Kgs. Enghave;0-4 år;2011;1442
Lokaludvalg - Kgs. Enghave;0-4 år;2012;1574
Lokaludvalg - Kgs. Enghave;0-4 år;2013;1571
Lokaludvalg - Kgs. Enghave;0-4 år;2014;1578
Lokaludvalg - Kgs. Enghave;0-4 år;2015;1565
Lokaludvalg - Kgs. Enghave;0-4 år;2016;1573
Lokaludvalg - Kgs. Enghave;0-4 år;2017;1652
Lokaludvalg - Kgs. Enghave;0-4 år;2018;1716
Lokaludvalg - Kgs. Enghave;0-4 år;2019;1785
Lokaludvalg - Kgs. Enghave;0-4 år;2020;1949
Lokaludvalg - Kgs. Enghave;0-4 år;2021;1947
Lokaludvalg - Kgs. Enghave;0-4 år;2022;1975
Lokaludvalg - Kgs. Enghave;0-4 år;2023;1948
Lokaludvalg - Kgs. Enghave;0-4 år;2024;1928
Lokaludvalg - Kgs. Enghave;0-4 år;2025;1930
Lokaludvalg - Valby;0-4 år;1977;2253
Lokaludvalg - Valby;0-4 år;1978;2104
Lokaludvalg - Valby;0-4 år;1979;2057
Lokaludvalg - Valby;0-4 år;1980;2052
Lokaludvalg - Valby;0-4 år;1981;1948
Lokaludvalg - Valby;0-4 år;1982;1976
Lokaludvalg - Valby;0-4 år;1983;1977
Lokaludvalg - Valby;0-4 år;1984;1969
Lokaludvalg - Valby;0-4 år;1985;1902
Lokaludvalg - Valby;0-4 år;1986;1897
Lokaludvalg - Valby;0-4 år;1987;1910
Lokaludvalg - Valby;0-4 år;1988;1953
Lokaludvalg - Valby;0-4 år;1989;1981
Lokaludvalg - Valby;0-4 år;1990;2112
Lokaludvalg - Valby;0-4 år;1991;2189
Lokaludvalg - Valby;0-4 år;1992;2356
Lokaludvalg - Valby;0-4 år;1993;2445
Lokaludvalg - Valby;0-4 år;1994;2525
Lokaludvalg - Valby;0-4 år;1995;2568
Lokaludvalg - Valby;0-4 år;1996;2854
Lokaludvalg - Valby;0-4 år;1997;2938
Lokaludvalg - Valby;0-4 år;1998;2911
Lokaludvalg - Valby;0-4 år;1999;2939
Lokaludvalg - Valby;0-4 år;2000;2952
Lokaludvalg - Valby;0-4 år;2001;2926
Lokaludvalg - Valby;0-4 år;2002;2892
Lokaludvalg - Valby;0-4 år;2003;2907
Lokaludvalg - Valby;0-4 år;2004;2910
Lokaludvalg - Valby;0-4 år;2005;2877
Lokaludvalg - Valby;0-4 år;2006;2830
Lokaludvalg - Valby;0-4 år;2007;2740
Lokaludvalg - Valby;0-4 år;2008;2814
Lokaludvalg - Valby;0-4 år;2009;3079
Lokaludvalg - Valby;0-4 år;2010;3262
Lokaludvalg - Valby;0-4 år;2011;3454
Lokaludvalg - Valby;0-4 år;2012;3551
Lokaludvalg - Valby;0-4 år;2013;3624
Lokaludvalg - Valby;0-4 år;2014;3634
Lokaludvalg - Valby;0-4 år;2015;3618
Lokaludvalg - Valby;0-4 år;2016;3543
Lokaludvalg - Valby;0-4 år;2017;3718
Lokaludvalg - Valby;0-4 år;2018;3798
Lokaludvalg - Valby;0-4 år;2019;3942
Lokaludvalg - Valby;0-4 år;2020;4072
Lokaludvalg - Valby;0-4 år;2021;4178
Lokaludvalg - Valby;0-4 år;2022;4211
Lokaludvalg - Valby;0-4 år;2023;4172
Lokaludvalg - Valby;0-4 år;2024;3981
Lokaludvalg - Valby;0-4 år;2025;3890
Lokaludvalg - Vanløse;0-4 år;1977;1573
Lokaludvalg - Vanløse;0-4 år;1978;1477
Lokaludvalg - Vanløse;0-4 år;1979;1416
Lokaludvalg - Vanløse;0-4 år;1980;1363
Lokaludvalg - Vanløse;0-4 år;1981;1372
Lokaludvalg - Vanløse;0-4 år;1982;1335
Lokaludvalg - Vanløse;0-4 år;1983;1337
Lokaludvalg - Vanløse;0-4 år;1984;1390
Lokaludvalg - Vanløse;0-4 år;1985;1367
Lokaludvalg - Vanløse;0-4 år;1986;1338
Lokaludvalg - Vanløse;0-4 år;1987;1335
Lokaludvalg - Vanløse;0-4 år;1988;1333
Lokaludvalg - Vanløse;0-4 år;1989;1458
Lokaludvalg - Vanløse;0-4 år;1990;1571
Lokaludvalg - Vanløse;0-4 år;1991;1632
Lokaludvalg - Vanløse;0-4 år;1992;1706
Lokaludvalg - Vanløse;0-4 år;1993;1835
Lokaludvalg - Vanløse;0-4 år;1994;1917
Lokaludvalg - Vanløse;0-4 år;1995;1971
Lokaludvalg - Vanløse;0-4 år;1996;2024
Lokaludvalg - Vanløse;0-4 år;1997;2031
Lokaludvalg - Vanløse;0-4 år;1998;2044
Lokaludvalg - Vanløse;0-4 år;1999;2042
Lokaludvalg - Vanløse;0-4 år;2000;2043
Lokaludvalg - Vanløse;0-4 år;2001;2097
Lokaludvalg - Vanløse;0-4 år;2002;2095
Lokaludvalg - Vanløse;0-4 år;2003;2130
Lokaludvalg - Vanløse;0-4 år;2004;2135
Lokaludvalg - Vanløse;0-4 år;2005;2140
Lokaludvalg - Vanløse;0-4 år;2006;2170
Lokaludvalg - Vanløse;0-4 år;2007;2161
Lokaludvalg - Vanløse;0-4 år;2008;2166
Lokaludvalg - Vanløse;0-4 år;2009;2194
Lokaludvalg - Vanløse;0-4 år;2010;2308
Lokaludvalg - Vanløse;0-4 år;2011;2362
Lokaludvalg - Vanløse;0-4 år;2012;2418
Lokaludvalg - Vanløse;0-4 år;2013;2527
Lokaludvalg - Vanløse;0-4 år;2014;2498
Lokaludvalg - Vanløse;0-4 år;2015;2507
Lokaludvalg - Vanløse;0-4 år;2016;2493
Lokaludvalg - Vanløse;0-4 år;2017;2437
Lokaludvalg - Vanløse;0-4 år;2018;2379
Lokaludvalg - Vanløse;0-4 år;2019;2403
Lokaludvalg - Vanløse;0-4 år;2020;2426
Lokaludvalg - Vanløse;0-4 år;2021;2321
Lokaludvalg - Vanløse;0-4 år;2022;2242
Lokaludvalg - Vanløse;0-4 år;2023;2167
Lokaludvalg - Vanløse;0-4 år;2024;2136
Lokaludvalg - Vanløse;0-4 år;2025;2111
Lokaludvalg - Brønshøj-Husum;0-4 år;1977;1942
Lokaludvalg - Brønshøj-Husum;0-4 år;1978;1830
Lokaludvalg - Brønshøj-Husum;0-4 år;1979;1772
Lokaludvalg - Brønshøj-Husum;0-4 år;1980;1669
Lokaludvalg - Brønshøj-Husum;0-4 år;1981;1543
Lokaludvalg - Brønshøj-Husum;0-4 år;1982;1523
Lokaludvalg - Brønshøj-Husum;0-4 år;1983;1500
Lokaludvalg - Brønshøj-Husum;0-4 år;1984;1536
Lokaludvalg - Brønshøj-Husum;0-4 år;1985;1577
Lokaludvalg - Brønshøj-Husum;0-4 år;1986;1589
Lokaludvalg - Brønshøj-Husum;0-4 år;1987;1610
Lokaludvalg - Brønshøj-Husum;0-4 år;1988;1683
Lokaludvalg - Brønshøj-Husum;0-4 år;1989;1726
Lokaludvalg - Brønshøj-Husum;0-4 år;1990;1873
Lokaludvalg - Brønshøj-Husum;0-4 år;1991;1963
Lokaludvalg - Brønshøj-Husum;0-4 år;1992;2118
Lokaludvalg - Brønshøj-Husum;0-4 år;1993;2199
Lokaludvalg - Brønshøj-Husum;0-4 år;1994;2329
Lokaludvalg - Brønshøj-Husum;0-4 år;1995;2478
Lokaludvalg - Brønshøj-Husum;0-4 år;1996;2515
Lokaludvalg - Brønshøj-Husum;0-4 år;1997;2737
Lokaludvalg - Brønshøj-Husum;0-4 år;1998;2821
Lokaludvalg - Brønshøj-Husum;0-4 år;1999;2851
Lokaludvalg - Brønshøj-Husum;0-4 år;2000;2792
Lokaludvalg - Brønshøj-Husum;0-4 år;2001;2842
Lokaludvalg - Brønshøj-Husum;0-4 år;2002;2783
Lokaludvalg - Brønshøj-Husum;0-4 år;2003;2775
Lokaludvalg - Brønshøj-Husum;0-4 år;2004;2880
Lokaludvalg - Brønshøj-Husum;0-4 år;2005;2821
Lokaludvalg - Brønshøj-Husum;0-4 år;2006;2781
Lokaludvalg - Brønshøj-Husum;0-4 år;2007;2790
Lokaludvalg - Brønshøj-Husum;0-4 år;2008;2811
Lokaludvalg - Brønshøj-Husum;0-4 år;2009;2740
Lokaludvalg - Brønshøj-Husum;0-4 år;2010;2827
Lokaludvalg - Brønshøj-Husum;0-4 år;2011;2947
Lokaludvalg - Brønshøj-Husum;0-4 år;2012;3054
Lokaludvalg - Brønshøj-Husum;0-4 år;2013;3142
Lokaludvalg - Brønshøj-Husum;0-4 år;2014;3124
Lokaludvalg - Brønshøj-Husum;0-4 år;2015;3190
Lokaludvalg - Brønshøj-Husum;0-4 år;2016;3143
Lokaludvalg - Brønshøj-Husum;0-4 år;2017;3144
Lokaludvalg - Brønshøj-Husum;0-4 år;2018;3179
Lokaludvalg - Brønshøj-Husum;0-4 år;2019;3237
Lokaludvalg - Brønshøj-Husum;0-4 år;2020;3187
Lokaludvalg - Brønshøj-Husum;0-4 år;2021;3213
Lokaludvalg - Brønshøj-Husum;0-4 år;2022;3068
Lokaludvalg - Brønshøj-Husum;0-4 år;2023;2862
Lokaludvalg - Brønshøj-Husum;0-4 år;2024;2791
Lokaludvalg - Brønshøj-Husum;0-4 år;2025;2746
Lokaludvalg - Bispebjerg;0-4 år;1977;1518
Lokaludvalg - Bispebjerg;0-4 år;1978;1419
Lokaludvalg - Bispebjerg;0-4 år;1979;1397
Lokaludvalg - Bispebjerg;0-4 år;1980;1351
Lokaludvalg - Bispebjerg;0-4 år;1981;1346
Lokaludvalg - Bispebjerg;0-4 år;1982;1292
Lokaludvalg - Bispebjerg;0-4 år;1983;1341
Lokaludvalg - Bispebjerg;0-4 år;1984;1359
Lokaludvalg - Bispebjerg;0-4 år;1985;1339
Lokaludvalg - Bispebjerg;0-4 år;1986;1343
Lokaludvalg - Bispebjerg;0-4 år;1987;1315
Lokaludvalg - Bispebjerg;0-4 år;1988;1372
Lokaludvalg - Bispebjerg;0-4 år;1989;1401
Lokaludvalg - Bispebjerg;0-4 år;1990;1518
Lokaludvalg - Bispebjerg;0-4 år;1991;1634
Lokaludvalg - Bispebjerg;0-4 år;1992;1733
Lokaludvalg - Bispebjerg;0-4 år;1993;1833
Lokaludvalg - Bispebjerg;0-4 år;1994;1904
Lokaludvalg - Bispebjerg;0-4 år;1995;1991
Lokaludvalg - Bispebjerg;0-4 år;1996;2159
Lokaludvalg - Bispebjerg;0-4 år;1997;2255
Lokaludvalg - Bispebjerg;0-4 år;1998;2302
Lokaludvalg - Bispebjerg;0-4 år;1999;2353
Lokaludvalg - Bispebjerg;0-4 år;2000;2417
Lokaludvalg - Bispebjerg;0-4 år;2001;2496
Lokaludvalg - Bispebjerg;0-4 år;2002;2634
Lokaludvalg - Bispebjerg;0-4 år;2003;2614
Lokaludvalg - Bispebjerg;0-4 år;2004;2676
Lokaludvalg - Bispebjerg;0-4 år;2005;2609
Lokaludvalg - Bispebjerg;0-4 år;2006;2516
Lokaludvalg - Bispebjerg;0-4 år;2007;2478
Lokaludvalg - Bispebjerg;0-4 år;2008;2556
Lokaludvalg - Bispebjerg;0-4 år;2009;2715
Lokaludvalg - Bispebjerg;0-4 år;2010;2860
Lokaludvalg - Bispebjerg;0-4 år;2011;2978
Lokaludvalg - Bispebjerg;0-4 år;2012;3103
Lokaludvalg - Bispebjerg;0-4 år;2013;3253
Lokaludvalg - Bispebjerg;0-4 år;2014;3214
Lokaludvalg - Bispebjerg;0-4 år;2015;3287
Lokaludvalg - Bispebjerg;0-4 år;2016;3217
Lokaludvalg - Bispebjerg;0-4 år;2017;3280
Lokaludvalg - Bispebjerg;0-4 år;2018;3342
Lokaludvalg - Bispebjerg;0-4 år;2019;3380
Lokaludvalg - Bispebjerg;0-4 år;2020;3399
Lokaludvalg - Bispebjerg;0-4 år;2021;3304
Lokaludvalg - Bispebjerg;0-4 år;2022;3224
Lokaludvalg - Bispebjerg;0-4 år;2023;3108
Lokaludvalg - Bispebjerg;0-4 år;2024;3094
Lokaludvalg - Bispebjerg;0-4 år;2025;3073
Lokaludvalg - Amager Øst;0-4 år;1977;2309
Lokaludvalg - Amager Øst;0-4 år;1978;2146
Lokaludvalg - Amager Øst;0-4 år;1979;2038
Lokaludvalg - Amager Øst;0-4 år;1980;2066
Lokaludvalg - Amager Øst;0-4 år;1981;2004
Lokaludvalg - Amager Øst;0-4 år;1982;1955
Lokaludvalg - Amager Øst;0-4 år;1983;1914
Lokaludvalg - Amager Øst;0-4 år;1984;1830
Lokaludvalg - Amager Øst;0-4 år;1985;1805
Lokaludvalg - Amager Øst;0-4 år;1986;1750
Lokaludvalg - Amager Øst;0-4 år;1987;1750
Lokaludvalg - Amager Øst;0-4 år;1988;1848
Lokaludvalg - Amager Øst;0-4 år;1989;1922
Lokaludvalg - Amager Øst;0-4 år;1990;2062
Lokaludvalg - Amager Øst;0-4 år;1991;2164
Lokaludvalg - Amager Øst;0-4 år;1992;2363
Lokaludvalg - Amager Øst;0-4 år;1993;2523
Lokaludvalg - Amager Øst;0-4 år;1994;2656
Lokaludvalg - Amager Øst;0-4 år;1995;2695
Lokaludvalg - Amager Øst;0-4 år;1996;2763
Lokaludvalg - Amager Øst;0-4 år;1997;2750
Lokaludvalg - Amager Øst;0-4 år;1998;2717
Lokaludvalg - Amager Øst;0-4 år;1999;2762
Lokaludvalg - Amager Øst;0-4 år;2000;2855
Lokaludvalg - Amager Øst;0-4 år;2001;2902
Lokaludvalg - Amager Øst;0-4 år;2002;2913
Lokaludvalg - Amager Øst;0-4 år;2003;2919
Lokaludvalg - Amager Øst;0-4 år;2004;2947
Lokaludvalg - Amager Øst;0-4 år;2005;2915
Lokaludvalg - Amager Øst;0-4 år;2006;2862
Lokaludvalg - Amager Øst;0-4 år;2007;2938
Lokaludvalg - Amager Øst;0-4 år;2008;2955
Lokaludvalg - Amager Øst;0-4 år;2009;3080
Lokaludvalg - Amager Øst;0-4 år;2010;3230
Lokaludvalg - Amager Øst;0-4 år;2011;3418
Lokaludvalg - Amager Øst;0-4 år;2012;3419
Lokaludvalg - Amager Øst;0-4 år;2013;3466
Lokaludvalg - Amager Øst;0-4 år;2014;3391
Lokaludvalg - Amager Øst;0-4 år;2015;3490
Lokaludvalg - Amager Øst;0-4 år;2016;3381
Lokaludvalg - Amager Øst;0-4 år;2017;3441
Lokaludvalg - Amager Øst;0-4 år;2018;3519
Lokaludvalg - Amager Øst;0-4 år;2019;3609
Lokaludvalg - Amager Øst;0-4 år;2020;3722
Lokaludvalg - Amager Øst;0-4 år;2021;3656
Lokaludvalg - Amager Øst;0-4 år;2022;3621
Lokaludvalg - Amager Øst;0-4 år;2023;3545
Lokaludvalg - Amager Øst;0-4 år;2024;3504
Lokaludvalg - Amager Øst;0-4 år;2025;3510
Lokaludvalg - Amager Vest;0-4 år;1977;2298
Lokaludvalg - Amager Vest;0-4 år;1978;2205
Lokaludvalg - Amager Vest;0-4 år;1979;2105
Lokaludvalg - Amager Vest;0-4 år;1980;2056
Lokaludvalg - Amager Vest;0-4 år;1981;1941
Lokaludvalg - Amager Vest;0-4 år;1982;1895
Lokaludvalg - Amager Vest;0-4 år;1983;2005
Lokaludvalg - Amager Vest;0-4 år;1984;1919
Lokaludvalg - Amager Vest;0-4 år;1985;1847
Lokaludvalg - Amager Vest;0-4 år;1986;1823
Lokaludvalg - Amager Vest;0-4 år;1987;1899
Lokaludvalg - Amager Vest;0-4 år;1988;1975
Lokaludvalg - Amager Vest;0-4 år;1989;2041
Lokaludvalg - Amager Vest;0-4 år;1990;2094
Lokaludvalg - Amager Vest;0-4 år;1991;2060
Lokaludvalg - Amager Vest;0-4 år;1992;2072
Lokaludvalg - Amager Vest;0-4 år;1993;2222
Lokaludvalg - Amager Vest;0-4 år;1994;2280
Lokaludvalg - Amager Vest;0-4 år;1995;2362
Lokaludvalg - Amager Vest;0-4 år;1996;2493
Lokaludvalg - Amager Vest;0-4 år;1997;2593
Lokaludvalg - Amager Vest;0-4 år;1998;2580
Lokaludvalg - Amager Vest;0-4 år;1999;2632
Lokaludvalg - Amager Vest;0-4 år;2000;2567
Lokaludvalg - Amager Vest;0-4 år;2001;2597
Lokaludvalg - Amager Vest;0-4 år;2002;2650
Lokaludvalg - Amager Vest;0-4 år;2003;2713
Lokaludvalg - Amager Vest;0-4 år;2004;2686
Lokaludvalg - Amager Vest;0-4 år;2005;2749
Lokaludvalg - Amager Vest;0-4 år;2006;2950
Lokaludvalg - Amager Vest;0-4 år;2007;3243
Lokaludvalg - Amager Vest;0-4 år;2008;3516
Lokaludvalg - Amager Vest;0-4 år;2009;3761
Lokaludvalg - Amager Vest;0-4 år;2010;4082
Lokaludvalg - Amager Vest;0-4 år;2011;4357
Lokaludvalg - Amager Vest;0-4 år;2012;4651
Lokaludvalg - Amager Vest;0-4 år;2013;4764
Lokaludvalg - Amager Vest;0-4 år;2014;4924
Lokaludvalg - Amager Vest;0-4 år;2015;4999
Lokaludvalg - Amager Vest;0-4 år;2016;5055
Lokaludvalg - Amager Vest;0-4 år;2017;5184
Lokaludvalg - Amager Vest;0-4 år;2018;5397
Lokaludvalg - Amager Vest;0-4 år;2019;5519
Lokaludvalg - Amager Vest;0-4 år;2020;5665
Lokaludvalg - Amager Vest;0-4 år;2021;5625
Lokaludvalg - Amager Vest;0-4 år;2022;5563
Lokaludvalg - Amager Vest;0-4 år;2023;5400
Lokaludvalg - Amager Vest;0-4 år;2024;5378
Lokaludvalg - Amager Vest;0-4 år;2025;5377
Lokaludvalg - Uden for inddeling;0-4 år;1977;0
Lokaludvalg - Uden for inddeling;0-4 år;1978;0
Lokaludvalg - Uden for inddeling;0-4 år;1979;0
Lokaludvalg - Uden for inddeling;0-4 år;1980;0
Lokaludvalg - Uden for inddeling;0-4 år;1981;0
Lokaludvalg - Uden for inddeling;0-4 år;1982;0
Lokaludvalg - Uden for inddeling;0-4 år;1983;0
Lokaludvalg - Uden for inddeling;0-4 år;1984;0
Lokaludvalg - Uden for inddeling;0-4 år;1985;0
Lokaludvalg - Uden for inddeling;0-4 år;1986;0
Lokaludvalg - Uden for inddeling;0-4 år;1987;0
Lokaludvalg - Uden for inddeling;0-4 år;1988;0
Lokaludvalg - Uden for inddeling;0-4 år;1989;0
Lokaludvalg - Uden for inddeling;0-4 år;1990;0
Lokaludvalg - Uden for inddeling;0-4 år;1991;30
Lokaludvalg - Uden for inddeling;0-4 år;1992;43
Lokaludvalg - Uden for inddeling;0-4 år;1993;39
Lokaludvalg - Uden for inddeling;0-4 år;1994;31
Lokaludvalg - Uden for inddeling;0-4 år;1995;38
Lokaludvalg - Uden for inddeling;0-4 år;1996;55
Lokaludvalg - Uden for inddeling;0-4 år;1997;46
Lokaludvalg - Uden for inddeling;0-4 år;1998;57
Lokaludvalg - Uden for inddeling;0-4 år;1999;52
Lokaludvalg - Uden for inddeling;0-4 år;2000;59
Lokaludvalg - Uden for inddeling;0-4 år;2001;77
Lokaludvalg - Uden for inddeling;0-4 år;2002;73
Lokaludvalg - Uden for inddeling;0-4 år;2003;91
Lokaludvalg - Uden for inddeling;0-4 år;2004;115
Lokaludvalg - Uden for inddeling;0-4 år;2005;111
Lokaludvalg - Uden for inddeling;0-4 år;2006;109
Lokaludvalg - Uden for inddeling;0-4 år;2007;93
Lokaludvalg - Uden for inddeling;0-4 år;2008;120
Lokaludvalg - Uden for inddeling;0-4 år;2009;108
Lokaludvalg - Uden for inddeling;0-4 år;2010;136
Lokaludvalg - Uden for inddeling;0-4 år;2011;126
Lokaludvalg - Uden for inddeling;0-4 år;2012;126
Lokaludvalg - Uden for inddeling;0-4 år;2013;109
Lokaludvalg - Uden for inddeling;0-4 år;2014;116
Lokaludvalg - Uden for inddeling;0-4 år;2015;131
Lokaludvalg - Uden for inddeling;0-4 år;2016;113
Lokaludvalg - Uden for inddeling;0-4 år;2017;121
Lokaludvalg - Uden for inddeling;0-4 år;2018;92
Lokaludvalg - Uden for inddeling;0-4 år;2019;78
Lokaludvalg - Uden for inddeling;0-4 år;2020;96
Lokaludvalg - Uden for inddeling;0-4 år;2021;112
Lokaludvalg - Uden for inddeling;0-4 år;2022;113
Lokaludvalg - Uden for inddeling;0-4 år;2023;95
Lokaludvalg - Uden for inddeling;0-4 år;2024;100
Lokaludvalg - Uden for inddeling;0-4 år;2025;117
Indre By - Middelalderbyen;0-4 år;1977;258
Indre By - Middelalderbyen;0-4 år;1978;231
Indre By - Middelalderbyen;0-4 år;1979;211
Indre By - Middelalderbyen;0-4 år;1980;174
Indre By - Middelalderbyen;0-4 år;1981;179
Indre By - Middelalderbyen;0-4 år;1982;183
Indre By - Middelalderbyen;0-4 år;1983;172
Indre By - Middelalderbyen;0-4 år;1984;161
Indre By - Middelalderbyen;0-4 år;1985;160
Indre By - Middelalderbyen;0-4 år;1986;157
Indre By - Middelalderbyen;0-4 år;1987;150
Indre By - Middelalderbyen;0-4 år;1988;151
Indre By - Middelalderbyen;0-4 år;1989;166
Indre By - Middelalderbyen;0-4 år;1990;172
Indre By - Middelalderbyen;0-4 år;1991;168
Indre By - Middelalderbyen;0-4 år;1992;162
Indre By - Middelalderbyen;0-4 år;1993;188
Indre By - Middelalderbyen;0-4 år;1994;181
Indre By - Middelalderbyen;0-4 år;1995;181
Indre By - Middelalderbyen;0-4 år;1996;183
Indre By - Middelalderbyen;0-4 år;1997;208
Indre By - Middelalderbyen;0-4 år;1998;208
Indre By - Middelalderbyen;0-4 år;1999;213
Indre By - Middelalderbyen;0-4 år;2000;243
Indre By - Middelalderbyen;0-4 år;2001;231
Indre By - Middelalderbyen;0-4 år;2002;214
Indre By - Middelalderbyen;0-4 år;2003;233
Indre By - Middelalderbyen;0-4 år;2004;244
Indre By - Middelalderbyen;0-4 år;2005;236
Indre By - Middelalderbyen;0-4 år;2006;241
Indre By - Middelalderbyen;0-4 år;2007;249
Indre By - Middelalderbyen;0-4 år;2008;260
Indre By - Middelalderbyen;0-4 år;2009;272
Indre By - Middelalderbyen;0-4 år;2010;268
Indre By - Middelalderbyen;0-4 år;2011;287
Indre By - Middelalderbyen;0-4 år;2012;292
Indre By - Middelalderbyen;0-4 år;2013;297
Indre By - Middelalderbyen;0-4 år;2014;316
Indre By - Middelalderbyen;0-4 år;2015;287
Indre By - Middelalderbyen;0-4 år;2016;294
Indre By - Middelalderbyen;0-4 år;2017;313
Indre By - Middelalderbyen;0-4 år;2018;317
Indre By - Middelalderbyen;0-4 år;2019;316
Indre By - Middelalderbyen;0-4 år;2020;299
Indre By - Middelalderbyen;0-4 år;2021;298
Indre By - Middelalderbyen;0-4 år;2022;276
Indre By - Middelalderbyen;0-4 år;2023;281
Indre By - Middelalderbyen;0-4 år;2024;257
Indre By - Middelalderbyen;0-4 år;2025;241
Indre By - Metropolzonen;0-4 år;1977;62
Indre By - Metropolzonen;0-4 år;1978;55
Indre By - Metropolzonen;0-4 år;1979;54
Indre By - Metropolzonen;0-4 år;1980;43
Indre By - Metropolzonen;0-4 år;1981;36
Indre By - Metropolzonen;0-4 år;1982;33
Indre By - Metropolzonen;0-4 år;1983;31
Indre By - Metropolzonen;0-4 år;1984;31
Indre By - Metropolzonen;0-4 år;1985;36
Indre By - Metropolzonen;0-4 år;1986;39
Indre By - Metropolzonen;0-4 år;1987;45
Indre By - Metropolzonen;0-4 år;1988;47
Indre By - Metropolzonen;0-4 år;1989;53
Indre By - Metropolzonen;0-4 år;1990;46
Indre By - Metropolzonen;0-4 år;1991;53
Indre By - Metropolzonen;0-4 år;1992;48
Indre By - Metropolzonen;0-4 år;1993;45
Indre By - Metropolzonen;0-4 år;1994;38
Indre By - Metropolzonen;0-4 år;1995;40
Indre By - Metropolzonen;0-4 år;1996;42
Indre By - Metropolzonen;0-4 år;1997;45
Indre By - Metropolzonen;0-4 år;1998;55
Indre By - Metropolzonen;0-4 år;1999;61
Indre By - Metropolzonen;0-4 år;2000;64
Indre By - Metropolzonen;0-4 år;2001;62
Indre By - Metropolzonen;0-4 år;2002;78
Indre By - Metropolzonen;0-4 år;2003;82
Indre By - Metropolzonen;0-4 år;2004;85
Indre By - Metropolzonen;0-4 år;2005;64
Indre By - Metropolzonen;0-4 år;2006;86
Indre By - Metropolzonen;0-4 år;2007;85
Indre By - Metropolzonen;0-4 år;2008;107
Indre By - Metropolzonen;0-4 år;2009;105
Indre By - Metropolzonen;0-4 år;2010;106
Indre By - Metropolzonen;0-4 år;2011;101
Indre By - Metropolzonen;0-4 år;2012;108
Indre By - Metropolzonen;0-4 år;2013;100
Indre By - Metropolzonen;0-4 år;2014;109
Indre By - Metropolzonen;0-4 år;2015;125
Indre By - Metropolzonen;0-4 år;2016;124
Indre By - Metropolzonen;0-4 år;2017;136
Indre By - Metropolzonen;0-4 år;2018;132
Indre By - Metropolzonen;0-4 år;2019;137
Indre By - Metropolzonen;0-4 år;2020;135
Indre By - Metropolzonen;0-4 år;2021;124
Indre By - Metropolzonen;0-4 år;2022;111
Indre By - Metropolzonen;0-4 år;2023;113
Indre By - Metropolzonen;0-4 år;2024;112
Indre By - Metropolzonen;0-4 år;2025;106
Indre By - Nansensgade-kvarteret;0-4 år;1977;396
Indre By - Nansensgade-kvarteret;0-4 år;1978;336
Indre By - Nansensgade-kvarteret;0-4 år;1979;290
Indre By - Nansensgade-kvarteret;0-4 år;1980;264
Indre By - Nansensgade-kvarteret;0-4 år;1981;256
Indre By - Nansensgade-kvarteret;0-4 år;1982;228
Indre By - Nansensgade-kvarteret;0-4 år;1983;220
Indre By - Nansensgade-kvarteret;0-4 år;1984;211
Indre By - Nansensgade-kvarteret;0-4 år;1985;212
Indre By - Nansensgade-kvarteret;0-4 år;1986;207
Indre By - Nansensgade-kvarteret;0-4 år;1987;211
Indre By - Nansensgade-kvarteret;0-4 år;1988;206
Indre By - Nansensgade-kvarteret;0-4 år;1989;204
Indre By - Nansensgade-kvarteret;0-4 år;1990;215
Indre By - Nansensgade-kvarteret;0-4 år;1991;233
Indre By - Nansensgade-kvarteret;0-4 år;1992;235
Indre By - Nansensgade-kvarteret;0-4 år;1993;231
Indre By - Nansensgade-kvarteret;0-4 år;1994;230
Indre By - Nansensgade-kvarteret;0-4 år;1995;263
Indre By - Nansensgade-kvarteret;0-4 år;1996;272
Indre By - Nansensgade-kvarteret;0-4 år;1997;284
Indre By - Nansensgade-kvarteret;0-4 år;1998;309
Indre By - Nansensgade-kvarteret;0-4 år;1999;327
Indre By - Nansensgade-kvarteret;0-4 år;2000;341
Indre By - Nansensgade-kvarteret;0-4 år;2001;353
Indre By - Nansensgade-kvarteret;0-4 år;2002;382
Indre By - Nansensgade-kvarteret;0-4 år;2003;416
Indre By - Nansensgade-kvarteret;0-4 år;2004;396
Indre By - Nansensgade-kvarteret;0-4 år;2005;419
Indre By - Nansensgade-kvarteret;0-4 år;2006;398
Indre By - Nansensgade-kvarteret;0-4 år;2007;412
Indre By - Nansensgade-kvarteret;0-4 år;2008;379
Indre By - Nansensgade-kvarteret;0-4 år;2009;383
Indre By - Nansensgade-kvarteret;0-4 år;2010;412
Indre By - Nansensgade-kvarteret;0-4 år;2011;393
Indre By - Nansensgade-kvarteret;0-4 år;2012;383
Indre By - Nansensgade-kvarteret;0-4 år;2013;407
Indre By - Nansensgade-kvarteret;0-4 år;2014;397
Indre By - Nansensgade-kvarteret;0-4 år;2015;410
Indre By - Nansensgade-kvarteret;0-4 år;2016;422
Indre By - Nansensgade-kvarteret;0-4 år;2017;408
Indre By - Nansensgade-kvarteret;0-4 år;2018;399
Indre By - Nansensgade-kvarteret;0-4 år;2019;415
Indre By - Nansensgade-kvarteret;0-4 år;2020;405
Indre By - Nansensgade-kvarteret;0-4 år;2021;355
Indre By - Nansensgade-kvarteret;0-4 år;2022;308
Indre By - Nansensgade-kvarteret;0-4 år;2023;292
Indre By - Nansensgade-kvarteret;0-4 år;2024;290
Indre By - Nansensgade-kvarteret;0-4 år;2025;316
Indre By - Øster Farimagsgade-kvarteret;0-4 år;1977;450
Indre By - Øster Farimagsgade-kvarteret;0-4 år;1978;386
Indre By - Øster Farimagsgade-kvarteret;0-4 år;1979;358
Indre By - Øster Farimagsgade-kvarteret;0-4 år;1980;352
Indre By - Øster Farimagsgade-kvarteret;0-4 år;1981;323
Indre By - Øster Farimagsgade-kvarteret;0-4 år;1982;332
Indre By - Øster Farimagsgade-kvarteret;0-4 år;1983;321
Indre By - Øster Farimagsgade-kvarteret;0-4 år;1984;315
Indre By - Øster Farimagsgade-kvarteret;0-4 år;1985;303
Indre By - Øster Farimagsgade-kvarteret;0-4 år;1986;298
Indre By - Øster Farimagsgade-kvarteret;0-4 år;1987;272
Indre By - Øster Farimagsgade-kvarteret;0-4 år;1988;276
Indre By - Øster Farimagsgade-kvarteret;0-4 år;1989;324
Indre By - Øster Farimagsgade-kvarteret;0-4 år;1990;322
Indre By - Øster Farimagsgade-kvarteret;0-4 år;1991;340
Indre By - Øster Farimagsgade-kvarteret;0-4 år;1992;336
Indre By - Øster Farimagsgade-kvarteret;0-4 år;1993;328
Indre By - Øster Farimagsgade-kvarteret;0-4 år;1994;324
Indre By - Øster Farimagsgade-kvarteret;0-4 år;1995;342
Indre By - Øster Farimagsgade-kvarteret;0-4 år;1996;370
Indre By - Øster Farimagsgade-kvarteret;0-4 år;1997;382
Indre By - Øster Farimagsgade-kvarteret;0-4 år;1998;369
Indre By - Øster Farimagsgade-kvarteret;0-4 år;1999;409
Indre By - Øster Farimagsgade-kvarteret;0-4 år;2000;432
Indre By - Øster Farimagsgade-kvarteret;0-4 år;2001;415
Indre By - Øster Farimagsgade-kvarteret;0-4 år;2002;459
Indre By - Øster Farimagsgade-kvarteret;0-4 år;2003;454
Indre By - Øster Farimagsgade-kvarteret;0-4 år;2004;442
Indre By - Øster Farimagsgade-kvarteret;0-4 år;2005;452
Indre By - Øster Farimagsgade-kvarteret;0-4 år;2006;449
Indre By - Øster Farimagsgade-kvarteret;0-4 år;2007;451
Indre By - Øster Farimagsgade-kvarteret;0-4 år;2008;470
Indre By - Øster Farimagsgade-kvarteret;0-4 år;2009;465
Indre By - Øster Farimagsgade-kvarteret;0-4 år;2010;467
Indre By - Øster Farimagsgade-kvarteret;0-4 år;2011;475
Indre By - Øster Farimagsgade-kvarteret;0-4 år;2012;468
Indre By - Øster Farimagsgade-kvarteret;0-4 år;2013;506
Indre By - Øster Farimagsgade-kvarteret;0-4 år;2014;483
Indre By - Øster Farimagsgade-kvarteret;0-4 år;2015;439
Indre By - Øster Farimagsgade-kvarteret;0-4 år;2016;438
Indre By - Øster Farimagsgade-kvarteret;0-4 år;2017;427
Indre By - Øster Farimagsgade-kvarteret;0-4 år;2018;406
Indre By - Øster Farimagsgade-kvarteret;0-4 år;2019;391
Indre By - Øster Farimagsgade-kvarteret;0-4 år;2020;399
Indre By - Øster Farimagsgade-kvarteret;0-4 år;2021;353
Indre By - Øster Farimagsgade-kvarteret;0-4 år;2022;360
Indre By - Øster Farimagsgade-kvarteret;0-4 år;2023;344
Indre By - Øster Farimagsgade-kvarteret;0-4 år;2024;325
Indre By - Øster Farimagsgade-kvarteret;0-4 år;2025;339
Indre By - Østerport;0-4 år;1977;137
Indre By - Østerport;0-4 år;1978;134
Indre By - Østerport;0-4 år;1979;130
Indre By - Østerport;0-4 år;1980;118
Indre By - Østerport;0-4 år;1981;124
Indre By - Østerport;0-4 år;1982;123
Indre By - Østerport;0-4 år;1983;124
Indre By - Østerport;0-4 år;1984;131
Indre By - Østerport;0-4 år;1985;121
Indre By - Østerport;0-4 år;1986;118
Indre By - Østerport;0-4 år;1987;143
Indre By - Østerport;0-4 år;1988;140
Indre By - Østerport;0-4 år;1989;152
Indre By - Østerport;0-4 år;1990;154
Indre By - Østerport;0-4 år;1991;145
Indre By - Østerport;0-4 år;1992;165
Indre By - Østerport;0-4 år;1993;174
Indre By - Østerport;0-4 år;1994;196
Indre By - Østerport;0-4 år;1995;191
Indre By - Østerport;0-4 år;1996;193
Indre By - Østerport;0-4 år;1997;223
Indre By - Østerport;0-4 år;1998;211
Indre By - Østerport;0-4 år;1999;232
Indre By - Østerport;0-4 år;2000;252
Indre By - Østerport;0-4 år;2001;262
Indre By - Østerport;0-4 år;2002;235
Indre By - Østerport;0-4 år;2003;233
Indre By - Østerport;0-4 år;2004;235
Indre By - Østerport;0-4 år;2005;235
Indre By - Østerport;0-4 år;2006;247
Indre By - Østerport;0-4 år;2007;248
Indre By - Østerport;0-4 år;2008;255
Indre By - Østerport;0-4 år;2009;240
Indre By - Østerport;0-4 år;2010;235
Indre By - Østerport;0-4 år;2011;279
Indre By - Østerport;0-4 år;2012;277
Indre By - Østerport;0-4 år;2013;259
Indre By - Østerport;0-4 år;2014;279
Indre By - Østerport;0-4 år;2015;261
Indre By - Østerport;0-4 år;2016;237
Indre By - Østerport;0-4 år;2017;234
Indre By - Østerport;0-4 år;2018;207
Indre By - Østerport;0-4 år;2019;203
Indre By - Østerport;0-4 år;2020;199
Indre By - Østerport;0-4 år;2021;194
Indre By - Østerport;0-4 år;2022;202
Indre By - Østerport;0-4 år;2023;195
Indre By - Østerport;0-4 år;2024;201
Indre By - Østerport;0-4 år;2025;209
Indre By - Frederiksstaden;0-4 år;1977;420
Indre By - Frederiksstaden;0-4 år;1978;391
Indre By - Frederiksstaden;0-4 år;1979;365
Indre By - Frederiksstaden;0-4 år;1980;350
Indre By - Frederiksstaden;0-4 år;1981;316
Indre By - Frederiksstaden;0-4 år;1982;316
Indre By - Frederiksstaden;0-4 år;1983;307
Indre By - Frederiksstaden;0-4 år;1984;298
Indre By - Frederiksstaden;0-4 år;1985;273
Indre By - Frederiksstaden;0-4 år;1986;283
Indre By - Frederiksstaden;0-4 år;1987;263
Indre By - Frederiksstaden;0-4 år;1988;245
Indre By - Frederiksstaden;0-4 år;1989;244
Indre By - Frederiksstaden;0-4 år;1990;275
Indre By - Frederiksstaden;0-4 år;1991;280
Indre By - Frederiksstaden;0-4 år;1992;319
Indre By - Frederiksstaden;0-4 år;1993;327
Indre By - Frederiksstaden;0-4 år;1994;346
Indre By - Frederiksstaden;0-4 år;1995;367
Indre By - Frederiksstaden;0-4 år;1996;359
Indre By - Frederiksstaden;0-4 år;1997;391
Indre By - Frederiksstaden;0-4 år;1998;391
Indre By - Frederiksstaden;0-4 år;1999;375
Indre By - Frederiksstaden;0-4 år;2000;390
Indre By - Frederiksstaden;0-4 år;2001;421
Indre By - Frederiksstaden;0-4 år;2002;405
Indre By - Frederiksstaden;0-4 år;2003;404
Indre By - Frederiksstaden;0-4 år;2004;395
Indre By - Frederiksstaden;0-4 år;2005;384
Indre By - Frederiksstaden;0-4 år;2006;402
Indre By - Frederiksstaden;0-4 år;2007;424
Indre By - Frederiksstaden;0-4 år;2008;423
Indre By - Frederiksstaden;0-4 år;2009;415
Indre By - Frederiksstaden;0-4 år;2010;421
Indre By - Frederiksstaden;0-4 år;2011;397
Indre By - Frederiksstaden;0-4 år;2012;417
Indre By - Frederiksstaden;0-4 år;2013;410
Indre By - Frederiksstaden;0-4 år;2014;383
Indre By - Frederiksstaden;0-4 år;2015;383
Indre By - Frederiksstaden;0-4 år;2016;369
Indre By - Frederiksstaden;0-4 år;2017;377
Indre By - Frederiksstaden;0-4 år;2018;402
Indre By - Frederiksstaden;0-4 år;2019;412
Indre By - Frederiksstaden;0-4 år;2020;432
Indre By - Frederiksstaden;0-4 år;2021;470
Indre By - Frederiksstaden;0-4 år;2022;433
Indre By - Frederiksstaden;0-4 år;2023;394
Indre By - Frederiksstaden;0-4 år;2024;401
Indre By - Frederiksstaden;0-4 år;2025;419
Indre By - Gammelholm og Nyhavn;0-4 år;1977;153
Indre By - Gammelholm og Nyhavn;0-4 år;1978;132
Indre By - Gammelholm og Nyhavn;0-4 år;1979;107
Indre By - Gammelholm og Nyhavn;0-4 år;1980;119
Indre By - Gammelholm og Nyhavn;0-4 år;1981;127
Indre By - Gammelholm og Nyhavn;0-4 år;1982;122
Indre By - Gammelholm og Nyhavn;0-4 år;1983;109
Indre By - Gammelholm og Nyhavn;0-4 år;1984;108
Indre By - Gammelholm og Nyhavn;0-4 år;1985;115
Indre By - Gammelholm og Nyhavn;0-4 år;1986;110
Indre By - Gammelholm og Nyhavn;0-4 år;1987;100
Indre By - Gammelholm og Nyhavn;0-4 år;1988;103
Indre By - Gammelholm og Nyhavn;0-4 år;1989;103
Indre By - Gammelholm og Nyhavn;0-4 år;1990;101
Indre By - Gammelholm og Nyhavn;0-4 år;1991;100
Indre By - Gammelholm og Nyhavn;0-4 år;1992;99
Indre By - Gammelholm og Nyhavn;0-4 år;1993;96
Indre By - Gammelholm og Nyhavn;0-4 år;1994;108
Indre By - Gammelholm og Nyhavn;0-4 år;1995;108
Indre By - Gammelholm og Nyhavn;0-4 år;1996;136
Indre By - Gammelholm og Nyhavn;0-4 år;1997;143
Indre By - Gammelholm og Nyhavn;0-4 år;1998;148
Indre By - Gammelholm og Nyhavn;0-4 år;1999;167
Indre By - Gammelholm og Nyhavn;0-4 år;2000;177
Indre By - Gammelholm og Nyhavn;0-4 år;2001;182
Indre By - Gammelholm og Nyhavn;0-4 år;2002;182
Indre By - Gammelholm og Nyhavn;0-4 år;2003;161
Indre By - Gammelholm og Nyhavn;0-4 år;2004;150
Indre By - Gammelholm og Nyhavn;0-4 år;2005;145
Indre By - Gammelholm og Nyhavn;0-4 år;2006;139
Indre By - Gammelholm og Nyhavn;0-4 år;2007;145
Indre By - Gammelholm og Nyhavn;0-4 år;2008;167
Indre By - Gammelholm og Nyhavn;0-4 år;2009;164
Indre By - Gammelholm og Nyhavn;0-4 år;2010;170
Indre By - Gammelholm og Nyhavn;0-4 år;2011;156
Indre By - Gammelholm og Nyhavn;0-4 år;2012;160
Indre By - Gammelholm og Nyhavn;0-4 år;2013;149
Indre By - Gammelholm og Nyhavn;0-4 år;2014;148
Indre By - Gammelholm og Nyhavn;0-4 år;2015;159
Indre By - Gammelholm og Nyhavn;0-4 år;2016;143
Indre By - Gammelholm og Nyhavn;0-4 år;2017;146
Indre By - Gammelholm og Nyhavn;0-4 år;2018;148
Indre By - Gammelholm og Nyhavn;0-4 år;2019;149
Indre By - Gammelholm og Nyhavn;0-4 år;2020;141
Indre By - Gammelholm og Nyhavn;0-4 år;2021;139
Indre By - Gammelholm og Nyhavn;0-4 år;2022;127
Indre By - Gammelholm og Nyhavn;0-4 år;2023;134
Indre By - Gammelholm og Nyhavn;0-4 år;2024;123
Indre By - Gammelholm og Nyhavn;0-4 år;2025;146
Christianshavn - Neden Vandet;0-4 år;1977;64
Christianshavn - Neden Vandet;0-4 år;1978;67
Christianshavn - Neden Vandet;0-4 år;1979;85
Christianshavn - Neden Vandet;0-4 år;1980;95
Christianshavn - Neden Vandet;0-4 år;1981;90
Christianshavn - Neden Vandet;0-4 år;1982;78
Christianshavn - Neden Vandet;0-4 år;1983;73
Christianshavn - Neden Vandet;0-4 år;1984;60
Christianshavn - Neden Vandet;0-4 år;1985;66
Christianshavn - Neden Vandet;0-4 år;1986;78
Christianshavn - Neden Vandet;0-4 år;1987;80
Christianshavn - Neden Vandet;0-4 år;1988;87
Christianshavn - Neden Vandet;0-4 år;1989;89
Christianshavn - Neden Vandet;0-4 år;1990;104
Christianshavn - Neden Vandet;0-4 år;1991;104
Christianshavn - Neden Vandet;0-4 år;1992;120
Christianshavn - Neden Vandet;0-4 år;1993;113
Christianshavn - Neden Vandet;0-4 år;1994;127
Christianshavn - Neden Vandet;0-4 år;1995;115
Christianshavn - Neden Vandet;0-4 år;1996;99
Christianshavn - Neden Vandet;0-4 år;1997;115
Christianshavn - Neden Vandet;0-4 år;1998;121
Christianshavn - Neden Vandet;0-4 år;1999;143
Christianshavn - Neden Vandet;0-4 år;2000;126
Christianshavn - Neden Vandet;0-4 år;2001;140
Christianshavn - Neden Vandet;0-4 år;2002;150
Christianshavn - Neden Vandet;0-4 år;2003;150
Christianshavn - Neden Vandet;0-4 år;2004;156
Christianshavn - Neden Vandet;0-4 år;2005;163
Christianshavn - Neden Vandet;0-4 år;2006;138
Christianshavn - Neden Vandet;0-4 år;2007;126
Christianshavn - Neden Vandet;0-4 år;2008;136
Christianshavn - Neden Vandet;0-4 år;2009;150
Christianshavn - Neden Vandet;0-4 år;2010;153
Christianshavn - Neden Vandet;0-4 år;2011;176
Christianshavn - Neden Vandet;0-4 år;2012;192
Christianshavn - Neden Vandet;0-4 år;2013;197
Christianshavn - Neden Vandet;0-4 år;2014;191
Christianshavn - Neden Vandet;0-4 år;2015;189
Christianshavn - Neden Vandet;0-4 år;2016;162
Christianshavn - Neden Vandet;0-4 år;2017;177
Christianshavn - Neden Vandet;0-4 år;2018;157
Christianshavn - Neden Vandet;0-4 år;2019;143
Christianshavn - Neden Vandet;0-4 år;2020;131
Christianshavn - Neden Vandet;0-4 år;2021;128
Christianshavn - Neden Vandet;0-4 år;2022;127
Christianshavn - Neden Vandet;0-4 år;2023;129
Christianshavn - Neden Vandet;0-4 år;2024;143
Christianshavn - Neden Vandet;0-4 år;2025;156
Christianshavn - Oven Vandet;0-4 år;1977;286
Christianshavn - Oven Vandet;0-4 år;1978;309
Christianshavn - Oven Vandet;0-4 år;1979;295
Christianshavn - Oven Vandet;0-4 år;1980;288
Christianshavn - Oven Vandet;0-4 år;1981;280
Christianshavn - Oven Vandet;0-4 år;1982;299
Christianshavn - Oven Vandet;0-4 år;1983;278
Christianshavn - Oven Vandet;0-4 år;1984;274
Christianshavn - Oven Vandet;0-4 år;1985;281
Christianshavn - Oven Vandet;0-4 år;1986;258
Christianshavn - Oven Vandet;0-4 år;1987;263
Christianshavn - Oven Vandet;0-4 år;1988;268
Christianshavn - Oven Vandet;0-4 år;1989;278
Christianshavn - Oven Vandet;0-4 år;1990;314
Christianshavn - Oven Vandet;0-4 år;1991;311
Christianshavn - Oven Vandet;0-4 år;1992;296
Christianshavn - Oven Vandet;0-4 år;1993;339
Christianshavn - Oven Vandet;0-4 år;1994;331
Christianshavn - Oven Vandet;0-4 år;1995;342
Christianshavn - Oven Vandet;0-4 år;1996;354
Christianshavn - Oven Vandet;0-4 år;1997;363
Christianshavn - Oven Vandet;0-4 år;1998;358
Christianshavn - Oven Vandet;0-4 år;1999;342
Christianshavn - Oven Vandet;0-4 år;2000;350
Christianshavn - Oven Vandet;0-4 år;2001;378
Christianshavn - Oven Vandet;0-4 år;2002;363
Christianshavn - Oven Vandet;0-4 år;2003;372
Christianshavn - Oven Vandet;0-4 år;2004;377
Christianshavn - Oven Vandet;0-4 år;2005;378
Christianshavn - Oven Vandet;0-4 år;2006;341
Christianshavn - Oven Vandet;0-4 år;2007;309
Christianshavn - Oven Vandet;0-4 år;2008;301
Christianshavn - Oven Vandet;0-4 år;2009;315
Christianshavn - Oven Vandet;0-4 år;2010;336
Christianshavn - Oven Vandet;0-4 år;2011;331
Christianshavn - Oven Vandet;0-4 år;2012;322
Christianshavn - Oven Vandet;0-4 år;2013;324
Christianshavn - Oven Vandet;0-4 år;2014;322
Christianshavn - Oven Vandet;0-4 år;2015;316
Christianshavn - Oven Vandet;0-4 år;2016;310
Christianshavn - Oven Vandet;0-4 år;2017;347
Christianshavn - Oven Vandet;0-4 år;2018;342
Christianshavn - Oven Vandet;0-4 år;2019;348
Christianshavn - Oven Vandet;0-4 år;2020;323
Christianshavn - Oven Vandet;0-4 år;2021;319
Christianshavn - Oven Vandet;0-4 år;2022;293
Christianshavn - Oven Vandet;0-4 år;2023;311
Christianshavn - Oven Vandet;0-4 år;2024;294
Christianshavn - Oven Vandet;0-4 år;2025;291
Christianshavn - Holmen og Refshaleøen;0-4 år;1977;0
Christianshavn - Holmen og Refshaleøen;0-4 år;1978;0
Christianshavn - Holmen og Refshaleøen;0-4 år;1979;0
Christianshavn - Holmen og Refshaleøen;0-4 år;1980;0
Christianshavn - Holmen og Refshaleøen;0-4 år;1981;0
Christianshavn - Holmen og Refshaleøen;0-4 år;1982;1
Christianshavn - Holmen og Refshaleøen;0-4 år;1983;0
Christianshavn - Holmen og Refshaleøen;0-4 år;1984;0
Christianshavn - Holmen og Refshaleøen;0-4 år;1985;1
Christianshavn - Holmen og Refshaleøen;0-4 år;1986;1
Christianshavn - Holmen og Refshaleøen;0-4 år;1987;1
Christianshavn - Holmen og Refshaleøen;0-4 år;1988;0
Christianshavn - Holmen og Refshaleøen;0-4 år;1989;0
Christianshavn - Holmen og Refshaleøen;0-4 år;1990;0
Christianshavn - Holmen og Refshaleøen;0-4 år;1991;0
Christianshavn - Holmen og Refshaleøen;0-4 år;1992;0
Christianshavn - Holmen og Refshaleøen;0-4 år;1993;0
Christianshavn - Holmen og Refshaleøen;0-4 år;1994;0
Christianshavn - Holmen og Refshaleøen;0-4 år;1995;0
Christianshavn - Holmen og Refshaleøen;0-4 år;1996;0
Christianshavn - Holmen og Refshaleøen;0-4 år;1997;1
Christianshavn - Holmen og Refshaleøen;0-4 år;1998;3
Christianshavn - Holmen og Refshaleøen;0-4 år;1999;4
Christianshavn - Holmen og Refshaleøen;0-4 år;2000;4
Christianshavn - Holmen og Refshaleøen;0-4 år;2001;15
Christianshavn - Holmen og Refshaleøen;0-4 år;2002;27
Christianshavn - Holmen og Refshaleøen;0-4 år;2003;45
Christianshavn - Holmen og Refshaleøen;0-4 år;2004;81
Christianshavn - Holmen og Refshaleøen;0-4 år;2005;92
Christianshavn - Holmen og Refshaleøen;0-4 år;2006;108
Christianshavn - Holmen og Refshaleøen;0-4 år;2007;128
Christianshavn - Holmen og Refshaleøen;0-4 år;2008;126
Christianshavn - Holmen og Refshaleøen;0-4 år;2009;138
Christianshavn - Holmen og Refshaleøen;0-4 år;2010;141
Christianshavn - Holmen og Refshaleøen;0-4 år;2011;119
Christianshavn - Holmen og Refshaleøen;0-4 år;2012;119
Christianshavn - Holmen og Refshaleøen;0-4 år;2013;139
Christianshavn - Holmen og Refshaleøen;0-4 år;2014;139
Christianshavn - Holmen og Refshaleøen;0-4 år;2015;187
Christianshavn - Holmen og Refshaleøen;0-4 år;2016;256
Christianshavn - Holmen og Refshaleøen;0-4 år;2017;268
Christianshavn - Holmen og Refshaleøen;0-4 år;2018;279
Christianshavn - Holmen og Refshaleøen;0-4 år;2019;292
Christianshavn - Holmen og Refshaleøen;0-4 år;2020;306
Christianshavn - Holmen og Refshaleøen;0-4 år;2021;282
Christianshavn - Holmen og Refshaleøen;0-4 år;2022;264
Christianshavn - Holmen og Refshaleøen;0-4 år;2023;249
Christianshavn - Holmen og Refshaleøen;0-4 år;2024;216
Christianshavn - Holmen og Refshaleøen;0-4 år;2025;222
Østerbro - Nord/Komponistkvarteret;0-4 år;1977;181
Østerbro - Nord/Komponistkvarteret;0-4 år;1978;165
Østerbro - Nord/Komponistkvarteret;0-4 år;1979;153
Østerbro - Nord/Komponistkvarteret;0-4 år;1980;132
Østerbro - Nord/Komponistkvarteret;0-4 år;1981;140
Østerbro - Nord/Komponistkvarteret;0-4 år;1982;143
Østerbro - Nord/Komponistkvarteret;0-4 år;1983;137
Østerbro - Nord/Komponistkvarteret;0-4 år;1984;135
Østerbro - Nord/Komponistkvarteret;0-4 år;1985;140
Østerbro - Nord/Komponistkvarteret;0-4 år;1986;129
Østerbro - Nord/Komponistkvarteret;0-4 år;1987;123
Østerbro - Nord/Komponistkvarteret;0-4 år;1988;122
Østerbro - Nord/Komponistkvarteret;0-4 år;1989;125
Østerbro - Nord/Komponistkvarteret;0-4 år;1990;123
Østerbro - Nord/Komponistkvarteret;0-4 år;1991;124
Østerbro - Nord/Komponistkvarteret;0-4 år;1992;125
Østerbro - Nord/Komponistkvarteret;0-4 år;1993;135
Østerbro - Nord/Komponistkvarteret;0-4 år;1994;156
Østerbro - Nord/Komponistkvarteret;0-4 år;1995;172
Østerbro - Nord/Komponistkvarteret;0-4 år;1996;195
Østerbro - Nord/Komponistkvarteret;0-4 år;1997;190
Østerbro - Nord/Komponistkvarteret;0-4 år;1998;201
Østerbro - Nord/Komponistkvarteret;0-4 år;1999;216
Østerbro - Nord/Komponistkvarteret;0-4 år;2000;188
Østerbro - Nord/Komponistkvarteret;0-4 år;2001;184
Østerbro - Nord/Komponistkvarteret;0-4 år;2002;196
Østerbro - Nord/Komponistkvarteret;0-4 år;2003;206
Østerbro - Nord/Komponistkvarteret;0-4 år;2004;225
Østerbro - Nord/Komponistkvarteret;0-4 år;2005;239
Østerbro - Nord/Komponistkvarteret;0-4 år;2006;237
Østerbro - Nord/Komponistkvarteret;0-4 år;2007;200
Østerbro - Nord/Komponistkvarteret;0-4 år;2008;190
Østerbro - Nord/Komponistkvarteret;0-4 år;2009;197
Østerbro - Nord/Komponistkvarteret;0-4 år;2010;203
Østerbro - Nord/Komponistkvarteret;0-4 år;2011;199
Østerbro - Nord/Komponistkvarteret;0-4 år;2012;212
Østerbro - Nord/Komponistkvarteret;0-4 år;2013;214
Østerbro - Nord/Komponistkvarteret;0-4 år;2014;219
Østerbro - Nord/Komponistkvarteret;0-4 år;2015;237
Østerbro - Nord/Komponistkvarteret;0-4 år;2016;212
Østerbro - Nord/Komponistkvarteret;0-4 år;2017;211
Østerbro - Nord/Komponistkvarteret;0-4 år;2018;218
Østerbro - Nord/Komponistkvarteret;0-4 år;2019;206
Østerbro - Nord/Komponistkvarteret;0-4 år;2020;226
Østerbro - Nord/Komponistkvarteret;0-4 år;2021;233
Østerbro - Nord/Komponistkvarteret;0-4 år;2022;220
Østerbro - Nord/Komponistkvarteret;0-4 år;2023;216
Østerbro - Nord/Komponistkvarteret;0-4 år;2024;244
Østerbro - Nord/Komponistkvarteret;0-4 år;2025;225
Østerbro - Svanemøllen Syd/Øst;0-4 år;1977;433
Østerbro - Svanemøllen Syd/Øst;0-4 år;1978;403
Østerbro - Svanemøllen Syd/Øst;0-4 år;1979;420
Østerbro - Svanemøllen Syd/Øst;0-4 år;1980;425
Østerbro - Svanemøllen Syd/Øst;0-4 år;1981;411
Østerbro - Svanemøllen Syd/Øst;0-4 år;1982;408
Østerbro - Svanemøllen Syd/Øst;0-4 år;1983;387
Østerbro - Svanemøllen Syd/Øst;0-4 år;1984;352
Østerbro - Svanemøllen Syd/Øst;0-4 år;1985;330
Østerbro - Svanemøllen Syd/Øst;0-4 år;1986;298
Østerbro - Svanemøllen Syd/Øst;0-4 år;1987;281
Østerbro - Svanemøllen Syd/Øst;0-4 år;1988;275
Østerbro - Svanemøllen Syd/Øst;0-4 år;1989;344
Østerbro - Svanemøllen Syd/Øst;0-4 år;1990;370
Østerbro - Svanemøllen Syd/Øst;0-4 år;1991;379
Østerbro - Svanemøllen Syd/Øst;0-4 år;1992;393
Østerbro - Svanemøllen Syd/Øst;0-4 år;1993;412
Østerbro - Svanemøllen Syd/Øst;0-4 år;1994;416
Østerbro - Svanemøllen Syd/Øst;0-4 år;1995;420
Østerbro - Svanemøllen Syd/Øst;0-4 år;1996;469
Østerbro - Svanemøllen Syd/Øst;0-4 år;1997;474
Østerbro - Svanemøllen Syd/Øst;0-4 år;1998;485
Østerbro - Svanemøllen Syd/Øst;0-4 år;1999;478
Østerbro - Svanemøllen Syd/Øst;0-4 år;2000;470
Østerbro - Svanemøllen Syd/Øst;0-4 år;2001;498
Østerbro - Svanemøllen Syd/Øst;0-4 år;2002;535
Østerbro - Svanemøllen Syd/Øst;0-4 år;2003;513
Østerbro - Svanemøllen Syd/Øst;0-4 år;2004;537
Østerbro - Svanemøllen Syd/Øst;0-4 år;2005;540
Østerbro - Svanemøllen Syd/Øst;0-4 år;2006;502
Østerbro - Svanemøllen Syd/Øst;0-4 år;2007;509
Østerbro - Svanemøllen Syd/Øst;0-4 år;2008;504
Østerbro - Svanemøllen Syd/Øst;0-4 år;2009;524
Østerbro - Svanemøllen Syd/Øst;0-4 år;2010;539
Østerbro - Svanemøllen Syd/Øst;0-4 år;2011;543
Østerbro - Svanemøllen Syd/Øst;0-4 år;2012;549
Østerbro - Svanemøllen Syd/Øst;0-4 år;2013;564
Østerbro - Svanemøllen Syd/Øst;0-4 år;2014;538
Østerbro - Svanemøllen Syd/Øst;0-4 år;2015;572
Østerbro - Svanemøllen Syd/Øst;0-4 år;2016;605
Østerbro - Svanemøllen Syd/Øst;0-4 år;2017;610
Østerbro - Svanemøllen Syd/Øst;0-4 år;2018;576
Østerbro - Svanemøllen Syd/Øst;0-4 år;2019;604
Østerbro - Svanemøllen Syd/Øst;0-4 år;2020;566
Østerbro - Svanemøllen Syd/Øst;0-4 år;2021;541
Østerbro - Svanemøllen Syd/Øst;0-4 år;2022;527
Østerbro - Svanemøllen Syd/Øst;0-4 år;2023;496
Østerbro - Svanemøllen Syd/Øst;0-4 år;2024;518
Østerbro - Svanemøllen Syd/Øst;0-4 år;2025;522
Østerbro - Århusgade Nord;0-4 år;1977;506
Østerbro - Århusgade Nord;0-4 år;1978;479
Østerbro - Århusgade Nord;0-4 år;1979;440
Østerbro - Århusgade Nord;0-4 år;1980;412
Østerbro - Århusgade Nord;0-4 år;1981;401
Østerbro - Århusgade Nord;0-4 år;1982;390
Østerbro - Århusgade Nord;0-4 år;1983;386
Østerbro - Århusgade Nord;0-4 år;1984;361
Østerbro - Århusgade Nord;0-4 år;1985;345
Østerbro - Århusgade Nord;0-4 år;1986;318
Østerbro - Århusgade Nord;0-4 år;1987;312
Østerbro - Århusgade Nord;0-4 år;1988;327
Østerbro - Århusgade Nord;0-4 år;1989;360
Østerbro - Århusgade Nord;0-4 år;1990;393
Østerbro - Århusgade Nord;0-4 år;1991;377
Østerbro - Århusgade Nord;0-4 år;1992;387
Østerbro - Århusgade Nord;0-4 år;1993;420
Østerbro - Århusgade Nord;0-4 år;1994;395
Østerbro - Århusgade Nord;0-4 år;1995;418
Østerbro - Århusgade Nord;0-4 år;1996;383
Østerbro - Århusgade Nord;0-4 år;1997;468
Østerbro - Århusgade Nord;0-4 år;1998;466
Østerbro - Århusgade Nord;0-4 år;1999;514
Østerbro - Århusgade Nord;0-4 år;2000;507
Østerbro - Århusgade Nord;0-4 år;2001;505
Østerbro - Århusgade Nord;0-4 år;2002;496
Østerbro - Århusgade Nord;0-4 år;2003;491
Østerbro - Århusgade Nord;0-4 år;2004;490
Østerbro - Århusgade Nord;0-4 år;2005;537
Østerbro - Århusgade Nord;0-4 år;2006;540
Østerbro - Århusgade Nord;0-4 år;2007;542
Østerbro - Århusgade Nord;0-4 år;2008;526
Østerbro - Århusgade Nord;0-4 år;2009;549
Østerbro - Århusgade Nord;0-4 år;2010;556
Østerbro - Århusgade Nord;0-4 år;2011;521
Østerbro - Århusgade Nord;0-4 år;2012;566
Østerbro - Århusgade Nord;0-4 år;2013;560
Østerbro - Århusgade Nord;0-4 år;2014;581
Østerbro - Århusgade Nord;0-4 år;2015;546
Østerbro - Århusgade Nord;0-4 år;2016;530
Østerbro - Århusgade Nord;0-4 år;2017;493
Østerbro - Århusgade Nord;0-4 år;2018;555
Østerbro - Århusgade Nord;0-4 år;2019;583
Østerbro - Århusgade Nord;0-4 år;2020;588
Østerbro - Århusgade Nord;0-4 år;2021;565
Østerbro - Århusgade Nord;0-4 år;2022;500
Østerbro - Århusgade Nord;0-4 år;2023;524
Østerbro - Århusgade Nord;0-4 år;2024;511
Østerbro - Århusgade Nord;0-4 år;2025;508
Østerbro - Århusgade Syd;0-4 år;1977;583
Østerbro - Århusgade Syd;0-4 år;1978;494
Østerbro - Århusgade Syd;0-4 år;1979;473
Østerbro - Århusgade Syd;0-4 år;1980;412
Østerbro - Århusgade Syd;0-4 år;1981;375
Østerbro - Århusgade Syd;0-4 år;1982;390
Østerbro - Århusgade Syd;0-4 år;1983;380
Østerbro - Århusgade Syd;0-4 år;1984;403
Østerbro - Århusgade Syd;0-4 år;1985;363
Østerbro - Århusgade Syd;0-4 år;1986;385
Østerbro - Århusgade Syd;0-4 år;1987;388
Østerbro - Århusgade Syd;0-4 år;1988;408
Østerbro - Århusgade Syd;0-4 år;1989;420
Østerbro - Århusgade Syd;0-4 år;1990;450
Østerbro - Århusgade Syd;0-4 år;1991;452
Østerbro - Århusgade Syd;0-4 år;1992;465
Østerbro - Århusgade Syd;0-4 år;1993;484
Østerbro - Århusgade Syd;0-4 år;1994;527
Østerbro - Århusgade Syd;0-4 år;1995;580
Østerbro - Århusgade Syd;0-4 år;1996;610
Østerbro - Århusgade Syd;0-4 år;1997;629
Østerbro - Århusgade Syd;0-4 år;1998;640
Østerbro - Århusgade Syd;0-4 år;1999;675
Østerbro - Århusgade Syd;0-4 år;2000;710
Østerbro - Århusgade Syd;0-4 år;2001;738
Østerbro - Århusgade Syd;0-4 år;2002;799
Østerbro - Århusgade Syd;0-4 år;2003;788
Østerbro - Århusgade Syd;0-4 år;2004;755
Østerbro - Århusgade Syd;0-4 år;2005;771
Østerbro - Århusgade Syd;0-4 år;2006;750
Østerbro - Århusgade Syd;0-4 år;2007;784
Østerbro - Århusgade Syd;0-4 år;2008;819
Østerbro - Århusgade Syd;0-4 år;2009;844
Østerbro - Århusgade Syd;0-4 år;2010;859
Østerbro - Århusgade Syd;0-4 år;2011;838
Østerbro - Århusgade Syd;0-4 år;2012;803
Østerbro - Århusgade Syd;0-4 år;2013;790
Østerbro - Århusgade Syd;0-4 år;2014;782
Østerbro - Århusgade Syd;0-4 år;2015;766
Østerbro - Århusgade Syd;0-4 år;2016;758
Østerbro - Århusgade Syd;0-4 år;2017;779
Østerbro - Århusgade Syd;0-4 år;2018;757
Østerbro - Århusgade Syd;0-4 år;2019;734
Østerbro - Århusgade Syd;0-4 år;2020;734
Østerbro - Århusgade Syd;0-4 år;2021;709
Østerbro - Århusgade Syd;0-4 år;2022;670
Østerbro - Århusgade Syd;0-4 år;2023;623
Østerbro - Århusgade Syd;0-4 år;2024;618
Østerbro - Århusgade Syd;0-4 år;2025;625
Østerbro - Rosenvænget;0-4 år;1977;484
Østerbro - Rosenvænget;0-4 år;1978;460
Østerbro - Rosenvænget;0-4 år;1979;450
Østerbro - Rosenvænget;0-4 år;1980;410
Østerbro - Rosenvænget;0-4 år;1981;413
Østerbro - Rosenvænget;0-4 år;1982;389
Østerbro - Rosenvænget;0-4 år;1983;393
Østerbro - Rosenvænget;0-4 år;1984;379
Østerbro - Rosenvænget;0-4 år;1985;355
Østerbro - Rosenvænget;0-4 år;1986;366
Østerbro - Rosenvænget;0-4 år;1987;347
Østerbro - Rosenvænget;0-4 år;1988;352
Østerbro - Rosenvænget;0-4 år;1989;347
Østerbro - Rosenvænget;0-4 år;1990;383
Østerbro - Rosenvænget;0-4 år;1991;392
Østerbro - Rosenvænget;0-4 år;1992;407
Østerbro - Rosenvænget;0-4 år;1993;426
Østerbro - Rosenvænget;0-4 år;1994;474
Østerbro - Rosenvænget;0-4 år;1995;475
Østerbro - Rosenvænget;0-4 år;1996;487
Østerbro - Rosenvænget;0-4 år;1997;505
Østerbro - Rosenvænget;0-4 år;1998;557
Østerbro - Rosenvænget;0-4 år;1999;590
Østerbro - Rosenvænget;0-4 år;2000;602
Østerbro - Rosenvænget;0-4 år;2001;657
Østerbro - Rosenvænget;0-4 år;2002;654
Østerbro - Rosenvænget;0-4 år;2003;679
Østerbro - Rosenvænget;0-4 år;2004;681
Østerbro - Rosenvænget;0-4 år;2005;671
Østerbro - Rosenvænget;0-4 år;2006;638
Østerbro - Rosenvænget;0-4 år;2007;607
Østerbro - Rosenvænget;0-4 år;2008;647
Østerbro - Rosenvænget;0-4 år;2009;674
Østerbro - Rosenvænget;0-4 år;2010;708
Østerbro - Rosenvænget;0-4 år;2011;751
Østerbro - Rosenvænget;0-4 år;2012;702
Østerbro - Rosenvænget;0-4 år;2013;679
Østerbro - Rosenvænget;0-4 år;2014;677
Østerbro - Rosenvænget;0-4 år;2015;641
Østerbro - Rosenvænget;0-4 år;2016;638
Østerbro - Rosenvænget;0-4 år;2017;638
Østerbro - Rosenvænget;0-4 år;2018;645
Østerbro - Rosenvænget;0-4 år;2019;620
Østerbro - Rosenvænget;0-4 år;2020;603
Østerbro - Rosenvænget;0-4 år;2021;579
Østerbro - Rosenvænget;0-4 år;2022;573
Østerbro - Rosenvænget;0-4 år;2023;549
Østerbro - Rosenvænget;0-4 år;2024;541
Østerbro - Rosenvænget;0-4 år;2025;528
Østerbro - Ny Ryvang;0-4 år;1977;283
Østerbro - Ny Ryvang;0-4 år;1978;295
Østerbro - Ny Ryvang;0-4 år;1979;285
Østerbro - Ny Ryvang;0-4 år;1980;97
Østerbro - Ny Ryvang;0-4 år;1981;99
Østerbro - Ny Ryvang;0-4 år;1982;187
Østerbro - Ny Ryvang;0-4 år;1983;179
Østerbro - Ny Ryvang;0-4 år;1984;163
Østerbro - Ny Ryvang;0-4 år;1985;159
Østerbro - Ny Ryvang;0-4 år;1986;149
Østerbro - Ny Ryvang;0-4 år;1987;142
Østerbro - Ny Ryvang;0-4 år;1988;136
Østerbro - Ny Ryvang;0-4 år;1989;134
Østerbro - Ny Ryvang;0-4 år;1990;142
Østerbro - Ny Ryvang;0-4 år;1991;151
Østerbro - Ny Ryvang;0-4 år;1992;150
Østerbro - Ny Ryvang;0-4 år;1993;164
Østerbro - Ny Ryvang;0-4 år;1994;176
Østerbro - Ny Ryvang;0-4 år;1995;173
Østerbro - Ny Ryvang;0-4 år;1996;177
Østerbro - Ny Ryvang;0-4 år;1997;176
Østerbro - Ny Ryvang;0-4 år;1998;174
Østerbro - Ny Ryvang;0-4 år;1999;175
Østerbro - Ny Ryvang;0-4 år;2000;165
Østerbro - Ny Ryvang;0-4 år;2001;144
Østerbro - Ny Ryvang;0-4 år;2002;157
Østerbro - Ny Ryvang;0-4 år;2003;162
Østerbro - Ny Ryvang;0-4 år;2004;160
Østerbro - Ny Ryvang;0-4 år;2005;164
Østerbro - Ny Ryvang;0-4 år;2006;172
Østerbro - Ny Ryvang;0-4 år;2007;176
Østerbro - Ny Ryvang;0-4 år;2008;164
Østerbro - Ny Ryvang;0-4 år;2009;162
Østerbro - Ny Ryvang;0-4 år;2010;180
Østerbro - Ny Ryvang;0-4 år;2011;212
Østerbro - Ny Ryvang;0-4 år;2012;200
Østerbro - Ny Ryvang;0-4 år;2013;190
Østerbro - Ny Ryvang;0-4 år;2014;186
Østerbro - Ny Ryvang;0-4 år;2015;184
Østerbro - Ny Ryvang;0-4 år;2016;175
Østerbro - Ny Ryvang;0-4 år;2017;185
Østerbro - Ny Ryvang;0-4 år;2018;166
Østerbro - Ny Ryvang;0-4 år;2019;167
Østerbro - Ny Ryvang;0-4 år;2020;162
Østerbro - Ny Ryvang;0-4 år;2021;158
Østerbro - Ny Ryvang;0-4 år;2022;152
Østerbro - Ny Ryvang;0-4 år;2023;152
Østerbro - Ny Ryvang;0-4 år;2024;148
Østerbro - Ny Ryvang;0-4 år;2025;153
Østerbro - Nord;0-4 år;1977;163
Østerbro - Nord;0-4 år;1978;151
Østerbro - Nord;0-4 år;1979;128
Østerbro - Nord;0-4 år;1980;118
Østerbro - Nord;0-4 år;1981;138
Østerbro - Nord;0-4 år;1982;123
Østerbro - Nord;0-4 år;1983;132
Østerbro - Nord;0-4 år;1984;143
Østerbro - Nord;0-4 år;1985;148
Østerbro - Nord;0-4 år;1986;150
Østerbro - Nord;0-4 år;1987;148
Østerbro - Nord;0-4 år;1988;146
Østerbro - Nord;0-4 år;1989;142
Østerbro - Nord;0-4 år;1990;134
Østerbro - Nord;0-4 år;1991;163
Østerbro - Nord;0-4 år;1992;180
Østerbro - Nord;0-4 år;1993;181
Østerbro - Nord;0-4 år;1994;188
Østerbro - Nord;0-4 år;1995;210
Østerbro - Nord;0-4 år;1996;202
Østerbro - Nord;0-4 år;1997;221
Østerbro - Nord;0-4 år;1998;242
Østerbro - Nord;0-4 år;1999;215
Østerbro - Nord;0-4 år;2000;227
Østerbro - Nord;0-4 år;2001;223
Østerbro - Nord;0-4 år;2002;230
Østerbro - Nord;0-4 år;2003;239
Østerbro - Nord;0-4 år;2004;236
Østerbro - Nord;0-4 år;2005;219
Østerbro - Nord;0-4 år;2006;228
Østerbro - Nord;0-4 år;2007;245
Østerbro - Nord;0-4 år;2008;242
Østerbro - Nord;0-4 år;2009;246
Østerbro - Nord;0-4 år;2010;239
Østerbro - Nord;0-4 år;2011;254
Østerbro - Nord;0-4 år;2012;264
Østerbro - Nord;0-4 år;2013;259
Østerbro - Nord;0-4 år;2014;266
Østerbro - Nord;0-4 år;2015;233
Østerbro - Nord;0-4 år;2016;223
Østerbro - Nord;0-4 år;2017;213
Østerbro - Nord;0-4 år;2018;221
Østerbro - Nord;0-4 år;2019;205
Østerbro - Nord;0-4 år;2020;207
Østerbro - Nord;0-4 år;2021;228
Østerbro - Nord;0-4 år;2022;218
Østerbro - Nord;0-4 år;2023;222
Østerbro - Nord;0-4 år;2024;215
Østerbro - Nord;0-4 år;2025;200
Østerbro - Nordhavn;0-4 år;1977;0
Østerbro - Nordhavn;0-4 år;1978;0
Østerbro - Nordhavn;0-4 år;1979;0
Østerbro - Nordhavn;0-4 år;1980;1
Østerbro - Nordhavn;0-4 år;1981;1
Østerbro - Nordhavn;0-4 år;1982;2
Østerbro - Nordhavn;0-4 år;1983;2
Østerbro - Nordhavn;0-4 år;1984;1
Østerbro - Nordhavn;0-4 år;1985;2
Østerbro - Nordhavn;0-4 år;1986;1
Østerbro - Nordhavn;0-4 år;1987;0
Østerbro - Nordhavn;0-4 år;1988;0
Østerbro - Nordhavn;0-4 år;1989;0
Østerbro - Nordhavn;0-4 år;1990;1
Østerbro - Nordhavn;0-4 år;1991;1
Østerbro - Nordhavn;0-4 år;1992;1
Østerbro - Nordhavn;0-4 år;1993;1
Østerbro - Nordhavn;0-4 år;1994;0
Østerbro - Nordhavn;0-4 år;1995;7
Østerbro - Nordhavn;0-4 år;1996;12
Østerbro - Nordhavn;0-4 år;1997;12
Østerbro - Nordhavn;0-4 år;1998;14
Østerbro - Nordhavn;0-4 år;1999;15
Østerbro - Nordhavn;0-4 år;2000;24
Østerbro - Nordhavn;0-4 år;2001;25
Østerbro - Nordhavn;0-4 år;2002;26
Østerbro - Nordhavn;0-4 år;2003;29
Østerbro - Nordhavn;0-4 år;2004;32
Østerbro - Nordhavn;0-4 år;2005;20
Østerbro - Nordhavn;0-4 år;2006;25
Østerbro - Nordhavn;0-4 år;2007;37
Østerbro - Nordhavn;0-4 år;2008;74
Østerbro - Nordhavn;0-4 år;2009;115
Østerbro - Nordhavn;0-4 år;2010;159
Østerbro - Nordhavn;0-4 år;2011;191
Østerbro - Nordhavn;0-4 år;2012;188
Østerbro - Nordhavn;0-4 år;2013;178
Østerbro - Nordhavn;0-4 år;2014;195
Østerbro - Nordhavn;0-4 år;2015;179
Østerbro - Nordhavn;0-4 år;2016;204
Østerbro - Nordhavn;0-4 år;2017;287
Østerbro - Nordhavn;0-4 år;2018;348
Østerbro - Nordhavn;0-4 år;2019;390
Østerbro - Nordhavn;0-4 år;2020;449
Østerbro - Nordhavn;0-4 år;2021;465
Østerbro - Nordhavn;0-4 år;2022;432
Østerbro - Nordhavn;0-4 år;2023;441
Østerbro - Nordhavn;0-4 år;2024;464
Østerbro - Nordhavn;0-4 år;2025;461
Østerbro - Lyngbyvej Vest;0-4 år;1977;141
Østerbro - Lyngbyvej Vest;0-4 år;1978;128
Østerbro - Lyngbyvej Vest;0-4 år;1979;128
Østerbro - Lyngbyvej Vest;0-4 år;1980;137
Østerbro - Lyngbyvej Vest;0-4 år;1981;126
Østerbro - Lyngbyvej Vest;0-4 år;1982;141
Østerbro - Lyngbyvej Vest;0-4 år;1983;147
Østerbro - Lyngbyvej Vest;0-4 år;1984;133
Østerbro - Lyngbyvej Vest;0-4 år;1985;131
Østerbro - Lyngbyvej Vest;0-4 år;1986;142
Østerbro - Lyngbyvej Vest;0-4 år;1987;137
Østerbro - Lyngbyvej Vest;0-4 år;1988;135
Østerbro - Lyngbyvej Vest;0-4 år;1989;133
Østerbro - Lyngbyvej Vest;0-4 år;1990;148
Østerbro - Lyngbyvej Vest;0-4 år;1991;201
Østerbro - Lyngbyvej Vest;0-4 år;1992;215
Østerbro - Lyngbyvej Vest;0-4 år;1993;200
Østerbro - Lyngbyvej Vest;0-4 år;1994;238
Østerbro - Lyngbyvej Vest;0-4 år;1995;248
Østerbro - Lyngbyvej Vest;0-4 år;1996;235
Østerbro - Lyngbyvej Vest;0-4 år;1997;250
Østerbro - Lyngbyvej Vest;0-4 år;1998;249
Østerbro - Lyngbyvej Vest;0-4 år;1999;246
Østerbro - Lyngbyvej Vest;0-4 år;2000;230
Østerbro - Lyngbyvej Vest;0-4 år;2001;228
Østerbro - Lyngbyvej Vest;0-4 år;2002;234
Østerbro - Lyngbyvej Vest;0-4 år;2003;219
Østerbro - Lyngbyvej Vest;0-4 år;2004;238
Østerbro - Lyngbyvej Vest;0-4 år;2005;243
Østerbro - Lyngbyvej Vest;0-4 år;2006;250
Østerbro - Lyngbyvej Vest;0-4 år;2007;255
Østerbro - Lyngbyvej Vest;0-4 år;2008;239
Østerbro - Lyngbyvej Vest;0-4 år;2009;261
Østerbro - Lyngbyvej Vest;0-4 år;2010;285
Østerbro - Lyngbyvej Vest;0-4 år;2011;298
Østerbro - Lyngbyvej Vest;0-4 år;2012;314
Østerbro - Lyngbyvej Vest;0-4 år;2013;336
Østerbro - Lyngbyvej Vest;0-4 år;2014;327
Østerbro - Lyngbyvej Vest;0-4 år;2015;308
Østerbro - Lyngbyvej Vest;0-4 år;2016;310
Østerbro - Lyngbyvej Vest;0-4 år;2017;333
Østerbro - Lyngbyvej Vest;0-4 år;2018;322
Østerbro - Lyngbyvej Vest;0-4 år;2019;328
Østerbro - Lyngbyvej Vest;0-4 år;2020;334
Østerbro - Lyngbyvej Vest;0-4 år;2021;329
Østerbro - Lyngbyvej Vest;0-4 år;2022;327
Østerbro - Lyngbyvej Vest;0-4 år;2023;329
Østerbro - Lyngbyvej Vest;0-4 år;2024;345
Østerbro - Lyngbyvej Vest;0-4 år;2025;344
Østerbro - Lyngbyvej Øst/Klimakvarteret;0-4 år;1977;243
Østerbro - Lyngbyvej Øst/Klimakvarteret;0-4 år;1978;224
Østerbro - Lyngbyvej Øst/Klimakvarteret;0-4 år;1979;212
Østerbro - Lyngbyvej Øst/Klimakvarteret;0-4 år;1980;234
Østerbro - Lyngbyvej Øst/Klimakvarteret;0-4 år;1981;248
Østerbro - Lyngbyvej Øst/Klimakvarteret;0-4 år;1982;226
Østerbro - Lyngbyvej Øst/Klimakvarteret;0-4 år;1983;199
Østerbro - Lyngbyvej Øst/Klimakvarteret;0-4 år;1984;198
Østerbro - Lyngbyvej Øst/Klimakvarteret;0-4 år;1985;171
Østerbro - Lyngbyvej Øst/Klimakvarteret;0-4 år;1986;179
Østerbro - Lyngbyvej Øst/Klimakvarteret;0-4 år;1987;189
Østerbro - Lyngbyvej Øst/Klimakvarteret;0-4 år;1988;181
Østerbro - Lyngbyvej Øst/Klimakvarteret;0-4 år;1989;209
Østerbro - Lyngbyvej Øst/Klimakvarteret;0-4 år;1990;223
Østerbro - Lyngbyvej Øst/Klimakvarteret;0-4 år;1991;232
Østerbro - Lyngbyvej Øst/Klimakvarteret;0-4 år;1992;249
Østerbro - Lyngbyvej Øst/Klimakvarteret;0-4 år;1993;288
Østerbro - Lyngbyvej Øst/Klimakvarteret;0-4 år;1994;302
Østerbro - Lyngbyvej Øst/Klimakvarteret;0-4 år;1995;288
Østerbro - Lyngbyvej Øst/Klimakvarteret;0-4 år;1996;299
Østerbro - Lyngbyvej Øst/Klimakvarteret;0-4 år;1997;301
Østerbro - Lyngbyvej Øst/Klimakvarteret;0-4 år;1998;324
Østerbro - Lyngbyvej Øst/Klimakvarteret;0-4 år;1999;328
Østerbro - Lyngbyvej Øst/Klimakvarteret;0-4 år;2000;313
Østerbro - Lyngbyvej Øst/Klimakvarteret;0-4 år;2001;335
Østerbro - Lyngbyvej Øst/Klimakvarteret;0-4 år;2002;340
Østerbro - Lyngbyvej Øst/Klimakvarteret;0-4 år;2003;382
Østerbro - Lyngbyvej Øst/Klimakvarteret;0-4 år;2004;412
Østerbro - Lyngbyvej Øst/Klimakvarteret;0-4 år;2005;419
Østerbro - Lyngbyvej Øst/Klimakvarteret;0-4 år;2006;379
Østerbro - Lyngbyvej Øst/Klimakvarteret;0-4 år;2007;363
Østerbro - Lyngbyvej Øst/Klimakvarteret;0-4 år;2008;381
Østerbro - Lyngbyvej Øst/Klimakvarteret;0-4 år;2009;414
Østerbro - Lyngbyvej Øst/Klimakvarteret;0-4 år;2010;439
Østerbro - Lyngbyvej Øst/Klimakvarteret;0-4 år;2011;457
Østerbro - Lyngbyvej Øst/Klimakvarteret;0-4 år;2012;451
Østerbro - Lyngbyvej Øst/Klimakvarteret;0-4 år;2013;459
Østerbro - Lyngbyvej Øst/Klimakvarteret;0-4 år;2014;452
Østerbro - Lyngbyvej Øst/Klimakvarteret;0-4 år;2015;461
Østerbro - Lyngbyvej Øst/Klimakvarteret;0-4 år;2016;444
Østerbro - Lyngbyvej Øst/Klimakvarteret;0-4 år;2017;459
Østerbro - Lyngbyvej Øst/Klimakvarteret;0-4 år;2018;448
Østerbro - Lyngbyvej Øst/Klimakvarteret;0-4 år;2019;438
Østerbro - Lyngbyvej Øst/Klimakvarteret;0-4 år;2020;454
Østerbro - Lyngbyvej Øst/Klimakvarteret;0-4 år;2021;465
Østerbro - Lyngbyvej Øst/Klimakvarteret;0-4 år;2022;443
Østerbro - Lyngbyvej Øst/Klimakvarteret;0-4 år;2023;460
Østerbro - Lyngbyvej Øst/Klimakvarteret;0-4 år;2024;425
Østerbro - Lyngbyvej Øst/Klimakvarteret;0-4 år;2025;405
Østerbro - Fælled;0-4 år;1977;364
Østerbro - Fælled;0-4 år;1978;332
Østerbro - Fælled;0-4 år;1979;289
Østerbro - Fælled;0-4 år;1980;263
Østerbro - Fælled;0-4 år;1981;253
Østerbro - Fælled;0-4 år;1982;257
Østerbro - Fælled;0-4 år;1983;261
Østerbro - Fælled;0-4 år;1984;254
Østerbro - Fælled;0-4 år;1985;239
Østerbro - Fælled;0-4 år;1986;239
Østerbro - Fælled;0-4 år;1987;238
Østerbro - Fælled;0-4 år;1988;229
Østerbro - Fælled;0-4 år;1989;234
Østerbro - Fælled;0-4 år;1990;259
Østerbro - Fælled;0-4 år;1991;271
Østerbro - Fælled;0-4 år;1992;283
Østerbro - Fælled;0-4 år;1993;308
Østerbro - Fælled;0-4 år;1994;350
Østerbro - Fælled;0-4 år;1995;388
Østerbro - Fælled;0-4 år;1996;462
Østerbro - Fælled;0-4 år;1997;520
Østerbro - Fælled;0-4 år;1998;537
Østerbro - Fælled;0-4 år;1999;522
Østerbro - Fælled;0-4 år;2000;546
Østerbro - Fælled;0-4 år;2001;565
Østerbro - Fælled;0-4 år;2002;541
Østerbro - Fælled;0-4 år;2003;538
Østerbro - Fælled;0-4 år;2004;549
Østerbro - Fælled;0-4 år;2005;530
Østerbro - Fælled;0-4 år;2006;520
Østerbro - Fælled;0-4 år;2007;520
Østerbro - Fælled;0-4 år;2008;511
Østerbro - Fælled;0-4 år;2009;528
Østerbro - Fælled;0-4 år;2010;542
Østerbro - Fælled;0-4 år;2011;564
Østerbro - Fælled;0-4 år;2012;584
Østerbro - Fælled;0-4 år;2013;610
Østerbro - Fælled;0-4 år;2014;569
Østerbro - Fælled;0-4 år;2015;534
Østerbro - Fælled;0-4 år;2016;482
Østerbro - Fælled;0-4 år;2017;455
Østerbro - Fælled;0-4 år;2018;431
Østerbro - Fælled;0-4 år;2019;413
Østerbro - Fælled;0-4 år;2020;402
Østerbro - Fælled;0-4 år;2021;385
Østerbro - Fælled;0-4 år;2022;380
Østerbro - Fælled;0-4 år;2023;363
Østerbro - Fælled;0-4 år;2024;375
Østerbro - Fælled;0-4 år;2025;378
Nørrebro - Blågårdskvarteret/Assistens/Rantzausgade;0-4 år;1977;859
Nørrebro - Blågårdskvarteret/Assistens/Rantzausgade;0-4 år;1978;777
Nørrebro - Blågårdskvarteret/Assistens/Rantzausgade;0-4 år;1979;728
Nørrebro - Blågårdskvarteret/Assistens/Rantzausgade;0-4 år;1980;732
Nørrebro - Blågårdskvarteret/Assistens/Rantzausgade;0-4 år;1981;692
Nørrebro - Blågårdskvarteret/Assistens/Rantzausgade;0-4 år;1982;745
Nørrebro - Blågårdskvarteret/Assistens/Rantzausgade;0-4 år;1983;747
Nørrebro - Blågårdskvarteret/Assistens/Rantzausgade;0-4 år;1984;774
Nørrebro - Blågårdskvarteret/Assistens/Rantzausgade;0-4 år;1985;758
Nørrebro - Blågårdskvarteret/Assistens/Rantzausgade;0-4 år;1986;760
Nørrebro - Blågårdskvarteret/Assistens/Rantzausgade;0-4 år;1987;766
Nørrebro - Blågårdskvarteret/Assistens/Rantzausgade;0-4 år;1988;750
Nørrebro - Blågårdskvarteret/Assistens/Rantzausgade;0-4 år;1989;849
Nørrebro - Blågårdskvarteret/Assistens/Rantzausgade;0-4 år;1990;855
Nørrebro - Blågårdskvarteret/Assistens/Rantzausgade;0-4 år;1991;893
Nørrebro - Blågårdskvarteret/Assistens/Rantzausgade;0-4 år;1992;932
Nørrebro - Blågårdskvarteret/Assistens/Rantzausgade;0-4 år;1993;1003
Nørrebro - Blågårdskvarteret/Assistens/Rantzausgade;0-4 år;1994;1050
Nørrebro - Blågårdskvarteret/Assistens/Rantzausgade;0-4 år;1995;1120
Nørrebro - Blågårdskvarteret/Assistens/Rantzausgade;0-4 år;1996;1151
Nørrebro - Blågårdskvarteret/Assistens/Rantzausgade;0-4 år;1997;1141
Nørrebro - Blågårdskvarteret/Assistens/Rantzausgade;0-4 år;1998;1201
Nørrebro - Blågårdskvarteret/Assistens/Rantzausgade;0-4 år;1999;1211
Nørrebro - Blågårdskvarteret/Assistens/Rantzausgade;0-4 år;2000;1229
Nørrebro - Blågårdskvarteret/Assistens/Rantzausgade;0-4 år;2001;1207
Nørrebro - Blågårdskvarteret/Assistens/Rantzausgade;0-4 år;2002;1228
Nørrebro - Blågårdskvarteret/Assistens/Rantzausgade;0-4 år;2003;1216
Nørrebro - Blågårdskvarteret/Assistens/Rantzausgade;0-4 år;2004;1160
Nørrebro - Blågårdskvarteret/Assistens/Rantzausgade;0-4 år;2005;1120
Nørrebro - Blågårdskvarteret/Assistens/Rantzausgade;0-4 år;2006;1070
Nørrebro - Blågårdskvarteret/Assistens/Rantzausgade;0-4 år;2007;1055
Nørrebro - Blågårdskvarteret/Assistens/Rantzausgade;0-4 år;2008;1019
Nørrebro - Blågårdskvarteret/Assistens/Rantzausgade;0-4 år;2009;995
Nørrebro - Blågårdskvarteret/Assistens/Rantzausgade;0-4 år;2010;961
Nørrebro - Blågårdskvarteret/Assistens/Rantzausgade;0-4 år;2011;974
Nørrebro - Blågårdskvarteret/Assistens/Rantzausgade;0-4 år;2012;1010
Nørrebro - Blågårdskvarteret/Assistens/Rantzausgade;0-4 år;2013;1002
Nørrebro - Blågårdskvarteret/Assistens/Rantzausgade;0-4 år;2014;974
Nørrebro - Blågårdskvarteret/Assistens/Rantzausgade;0-4 år;2015;986
Nørrebro - Blågårdskvarteret/Assistens/Rantzausgade;0-4 år;2016;1022
Nørrebro - Blågårdskvarteret/Assistens/Rantzausgade;0-4 år;2017;1053
Nørrebro - Blågårdskvarteret/Assistens/Rantzausgade;0-4 år;2018;1038
Nørrebro - Blågårdskvarteret/Assistens/Rantzausgade;0-4 år;2019;1069
Nørrebro - Blågårdskvarteret/Assistens/Rantzausgade;0-4 år;2020;1040
Nørrebro - Blågårdskvarteret/Assistens/Rantzausgade;0-4 år;2021;1009
Nørrebro - Blågårdskvarteret/Assistens/Rantzausgade;0-4 år;2022;981
Nørrebro - Blågårdskvarteret/Assistens/Rantzausgade;0-4 år;2023;932
Nørrebro - Blågårdskvarteret/Assistens/Rantzausgade;0-4 år;2024;924
Nørrebro - Blågårdskvarteret/Assistens/Rantzausgade;0-4 år;2025;874
Nørrebro - Guldbergskvarteret/Panum/Ravnsborggade;0-4 år;1977;1041
Nørrebro - Guldbergskvarteret/Panum/Ravnsborggade;0-4 år;1978;955
Nørrebro - Guldbergskvarteret/Panum/Ravnsborggade;0-4 år;1979;856
Nørrebro - Guldbergskvarteret/Panum/Ravnsborggade;0-4 år;1980;782
Nørrebro - Guldbergskvarteret/Panum/Ravnsborggade;0-4 år;1981;780
Nørrebro - Guldbergskvarteret/Panum/Ravnsborggade;0-4 år;1982;764
Nørrebro - Guldbergskvarteret/Panum/Ravnsborggade;0-4 år;1983;731
Nørrebro - Guldbergskvarteret/Panum/Ravnsborggade;0-4 år;1984;699
Nørrebro - Guldbergskvarteret/Panum/Ravnsborggade;0-4 år;1985;661
Nørrebro - Guldbergskvarteret/Panum/Ravnsborggade;0-4 år;1986;606
Nørrebro - Guldbergskvarteret/Panum/Ravnsborggade;0-4 år;1987;614
Nørrebro - Guldbergskvarteret/Panum/Ravnsborggade;0-4 år;1988;660
Nørrebro - Guldbergskvarteret/Panum/Ravnsborggade;0-4 år;1989;674
Nørrebro - Guldbergskvarteret/Panum/Ravnsborggade;0-4 år;1990;709
Nørrebro - Guldbergskvarteret/Panum/Ravnsborggade;0-4 år;1991;705
Nørrebro - Guldbergskvarteret/Panum/Ravnsborggade;0-4 år;1992;801
Nørrebro - Guldbergskvarteret/Panum/Ravnsborggade;0-4 år;1993;873
Nørrebro - Guldbergskvarteret/Panum/Ravnsborggade;0-4 år;1994;845
Nørrebro - Guldbergskvarteret/Panum/Ravnsborggade;0-4 år;1995;860
Nørrebro - Guldbergskvarteret/Panum/Ravnsborggade;0-4 år;1996;946
Nørrebro - Guldbergskvarteret/Panum/Ravnsborggade;0-4 år;1997;973
Nørrebro - Guldbergskvarteret/Panum/Ravnsborggade;0-4 år;1998;1026
Nørrebro - Guldbergskvarteret/Panum/Ravnsborggade;0-4 år;1999;984
Nørrebro - Guldbergskvarteret/Panum/Ravnsborggade;0-4 år;2000;987
Nørrebro - Guldbergskvarteret/Panum/Ravnsborggade;0-4 år;2001;1004
Nørrebro - Guldbergskvarteret/Panum/Ravnsborggade;0-4 år;2002;993
Nørrebro - Guldbergskvarteret/Panum/Ravnsborggade;0-4 år;2003;1032
Nørrebro - Guldbergskvarteret/Panum/Ravnsborggade;0-4 år;2004;1119
Nørrebro - Guldbergskvarteret/Panum/Ravnsborggade;0-4 år;2005;1079
Nørrebro - Guldbergskvarteret/Panum/Ravnsborggade;0-4 år;2006;1007
Nørrebro - Guldbergskvarteret/Panum/Ravnsborggade;0-4 år;2007;1004
Nørrebro - Guldbergskvarteret/Panum/Ravnsborggade;0-4 år;2008;1013
Nørrebro - Guldbergskvarteret/Panum/Ravnsborggade;0-4 år;2009;1016
Nørrebro - Guldbergskvarteret/Panum/Ravnsborggade;0-4 år;2010;1054
Nørrebro - Guldbergskvarteret/Panum/Ravnsborggade;0-4 år;2011;1131
Nørrebro - Guldbergskvarteret/Panum/Ravnsborggade;0-4 år;2012;1136
Nørrebro - Guldbergskvarteret/Panum/Ravnsborggade;0-4 år;2013;1164
Nørrebro - Guldbergskvarteret/Panum/Ravnsborggade;0-4 år;2014;1175
Nørrebro - Guldbergskvarteret/Panum/Ravnsborggade;0-4 år;2015;1217
Nørrebro - Guldbergskvarteret/Panum/Ravnsborggade;0-4 år;2016;1239
Nørrebro - Guldbergskvarteret/Panum/Ravnsborggade;0-4 år;2017;1277
Nørrebro - Guldbergskvarteret/Panum/Ravnsborggade;0-4 år;2018;1266
Nørrebro - Guldbergskvarteret/Panum/Ravnsborggade;0-4 år;2019;1241
Nørrebro - Guldbergskvarteret/Panum/Ravnsborggade;0-4 år;2020;1205
Nørrebro - Guldbergskvarteret/Panum/Ravnsborggade;0-4 år;2021;1224
Nørrebro - Guldbergskvarteret/Panum/Ravnsborggade;0-4 år;2022;1157
Nørrebro - Guldbergskvarteret/Panum/Ravnsborggade;0-4 år;2023;1109
Nørrebro - Guldbergskvarteret/Panum/Ravnsborggade;0-4 år;2024;1071
Nørrebro - Guldbergskvarteret/Panum/Ravnsborggade;0-4 år;2025;1087
Nørrebro - Stefansgade/Nørrebroparken/Lundtoftegade;0-4 år;1977;1062
Nørrebro - Stefansgade/Nørrebroparken/Lundtoftegade;0-4 år;1978;1013
Nørrebro - Stefansgade/Nørrebroparken/Lundtoftegade;0-4 år;1979;935
Nørrebro - Stefansgade/Nørrebroparken/Lundtoftegade;0-4 år;1980;914
Nørrebro - Stefansgade/Nørrebroparken/Lundtoftegade;0-4 år;1981;898
Nørrebro - Stefansgade/Nørrebroparken/Lundtoftegade;0-4 år;1982;857
Nørrebro - Stefansgade/Nørrebroparken/Lundtoftegade;0-4 år;1983;820
Nørrebro - Stefansgade/Nørrebroparken/Lundtoftegade;0-4 år;1984;758
Nørrebro - Stefansgade/Nørrebroparken/Lundtoftegade;0-4 år;1985;743
Nørrebro - Stefansgade/Nørrebroparken/Lundtoftegade;0-4 år;1986;712
Nørrebro - Stefansgade/Nørrebroparken/Lundtoftegade;0-4 år;1987;715
Nørrebro - Stefansgade/Nørrebroparken/Lundtoftegade;0-4 år;1988;721
Nørrebro - Stefansgade/Nørrebroparken/Lundtoftegade;0-4 år;1989;711
Nørrebro - Stefansgade/Nørrebroparken/Lundtoftegade;0-4 år;1990;755
Nørrebro - Stefansgade/Nørrebroparken/Lundtoftegade;0-4 år;1991;757
Nørrebro - Stefansgade/Nørrebroparken/Lundtoftegade;0-4 år;1992;817
Nørrebro - Stefansgade/Nørrebroparken/Lundtoftegade;0-4 år;1993;837
Nørrebro - Stefansgade/Nørrebroparken/Lundtoftegade;0-4 år;1994;867
Nørrebro - Stefansgade/Nørrebroparken/Lundtoftegade;0-4 år;1995;866
Nørrebro - Stefansgade/Nørrebroparken/Lundtoftegade;0-4 år;1996;885
Nørrebro - Stefansgade/Nørrebroparken/Lundtoftegade;0-4 år;1997;885
Nørrebro - Stefansgade/Nørrebroparken/Lundtoftegade;0-4 år;1998;873
Nørrebro - Stefansgade/Nørrebroparken/Lundtoftegade;0-4 år;1999;846
Nørrebro - Stefansgade/Nørrebroparken/Lundtoftegade;0-4 år;2000;901
Nørrebro - Stefansgade/Nørrebroparken/Lundtoftegade;0-4 år;2001;934
Nørrebro - Stefansgade/Nørrebroparken/Lundtoftegade;0-4 år;2002;970
Nørrebro - Stefansgade/Nørrebroparken/Lundtoftegade;0-4 år;2003;1009
Nørrebro - Stefansgade/Nørrebroparken/Lundtoftegade;0-4 år;2004;1012
Nørrebro - Stefansgade/Nørrebroparken/Lundtoftegade;0-4 år;2005;1000
Nørrebro - Stefansgade/Nørrebroparken/Lundtoftegade;0-4 år;2006;967
Nørrebro - Stefansgade/Nørrebroparken/Lundtoftegade;0-4 år;2007;951
Nørrebro - Stefansgade/Nørrebroparken/Lundtoftegade;0-4 år;2008;1014
Nørrebro - Stefansgade/Nørrebroparken/Lundtoftegade;0-4 år;2009;1009
Nørrebro - Stefansgade/Nørrebroparken/Lundtoftegade;0-4 år;2010;1046
Nørrebro - Stefansgade/Nørrebroparken/Lundtoftegade;0-4 år;2011;1110
Nørrebro - Stefansgade/Nørrebroparken/Lundtoftegade;0-4 år;2012;1178
Nørrebro - Stefansgade/Nørrebroparken/Lundtoftegade;0-4 år;2013;1150
Nørrebro - Stefansgade/Nørrebroparken/Lundtoftegade;0-4 år;2014;1201
Nørrebro - Stefansgade/Nørrebroparken/Lundtoftegade;0-4 år;2015;1162
Nørrebro - Stefansgade/Nørrebroparken/Lundtoftegade;0-4 år;2016;1176
Nørrebro - Stefansgade/Nørrebroparken/Lundtoftegade;0-4 år;2017;1211
Nørrebro - Stefansgade/Nørrebroparken/Lundtoftegade;0-4 år;2018;1319
Nørrebro - Stefansgade/Nørrebroparken/Lundtoftegade;0-4 år;2019;1326
Nørrebro - Stefansgade/Nørrebroparken/Lundtoftegade;0-4 år;2020;1325
Nørrebro - Stefansgade/Nørrebroparken/Lundtoftegade;0-4 år;2021;1233
Nørrebro - Stefansgade/Nørrebroparken/Lundtoftegade;0-4 år;2022;1228
Nørrebro - Stefansgade/Nørrebroparken/Lundtoftegade;0-4 år;2023;1222
Nørrebro - Stefansgade/Nørrebroparken/Lundtoftegade;0-4 år;2024;1210
Nørrebro - Stefansgade/Nørrebroparken/Lundtoftegade;0-4 år;2025;1187
Nørrebro - Mimersgade-kvarteret/ Nørrebro St.;0-4 år;1977;643
Nørrebro - Mimersgade-kvarteret/ Nørrebro St.;0-4 år;1978;624
Nørrebro - Mimersgade-kvarteret/ Nørrebro St.;0-4 år;1979;642
Nørrebro - Mimersgade-kvarteret/ Nørrebro St.;0-4 år;1980;635
Nørrebro - Mimersgade-kvarteret/ Nørrebro St.;0-4 år;1981;590
Nørrebro - Mimersgade-kvarteret/ Nørrebro St.;0-4 år;1982;553
Nørrebro - Mimersgade-kvarteret/ Nørrebro St.;0-4 år;1983;592
Nørrebro - Mimersgade-kvarteret/ Nørrebro St.;0-4 år;1984;547
Nørrebro - Mimersgade-kvarteret/ Nørrebro St.;0-4 år;1985;566
Nørrebro - Mimersgade-kvarteret/ Nørrebro St.;0-4 år;1986;560
Nørrebro - Mimersgade-kvarteret/ Nørrebro St.;0-4 år;1987;553
Nørrebro - Mimersgade-kvarteret/ Nørrebro St.;0-4 år;1988;680
Nørrebro - Mimersgade-kvarteret/ Nørrebro St.;0-4 år;1989;770
Nørrebro - Mimersgade-kvarteret/ Nørrebro St.;0-4 år;1990;846
Nørrebro - Mimersgade-kvarteret/ Nørrebro St.;0-4 år;1991;944
Nørrebro - Mimersgade-kvarteret/ Nørrebro St.;0-4 år;1992;954
Nørrebro - Mimersgade-kvarteret/ Nørrebro St.;0-4 år;1993;1101
Nørrebro - Mimersgade-kvarteret/ Nørrebro St.;0-4 år;1994;1118
Nørrebro - Mimersgade-kvarteret/ Nørrebro St.;0-4 år;1995;1200
Nørrebro - Mimersgade-kvarteret/ Nørrebro St.;0-4 år;1996;1270
Nørrebro - Mimersgade-kvarteret/ Nørrebro St.;0-4 år;1997;1319
Nørrebro - Mimersgade-kvarteret/ Nørrebro St.;0-4 år;1998;1242
Nørrebro - Mimersgade-kvarteret/ Nørrebro St.;0-4 år;1999;1279
Nørrebro - Mimersgade-kvarteret/ Nørrebro St.;0-4 år;2000;1305
Nørrebro - Mimersgade-kvarteret/ Nørrebro St.;0-4 år;2001;1317
Nørrebro - Mimersgade-kvarteret/ Nørrebro St.;0-4 år;2002;1301
Nørrebro - Mimersgade-kvarteret/ Nørrebro St.;0-4 år;2003;1284
Nørrebro - Mimersgade-kvarteret/ Nørrebro St.;0-4 år;2004;1288
Nørrebro - Mimersgade-kvarteret/ Nørrebro St.;0-4 år;2005;1230
Nørrebro - Mimersgade-kvarteret/ Nørrebro St.;0-4 år;2006;1168
Nørrebro - Mimersgade-kvarteret/ Nørrebro St.;0-4 år;2007;1117
Nørrebro - Mimersgade-kvarteret/ Nørrebro St.;0-4 år;2008;1056
Nørrebro - Mimersgade-kvarteret/ Nørrebro St.;0-4 år;2009;1037
Nørrebro - Mimersgade-kvarteret/ Nørrebro St.;0-4 år;2010;1070
Nørrebro - Mimersgade-kvarteret/ Nørrebro St.;0-4 år;2011;1094
Nørrebro - Mimersgade-kvarteret/ Nørrebro St.;0-4 år;2012;1096
Nørrebro - Mimersgade-kvarteret/ Nørrebro St.;0-4 år;2013;1110
Nørrebro - Mimersgade-kvarteret/ Nørrebro St.;0-4 år;2014;1075
Nørrebro - Mimersgade-kvarteret/ Nørrebro St.;0-4 år;2015;1091
Nørrebro - Mimersgade-kvarteret/ Nørrebro St.;0-4 år;2016;1072
Nørrebro - Mimersgade-kvarteret/ Nørrebro St.;0-4 år;2017;1130
Nørrebro - Mimersgade-kvarteret/ Nørrebro St.;0-4 år;2018;1189
Nørrebro - Mimersgade-kvarteret/ Nørrebro St.;0-4 år;2019;1197
Nørrebro - Mimersgade-kvarteret/ Nørrebro St.;0-4 år;2020;1172
Nørrebro - Mimersgade-kvarteret/ Nørrebro St.;0-4 år;2021;1119
Nørrebro - Mimersgade-kvarteret/ Nørrebro St.;0-4 år;2022;1084
Nørrebro - Mimersgade-kvarteret/ Nørrebro St.;0-4 år;2023;1048
Nørrebro - Mimersgade-kvarteret/ Nørrebro St.;0-4 år;2024;1027
Nørrebro - Mimersgade-kvarteret/ Nørrebro St.;0-4 år;2025;1002
Nørrebro - Haraldsgade-kvarteret;0-4 år;1977;386
Nørrebro - Haraldsgade-kvarteret;0-4 år;1978;376
Nørrebro - Haraldsgade-kvarteret;0-4 år;1979;366
Nørrebro - Haraldsgade-kvarteret;0-4 år;1980;344
Nørrebro - Haraldsgade-kvarteret;0-4 år;1981;322
Nørrebro - Haraldsgade-kvarteret;0-4 år;1982;301
Nørrebro - Haraldsgade-kvarteret;0-4 år;1983;273
Nørrebro - Haraldsgade-kvarteret;0-4 år;1984;277
Nørrebro - Haraldsgade-kvarteret;0-4 år;1985;394
Nørrebro - Haraldsgade-kvarteret;0-4 år;1986;380
Nørrebro - Haraldsgade-kvarteret;0-4 år;1987;372
Nørrebro - Haraldsgade-kvarteret;0-4 år;1988;468
Nørrebro - Haraldsgade-kvarteret;0-4 år;1989;475
Nørrebro - Haraldsgade-kvarteret;0-4 år;1990;519
Nørrebro - Haraldsgade-kvarteret;0-4 år;1991;487
Nørrebro - Haraldsgade-kvarteret;0-4 år;1992;627
Nørrebro - Haraldsgade-kvarteret;0-4 år;1993;673
Nørrebro - Haraldsgade-kvarteret;0-4 år;1994;703
Nørrebro - Haraldsgade-kvarteret;0-4 år;1995;797
Nørrebro - Haraldsgade-kvarteret;0-4 år;1996;812
Nørrebro - Haraldsgade-kvarteret;0-4 år;1997;838
Nørrebro - Haraldsgade-kvarteret;0-4 år;1998;843
Nørrebro - Haraldsgade-kvarteret;0-4 år;1999;834
Nørrebro - Haraldsgade-kvarteret;0-4 år;2000;854
Nørrebro - Haraldsgade-kvarteret;0-4 år;2001;829
Nørrebro - Haraldsgade-kvarteret;0-4 år;2002;824
Nørrebro - Haraldsgade-kvarteret;0-4 år;2003;812
Nørrebro - Haraldsgade-kvarteret;0-4 år;2004;769
Nørrebro - Haraldsgade-kvarteret;0-4 år;2005;732
Nørrebro - Haraldsgade-kvarteret;0-4 år;2006;680
Nørrebro - Haraldsgade-kvarteret;0-4 år;2007;647
Nørrebro - Haraldsgade-kvarteret;0-4 år;2008;613
Nørrebro - Haraldsgade-kvarteret;0-4 år;2009;614
Nørrebro - Haraldsgade-kvarteret;0-4 år;2010;618
Nørrebro - Haraldsgade-kvarteret;0-4 år;2011;595
Nørrebro - Haraldsgade-kvarteret;0-4 år;2012;591
Nørrebro - Haraldsgade-kvarteret;0-4 år;2013;588
Nørrebro - Haraldsgade-kvarteret;0-4 år;2014;621
Nørrebro - Haraldsgade-kvarteret;0-4 år;2015;624
Nørrebro - Haraldsgade-kvarteret;0-4 år;2016;640
Nørrebro - Haraldsgade-kvarteret;0-4 år;2017;632
Nørrebro - Haraldsgade-kvarteret;0-4 år;2018;624
Nørrebro - Haraldsgade-kvarteret;0-4 år;2019;586
Nørrebro - Haraldsgade-kvarteret;0-4 år;2020;586
Nørrebro - Haraldsgade-kvarteret;0-4 år;2021;568
Nørrebro - Haraldsgade-kvarteret;0-4 år;2022;560
Nørrebro - Haraldsgade-kvarteret;0-4 år;2023;563
Nørrebro - Haraldsgade-kvarteret;0-4 år;2024;568
Nørrebro - Haraldsgade-kvarteret;0-4 år;2025;569
Vesterbro - Vest;0-4 år;1977;410
Vesterbro - Vest;0-4 år;1978;383
Vesterbro - Vest;0-4 år;1979;356
Vesterbro - Vest;0-4 år;1980;369
Vesterbro - Vest;0-4 år;1981;343
Vesterbro - Vest;0-4 år;1982;373
Vesterbro - Vest;0-4 år;1983;370
Vesterbro - Vest;0-4 år;1984;362
Vesterbro - Vest;0-4 år;1985;332
Vesterbro - Vest;0-4 år;1986;325
Vesterbro - Vest;0-4 år;1987;333
Vesterbro - Vest;0-4 år;1988;348
Vesterbro - Vest;0-4 år;1989;381
Vesterbro - Vest;0-4 år;1990;409
Vesterbro - Vest;0-4 år;1991;447
Vesterbro - Vest;0-4 år;1992;427
Vesterbro - Vest;0-4 år;1993;443
Vesterbro - Vest;0-4 år;1994;431
Vesterbro - Vest;0-4 år;1995;442
Vesterbro - Vest;0-4 år;1996;440
Vesterbro - Vest;0-4 år;1997;459
Vesterbro - Vest;0-4 år;1998;464
Vesterbro - Vest;0-4 år;1999;439
Vesterbro - Vest;0-4 år;2000;436
Vesterbro - Vest;0-4 år;2001;469
Vesterbro - Vest;0-4 år;2002;469
Vesterbro - Vest;0-4 år;2003;480
Vesterbro - Vest;0-4 år;2004;524
Vesterbro - Vest;0-4 år;2005;493
Vesterbro - Vest;0-4 år;2006;497
Vesterbro - Vest;0-4 år;2007;530
Vesterbro - Vest;0-4 år;2008;536
Vesterbro - Vest;0-4 år;2009;553
Vesterbro - Vest;0-4 år;2010;578
Vesterbro - Vest;0-4 år;2011;604
Vesterbro - Vest;0-4 år;2012;637
Vesterbro - Vest;0-4 år;2013;634
Vesterbro - Vest;0-4 år;2014;611
Vesterbro - Vest;0-4 år;2015;599
Vesterbro - Vest;0-4 år;2016;593
Vesterbro - Vest;0-4 år;2017;592
Vesterbro - Vest;0-4 år;2018;601
Vesterbro - Vest;0-4 år;2019;711
Vesterbro - Vest;0-4 år;2020;780
Vesterbro - Vest;0-4 år;2021;799
Vesterbro - Vest;0-4 år;2022;919
Vesterbro - Vest;0-4 år;2023;1127
Vesterbro - Vest;0-4 år;2024;1122
Vesterbro - Vest;0-4 år;2025;1129
Vesterbro - Central;0-4 år;1977;1393
Vesterbro - Central;0-4 år;1978;1287
Vesterbro - Central;0-4 år;1979;1247
Vesterbro - Central;0-4 år;1980;1233
Vesterbro - Central;0-4 år;1981;1208
Vesterbro - Central;0-4 år;1982;1130
Vesterbro - Central;0-4 år;1983;1079
Vesterbro - Central;0-4 år;1984;1049
Vesterbro - Central;0-4 år;1985;952
Vesterbro - Central;0-4 år;1986;878
Vesterbro - Central;0-4 år;1987;874
Vesterbro - Central;0-4 år;1988;892
Vesterbro - Central;0-4 år;1989;943
Vesterbro - Central;0-4 år;1990;987
Vesterbro - Central;0-4 år;1991;1013
Vesterbro - Central;0-4 år;1992;1020
Vesterbro - Central;0-4 år;1993;1053
Vesterbro - Central;0-4 år;1994;1112
Vesterbro - Central;0-4 år;1995;1115
Vesterbro - Central;0-4 år;1996;1113
Vesterbro - Central;0-4 år;1997;1087
Vesterbro - Central;0-4 år;1998;1168
Vesterbro - Central;0-4 år;1999;1201
Vesterbro - Central;0-4 år;2000;1310
Vesterbro - Central;0-4 år;2001;1368
Vesterbro - Central;0-4 år;2002;1442
Vesterbro - Central;0-4 år;2003;1550
Vesterbro - Central;0-4 år;2004;1664
Vesterbro - Central;0-4 år;2005;1680
Vesterbro - Central;0-4 år;2006;1682
Vesterbro - Central;0-4 år;2007;1623
Vesterbro - Central;0-4 år;2008;1632
Vesterbro - Central;0-4 år;2009;1554
Vesterbro - Central;0-4 år;2010;1604
Vesterbro - Central;0-4 år;2011;1731
Vesterbro - Central;0-4 år;2012;1758
Vesterbro - Central;0-4 år;2013;1810
Vesterbro - Central;0-4 år;2014;1825
Vesterbro - Central;0-4 år;2015;1786
Vesterbro - Central;0-4 år;2016;1820
Vesterbro - Central;0-4 år;2017;1826
Vesterbro - Central;0-4 år;2018;1837
Vesterbro - Central;0-4 år;2019;1797
Vesterbro - Central;0-4 år;2020;1749
Vesterbro - Central;0-4 år;2021;1644
Vesterbro - Central;0-4 år;2022;1558
Vesterbro - Central;0-4 år;2023;1448
Vesterbro - Central;0-4 år;2024;1401
Vesterbro - Central;0-4 år;2025;1356
Vesterbro - Øst;0-4 år;1977;379
Vesterbro - Øst;0-4 år;1978;369
Vesterbro - Øst;0-4 år;1979;314
Vesterbro - Øst;0-4 år;1980;317
Vesterbro - Øst;0-4 år;1981;289
Vesterbro - Øst;0-4 år;1982;302
Vesterbro - Øst;0-4 år;1983;308
Vesterbro - Øst;0-4 år;1984;288
Vesterbro - Øst;0-4 år;1985;297
Vesterbro - Øst;0-4 år;1986;271
Vesterbro - Øst;0-4 år;1987;271
Vesterbro - Øst;0-4 år;1988;273
Vesterbro - Øst;0-4 år;1989;261
Vesterbro - Øst;0-4 år;1990;241
Vesterbro - Øst;0-4 år;1991;252
Vesterbro - Øst;0-4 år;1992;250
Vesterbro - Øst;0-4 år;1993;268
Vesterbro - Øst;0-4 år;1994;245
Vesterbro - Øst;0-4 år;1995;229
Vesterbro - Øst;0-4 år;1996;224
Vesterbro - Øst;0-4 år;1997;246
Vesterbro - Øst;0-4 år;1998;272
Vesterbro - Øst;0-4 år;1999;277
Vesterbro - Øst;0-4 år;2000;327
Vesterbro - Øst;0-4 år;2001;391
Vesterbro - Øst;0-4 år;2002;444
Vesterbro - Øst;0-4 år;2003;464
Vesterbro - Øst;0-4 år;2004;476
Vesterbro - Øst;0-4 år;2005;498
Vesterbro - Øst;0-4 år;2006;467
Vesterbro - Øst;0-4 år;2007;458
Vesterbro - Øst;0-4 år;2008;489
Vesterbro - Øst;0-4 år;2009;495
Vesterbro - Øst;0-4 år;2010;512
Vesterbro - Øst;0-4 år;2011;510
Vesterbro - Øst;0-4 år;2012;515
Vesterbro - Øst;0-4 år;2013;519
Vesterbro - Øst;0-4 år;2014;499
Vesterbro - Øst;0-4 år;2015;490
Vesterbro - Øst;0-4 år;2016;475
Vesterbro - Øst;0-4 år;2017;487
Vesterbro - Øst;0-4 år;2018;464
Vesterbro - Øst;0-4 år;2019;463
Vesterbro - Øst;0-4 år;2020;444
Vesterbro - Øst;0-4 år;2021;452
Vesterbro - Øst;0-4 år;2022;439
Vesterbro - Øst;0-4 år;2023;442
Vesterbro - Øst;0-4 år;2024;422
Vesterbro - Øst;0-4 år;2025;446
Vesterbro - Syd;0-4 år;1977;7
Vesterbro - Syd;0-4 år;1978;6
Vesterbro - Syd;0-4 år;1979;6
Vesterbro - Syd;0-4 år;1980;3
Vesterbro - Syd;0-4 år;1981;6
Vesterbro - Syd;0-4 år;1982;3
Vesterbro - Syd;0-4 år;1983;4
Vesterbro - Syd;0-4 år;1984;3
Vesterbro - Syd;0-4 år;1985;4
Vesterbro - Syd;0-4 år;1986;5
Vesterbro - Syd;0-4 år;1987;4
Vesterbro - Syd;0-4 år;1988;2
Vesterbro - Syd;0-4 år;1989;5
Vesterbro - Syd;0-4 år;1990;5
Vesterbro - Syd;0-4 år;1991;6
Vesterbro - Syd;0-4 år;1992;7
Vesterbro - Syd;0-4 år;1993;14
Vesterbro - Syd;0-4 år;1994;14
Vesterbro - Syd;0-4 år;1995;11
Vesterbro - Syd;0-4 år;1996;10
Vesterbro - Syd;0-4 år;1997;7
Vesterbro - Syd;0-4 år;1998;2
Vesterbro - Syd;0-4 år;1999;4
Vesterbro - Syd;0-4 år;2000;3
Vesterbro - Syd;0-4 år;2001;3
Vesterbro - Syd;0-4 år;2002;4
Vesterbro - Syd;0-4 år;2003;5
Vesterbro - Syd;0-4 år;2004;6
Vesterbro - Syd;0-4 år;2005;8
Vesterbro - Syd;0-4 år;2006;4
Vesterbro - Syd;0-4 år;2007;5
Vesterbro - Syd;0-4 år;2008;5
Vesterbro - Syd;0-4 år;2009;18
Vesterbro - Syd;0-4 år;2010;30
Vesterbro - Syd;0-4 år;2011;60
Vesterbro - Syd;0-4 år;2012;53
Vesterbro - Syd;0-4 år;2013;57
Vesterbro - Syd;0-4 år;2014;59
Vesterbro - Syd;0-4 år;2015;64
Vesterbro - Syd;0-4 år;2016;56
Vesterbro - Syd;0-4 år;2017;73
Vesterbro - Syd;0-4 år;2018;91
Vesterbro - Syd;0-4 år;2019;108
Vesterbro - Syd;0-4 år;2020;158
Vesterbro - Syd;0-4 år;2021;192
Vesterbro - Syd;0-4 år;2022;267
Vesterbro - Syd;0-4 år;2023;292
Vesterbro - Syd;0-4 år;2024;305
Vesterbro - Syd;0-4 år;2025;293
Kgs. Enghave - Bavnehøj;0-4 år;1977;197
Kgs. Enghave - Bavnehøj;0-4 år;1978;179
Kgs. Enghave - Bavnehøj;0-4 år;1979;173
Kgs. Enghave - Bavnehøj;0-4 år;1980;166
Kgs. Enghave - Bavnehøj;0-4 år;1981;174
Kgs. Enghave - Bavnehøj;0-4 år;1982;166
Kgs. Enghave - Bavnehøj;0-4 år;1983;174
Kgs. Enghave - Bavnehøj;0-4 år;1984;162
Kgs. Enghave - Bavnehøj;0-4 år;1985;156
Kgs. Enghave - Bavnehøj;0-4 år;1986;144
Kgs. Enghave - Bavnehøj;0-4 år;1987;141
Kgs. Enghave - Bavnehøj;0-4 år;1988;150
Kgs. Enghave - Bavnehøj;0-4 år;1989;149
Kgs. Enghave - Bavnehøj;0-4 år;1990;172
Kgs. Enghave - Bavnehøj;0-4 år;1991;193
Kgs. Enghave - Bavnehøj;0-4 år;1992;175
Kgs. Enghave - Bavnehøj;0-4 år;1993;180
Kgs. Enghave - Bavnehøj;0-4 år;1994;164
Kgs. Enghave - Bavnehøj;0-4 år;1995;167
Kgs. Enghave - Bavnehøj;0-4 år;1996;174
Kgs. Enghave - Bavnehøj;0-4 år;1997;184
Kgs. Enghave - Bavnehøj;0-4 år;1998;198
Kgs. Enghave - Bavnehøj;0-4 år;1999;214
Kgs. Enghave - Bavnehøj;0-4 år;2000;231
Kgs. Enghave - Bavnehøj;0-4 år;2001;228
Kgs. Enghave - Bavnehøj;0-4 år;2002;227
Kgs. Enghave - Bavnehøj;0-4 år;2003;234
Kgs. Enghave - Bavnehøj;0-4 år;2004;217
Kgs. Enghave - Bavnehøj;0-4 år;2005;208
Kgs. Enghave - Bavnehøj;0-4 år;2006;205
Kgs. Enghave - Bavnehøj;0-4 år;2007;239
Kgs. Enghave - Bavnehøj;0-4 år;2008;207
Kgs. Enghave - Bavnehøj;0-4 år;2009;226
Kgs. Enghave - Bavnehøj;0-4 år;2010;238
Kgs. Enghave - Bavnehøj;0-4 år;2011;249
Kgs. Enghave - Bavnehøj;0-4 år;2012;253
Kgs. Enghave - Bavnehøj;0-4 år;2013;240
Kgs. Enghave - Bavnehøj;0-4 år;2014;255
Kgs. Enghave - Bavnehøj;0-4 år;2015;235
Kgs. Enghave - Bavnehøj;0-4 år;2016;248
Kgs. Enghave - Bavnehøj;0-4 år;2017;233
Kgs. Enghave - Bavnehøj;0-4 år;2018;239
Kgs. Enghave - Bavnehøj;0-4 år;2019;243
Kgs. Enghave - Bavnehøj;0-4 år;2020;251
Kgs. Enghave - Bavnehøj;0-4 år;2021;226
Kgs. Enghave - Bavnehøj;0-4 år;2022;216
Kgs. Enghave - Bavnehøj;0-4 år;2023;217
Kgs. Enghave - Bavnehøj;0-4 år;2024;207
Kgs. Enghave - Bavnehøj;0-4 år;2025;198
Kgs. Enghave - Gl. Sydhavn;0-4 år;1977;503
Kgs. Enghave - Gl. Sydhavn;0-4 år;1978;459
Kgs. Enghave - Gl. Sydhavn;0-4 år;1979;428
Kgs. Enghave - Gl. Sydhavn;0-4 år;1980;423
Kgs. Enghave - Gl. Sydhavn;0-4 år;1981;444
Kgs. Enghave - Gl. Sydhavn;0-4 år;1982;428
Kgs. Enghave - Gl. Sydhavn;0-4 år;1983;389
Kgs. Enghave - Gl. Sydhavn;0-4 år;1984;406
Kgs. Enghave - Gl. Sydhavn;0-4 år;1985;386
Kgs. Enghave - Gl. Sydhavn;0-4 år;1986;359
Kgs. Enghave - Gl. Sydhavn;0-4 år;1987;391
Kgs. Enghave - Gl. Sydhavn;0-4 år;1988;382
Kgs. Enghave - Gl. Sydhavn;0-4 år;1989;399
Kgs. Enghave - Gl. Sydhavn;0-4 år;1990;415
Kgs. Enghave - Gl. Sydhavn;0-4 år;1991;503
Kgs. Enghave - Gl. Sydhavn;0-4 år;1992;543
Kgs. Enghave - Gl. Sydhavn;0-4 år;1993;549
Kgs. Enghave - Gl. Sydhavn;0-4 år;1994;570
Kgs. Enghave - Gl. Sydhavn;0-4 år;1995;602
Kgs. Enghave - Gl. Sydhavn;0-4 år;1996;582
Kgs. Enghave - Gl. Sydhavn;0-4 år;1997;617
Kgs. Enghave - Gl. Sydhavn;0-4 år;1998;626
Kgs. Enghave - Gl. Sydhavn;0-4 år;1999;658
Kgs. Enghave - Gl. Sydhavn;0-4 år;2000;709
Kgs. Enghave - Gl. Sydhavn;0-4 år;2001;722
Kgs. Enghave - Gl. Sydhavn;0-4 år;2002;710
Kgs. Enghave - Gl. Sydhavn;0-4 år;2003;749
Kgs. Enghave - Gl. Sydhavn;0-4 år;2004;745
Kgs. Enghave - Gl. Sydhavn;0-4 år;2005;722
Kgs. Enghave - Gl. Sydhavn;0-4 år;2006;650
Kgs. Enghave - Gl. Sydhavn;0-4 år;2007;593
Kgs. Enghave - Gl. Sydhavn;0-4 år;2008;580
Kgs. Enghave - Gl. Sydhavn;0-4 år;2009;616
Kgs. Enghave - Gl. Sydhavn;0-4 år;2010;639
Kgs. Enghave - Gl. Sydhavn;0-4 år;2011;663
Kgs. Enghave - Gl. Sydhavn;0-4 år;2012;718
Kgs. Enghave - Gl. Sydhavn;0-4 år;2013;713
Kgs. Enghave - Gl. Sydhavn;0-4 år;2014;733
Kgs. Enghave - Gl. Sydhavn;0-4 år;2015;701
Kgs. Enghave - Gl. Sydhavn;0-4 år;2016;709
Kgs. Enghave - Gl. Sydhavn;0-4 år;2017;704
Kgs. Enghave - Gl. Sydhavn;0-4 år;2018;712
Kgs. Enghave - Gl. Sydhavn;0-4 år;2019;699
Kgs. Enghave - Gl. Sydhavn;0-4 år;2020;682
Kgs. Enghave - Gl. Sydhavn;0-4 år;2021;640
Kgs. Enghave - Gl. Sydhavn;0-4 år;2022;584
Kgs. Enghave - Gl. Sydhavn;0-4 år;2023;567
Kgs. Enghave - Gl. Sydhavn;0-4 år;2024;560
Kgs. Enghave - Gl. Sydhavn;0-4 år;2025;569
Kgs. Enghave - Holmene;0-4 år;1977;106
Kgs. Enghave - Holmene;0-4 år;1978;108
Kgs. Enghave - Holmene;0-4 år;1979;97
Kgs. Enghave - Holmene;0-4 år;1980;88
Kgs. Enghave - Holmene;0-4 år;1981;89
Kgs. Enghave - Holmene;0-4 år;1982;84
Kgs. Enghave - Holmene;0-4 år;1983;83
Kgs. Enghave - Holmene;0-4 år;1984;88
Kgs. Enghave - Holmene;0-4 år;1985;78
Kgs. Enghave - Holmene;0-4 år;1986;71
Kgs. Enghave - Holmene;0-4 år;1987;59
Kgs. Enghave - Holmene;0-4 år;1988;73
Kgs. Enghave - Holmene;0-4 år;1989;66
Kgs. Enghave - Holmene;0-4 år;1990;56
Kgs. Enghave - Holmene;0-4 år;1991;1
Kgs. Enghave - Holmene;0-4 år;1992;1
Kgs. Enghave - Holmene;0-4 år;1993;2
Kgs. Enghave - Holmene;0-4 år;1994;1
Kgs. Enghave - Holmene;0-4 år;1995;0
Kgs. Enghave - Holmene;0-4 år;1996;1
Kgs. Enghave - Holmene;0-4 år;1997;2
Kgs. Enghave - Holmene;0-4 år;1998;2
Kgs. Enghave - Holmene;0-4 år;1999;0
Kgs. Enghave - Holmene;0-4 år;2000;0
Kgs. Enghave - Holmene;0-4 år;2001;0
Kgs. Enghave - Holmene;0-4 år;2002;0
Kgs. Enghave - Holmene;0-4 år;2003;0
Kgs. Enghave - Holmene;0-4 år;2004;1
Kgs. Enghave - Holmene;0-4 år;2005;1
Kgs. Enghave - Holmene;0-4 år;2006;7
Kgs. Enghave - Holmene;0-4 år;2007;71
Kgs. Enghave - Holmene;0-4 år;2008;164
Kgs. Enghave - Holmene;0-4 år;2009;328
Kgs. Enghave - Holmene;0-4 år;2010;438
Kgs. Enghave - Holmene;0-4 år;2011;530
Kgs. Enghave - Holmene;0-4 år;2012;603
Kgs. Enghave - Holmene;0-4 år;2013;618
Kgs. Enghave - Holmene;0-4 år;2014;590
Kgs. Enghave - Holmene;0-4 år;2015;629
Kgs. Enghave - Holmene;0-4 år;2016;616
Kgs. Enghave - Holmene;0-4 år;2017;715
Kgs. Enghave - Holmene;0-4 år;2018;765
Kgs. Enghave - Holmene;0-4 år;2019;843
Kgs. Enghave - Holmene;0-4 år;2020;1016
Kgs. Enghave - Holmene;0-4 år;2021;1081
Kgs. Enghave - Holmene;0-4 år;2022;1175
Kgs. Enghave - Holmene;0-4 år;2023;1164
Kgs. Enghave - Holmene;0-4 år;2024;1161
Kgs. Enghave - Holmene;0-4 år;2025;1163
Valby - Gl. Valby;0-4 år;1977;480
Valby - Gl. Valby;0-4 år;1978;446
Valby - Gl. Valby;0-4 år;1979;382
Valby - Gl. Valby;0-4 år;1980;393
Valby - Gl. Valby;0-4 år;1981;373
Valby - Gl. Valby;0-4 år;1982;392
Valby - Gl. Valby;0-4 år;1983;387
Valby - Gl. Valby;0-4 år;1984;397
Valby - Gl. Valby;0-4 år;1985;416
Valby - Gl. Valby;0-4 år;1986;402
Valby - Gl. Valby;0-4 år;1987;394
Valby - Gl. Valby;0-4 år;1988;406
Valby - Gl. Valby;0-4 år;1989;411
Valby - Gl. Valby;0-4 år;1990;429
Valby - Gl. Valby;0-4 år;1991;464
Valby - Gl. Valby;0-4 år;1992;509
Valby - Gl. Valby;0-4 år;1993;533
Valby - Gl. Valby;0-4 år;1994;559
Valby - Gl. Valby;0-4 år;1995;599
Valby - Gl. Valby;0-4 år;1996;630
Valby - Gl. Valby;0-4 år;1997;657
Valby - Gl. Valby;0-4 år;1998;657
Valby - Gl. Valby;0-4 år;1999;678
Valby - Gl. Valby;0-4 år;2000;649
Valby - Gl. Valby;0-4 år;2001;631
Valby - Gl. Valby;0-4 år;2002;642
Valby - Gl. Valby;0-4 år;2003;646
Valby - Gl. Valby;0-4 år;2004;635
Valby - Gl. Valby;0-4 år;2005;649
Valby - Gl. Valby;0-4 år;2006;646
Valby - Gl. Valby;0-4 år;2007;637
Valby - Gl. Valby;0-4 år;2008;622
Valby - Gl. Valby;0-4 år;2009;678
Valby - Gl. Valby;0-4 år;2010;727
Valby - Gl. Valby;0-4 år;2011;783
Valby - Gl. Valby;0-4 år;2012;829
Valby - Gl. Valby;0-4 år;2013;838
Valby - Gl. Valby;0-4 år;2014;778
Valby - Gl. Valby;0-4 år;2015;773
Valby - Gl. Valby;0-4 år;2016;702
Valby - Gl. Valby;0-4 år;2017;710
Valby - Gl. Valby;0-4 år;2018;706
Valby - Gl. Valby;0-4 år;2019;703
Valby - Gl. Valby;0-4 år;2020;696
Valby - Gl. Valby;0-4 år;2021;696
Valby - Gl. Valby;0-4 år;2022;708
Valby - Gl. Valby;0-4 år;2023;676
Valby - Gl. Valby;0-4 år;2024;672
Valby - Gl. Valby;0-4 år;2025;662
Valby - Syd;0-4 år;1977;739
Valby - Syd;0-4 år;1978;724
Valby - Syd;0-4 år;1979;720
Valby - Syd;0-4 år;1980;709
Valby - Syd;0-4 år;1981;689
Valby - Syd;0-4 år;1982;684
Valby - Syd;0-4 år;1983;674
Valby - Syd;0-4 år;1984;634
Valby - Syd;0-4 år;1985;605
Valby - Syd;0-4 år;1986;612
Valby - Syd;0-4 år;1987;609
Valby - Syd;0-4 år;1988;628
Valby - Syd;0-4 år;1989;635
Valby - Syd;0-4 år;1990;662
Valby - Syd;0-4 år;1991;693
Valby - Syd;0-4 år;1992;726
Valby - Syd;0-4 år;1993;773
Valby - Syd;0-4 år;1994;820
Valby - Syd;0-4 år;1995;802
Valby - Syd;0-4 år;1996;825
Valby - Syd;0-4 år;1997;835
Valby - Syd;0-4 år;1998;815
Valby - Syd;0-4 år;1999;812
Valby - Syd;0-4 år;2000;844
Valby - Syd;0-4 år;2001;836
Valby - Syd;0-4 år;2002;819
Valby - Syd;0-4 år;2003;795
Valby - Syd;0-4 år;2004;816
Valby - Syd;0-4 år;2005;798
Valby - Syd;0-4 år;2006;798
Valby - Syd;0-4 år;2007;768
Valby - Syd;0-4 år;2008;876
Valby - Syd;0-4 år;2009;996
Valby - Syd;0-4 år;2010;1085
Valby - Syd;0-4 år;2011;1160
Valby - Syd;0-4 år;2012;1212
Valby - Syd;0-4 år;2013;1253
Valby - Syd;0-4 år;2014;1277
Valby - Syd;0-4 år;2015;1305
Valby - Syd;0-4 år;2016;1286
Valby - Syd;0-4 år;2017;1377
Valby - Syd;0-4 år;2018;1441
Valby - Syd;0-4 år;2019;1422
Valby - Syd;0-4 år;2020;1451
Valby - Syd;0-4 år;2021;1370
Valby - Syd;0-4 år;2022;1299
Valby - Syd;0-4 år;2023;1343
Valby - Syd;0-4 år;2024;1275
Valby - Syd;0-4 år;2025;1228
Valby - Ålholm;0-4 år;1977;387
Valby - Ålholm;0-4 år;1978;370
Valby - Ålholm;0-4 år;1979;379
Valby - Ålholm;0-4 år;1980;386
Valby - Ålholm;0-4 år;1981;371
Valby - Ålholm;0-4 år;1982;396
Valby - Ålholm;0-4 år;1983;370
Valby - Ålholm;0-4 år;1984;374
Valby - Ålholm;0-4 år;1985;367
Valby - Ålholm;0-4 år;1986;356
Valby - Ålholm;0-4 år;1987;357
Valby - Ålholm;0-4 år;1988;376
Valby - Ålholm;0-4 år;1989;374
Valby - Ålholm;0-4 år;1990;408
Valby - Ålholm;0-4 år;1991;411
Valby - Ålholm;0-4 år;1992;452
Valby - Ålholm;0-4 år;1993;443
Valby - Ålholm;0-4 år;1994;470
Valby - Ålholm;0-4 år;1995;474
Valby - Ålholm;0-4 år;1996;667
Valby - Ålholm;0-4 år;1997;712
Valby - Ålholm;0-4 år;1998;711
Valby - Ålholm;0-4 år;1999;704
Valby - Ålholm;0-4 år;2000;711
Valby - Ålholm;0-4 år;2001;708
Valby - Ålholm;0-4 år;2002;682
Valby - Ålholm;0-4 år;2003;690
Valby - Ålholm;0-4 år;2004;669
Valby - Ålholm;0-4 år;2005;661
Valby - Ålholm;0-4 år;2006;640
Valby - Ålholm;0-4 år;2007;621
Valby - Ålholm;0-4 år;2008;590
Valby - Ålholm;0-4 år;2009;606
Valby - Ålholm;0-4 år;2010;610
Valby - Ålholm;0-4 år;2011;628
Valby - Ålholm;0-4 år;2012;614
Valby - Ålholm;0-4 år;2013;594
Valby - Ålholm;0-4 år;2014;599
Valby - Ålholm;0-4 år;2015;597
Valby - Ålholm;0-4 år;2016;592
Valby - Ålholm;0-4 år;2017;607
Valby - Ålholm;0-4 år;2018;589
Valby - Ålholm;0-4 år;2019;588
Valby - Ålholm;0-4 år;2020;583
Valby - Ålholm;0-4 år;2021;588
Valby - Ålholm;0-4 år;2022;593
Valby - Ålholm;0-4 år;2023;580
Valby - Ålholm;0-4 år;2024;533
Valby - Ålholm;0-4 år;2025;492
Valby - Valby Sydvest;0-4 år;1977;284
Valby - Valby Sydvest;0-4 år;1978;251
Valby - Valby Sydvest;0-4 år;1979;264
Valby - Valby Sydvest;0-4 år;1980;248
Valby - Valby Sydvest;0-4 år;1981;222
Valby - Valby Sydvest;0-4 år;1982;217
Valby - Valby Sydvest;0-4 år;1983;213
Valby - Valby Sydvest;0-4 år;1984;240
Valby - Valby Sydvest;0-4 år;1985;199
Valby - Valby Sydvest;0-4 år;1986;218
Valby - Valby Sydvest;0-4 år;1987;222
Valby - Valby Sydvest;0-4 år;1988;236
Valby - Valby Sydvest;0-4 år;1989;241
Valby - Valby Sydvest;0-4 år;1990;268
Valby - Valby Sydvest;0-4 år;1991;274
Valby - Valby Sydvest;0-4 år;1992;298
Valby - Valby Sydvest;0-4 år;1993;322
Valby - Valby Sydvest;0-4 år;1994;309
Valby - Valby Sydvest;0-4 år;1995;319
Valby - Valby Sydvest;0-4 år;1996;341
Valby - Valby Sydvest;0-4 år;1997;350
Valby - Valby Sydvest;0-4 år;1998;358
Valby - Valby Sydvest;0-4 år;1999;384
Valby - Valby Sydvest;0-4 år;2000;376
Valby - Valby Sydvest;0-4 år;2001;368
Valby - Valby Sydvest;0-4 år;2002;375
Valby - Valby Sydvest;0-4 år;2003;386
Valby - Valby Sydvest;0-4 år;2004;402
Valby - Valby Sydvest;0-4 år;2005;399
Valby - Valby Sydvest;0-4 år;2006;402
Valby - Valby Sydvest;0-4 år;2007;375
Valby - Valby Sydvest;0-4 år;2008;391
Valby - Valby Sydvest;0-4 år;2009;437
Valby - Valby Sydvest;0-4 år;2010;457
Valby - Valby Sydvest;0-4 år;2011;510
Valby - Valby Sydvest;0-4 år;2012;534
Valby - Valby Sydvest;0-4 år;2013;529
Valby - Valby Sydvest;0-4 år;2014;548
Valby - Valby Sydvest;0-4 år;2015;520
Valby - Valby Sydvest;0-4 år;2016;543
Valby - Valby Sydvest;0-4 år;2017;563
Valby - Valby Sydvest;0-4 år;2018;626
Valby - Valby Sydvest;0-4 år;2019;769
Valby - Valby Sydvest;0-4 år;2020;892
Valby - Valby Sydvest;0-4 år;2021;1062
Valby - Valby Sydvest;0-4 år;2022;1126
Valby - Valby Sydvest;0-4 år;2023;1116
Valby - Valby Sydvest;0-4 år;2024;1071
Valby - Valby Sydvest;0-4 år;2025;1109
Valby - Vigerslev;0-4 år;1977;363
Valby - Vigerslev;0-4 år;1978;313
Valby - Vigerslev;0-4 år;1979;312
Valby - Vigerslev;0-4 år;1980;316
Valby - Vigerslev;0-4 år;1981;293
Valby - Vigerslev;0-4 år;1982;287
Valby - Vigerslev;0-4 år;1983;333
Valby - Vigerslev;0-4 år;1984;324
Valby - Vigerslev;0-4 år;1985;315
Valby - Vigerslev;0-4 år;1986;309
Valby - Vigerslev;0-4 år;1987;328
Valby - Vigerslev;0-4 år;1988;307
Valby - Vigerslev;0-4 år;1989;320
Valby - Vigerslev;0-4 år;1990;345
Valby - Vigerslev;0-4 år;1991;347
Valby - Vigerslev;0-4 år;1992;371
Valby - Vigerslev;0-4 år;1993;374
Valby - Vigerslev;0-4 år;1994;367
Valby - Vigerslev;0-4 år;1995;374
Valby - Vigerslev;0-4 år;1996;391
Valby - Vigerslev;0-4 år;1997;384
Valby - Vigerslev;0-4 år;1998;370
Valby - Vigerslev;0-4 år;1999;361
Valby - Vigerslev;0-4 år;2000;372
Valby - Vigerslev;0-4 år;2001;383
Valby - Vigerslev;0-4 år;2002;374
Valby - Vigerslev;0-4 år;2003;390
Valby - Vigerslev;0-4 år;2004;388
Valby - Vigerslev;0-4 år;2005;370
Valby - Vigerslev;0-4 år;2006;344
Valby - Vigerslev;0-4 år;2007;339
Valby - Vigerslev;0-4 år;2008;335
Valby - Vigerslev;0-4 år;2009;362
Valby - Vigerslev;0-4 år;2010;383
Valby - Vigerslev;0-4 år;2011;373
Valby - Vigerslev;0-4 år;2012;362
Valby - Vigerslev;0-4 år;2013;410
Valby - Vigerslev;0-4 år;2014;432
Valby - Vigerslev;0-4 år;2015;423
Valby - Vigerslev;0-4 år;2016;420
Valby - Vigerslev;0-4 år;2017;461
Valby - Vigerslev;0-4 år;2018;436
Valby - Vigerslev;0-4 år;2019;460
Valby - Vigerslev;0-4 år;2020;450
Valby - Vigerslev;0-4 år;2021;462
Valby - Vigerslev;0-4 år;2022;485
Valby - Vigerslev;0-4 år;2023;457
Valby - Vigerslev;0-4 år;2024;430
Valby - Vigerslev;0-4 år;2025;399
Vanløse - Jyllingevej Kvarter;0-4 år;1977;546
Vanløse - Jyllingevej Kvarter;0-4 år;1978;537
Vanløse - Jyllingevej Kvarter;0-4 år;1979;527
Vanløse - Jyllingevej Kvarter;0-4 år;1980;511
Vanløse - Jyllingevej Kvarter;0-4 år;1981;516
Vanløse - Jyllingevej Kvarter;0-4 år;1982;516
Vanløse - Jyllingevej Kvarter;0-4 år;1983;511
Vanløse - Jyllingevej Kvarter;0-4 år;1984;489
Vanløse - Jyllingevej Kvarter;0-4 år;1985;477
Vanløse - Jyllingevej Kvarter;0-4 år;1986;463
Vanløse - Jyllingevej Kvarter;0-4 år;1987;479
Vanløse - Jyllingevej Kvarter;0-4 år;1988;475
Vanløse - Jyllingevej Kvarter;0-4 år;1989;514
Vanløse - Jyllingevej Kvarter;0-4 år;1990;530
Vanløse - Jyllingevej Kvarter;0-4 år;1991;595
Vanløse - Jyllingevej Kvarter;0-4 år;1992;615
Vanløse - Jyllingevej Kvarter;0-4 år;1993;661
Vanløse - Jyllingevej Kvarter;0-4 år;1994;691
Vanløse - Jyllingevej Kvarter;0-4 år;1995;681
Vanløse - Jyllingevej Kvarter;0-4 år;1996;721
Vanløse - Jyllingevej Kvarter;0-4 år;1997;720
Vanløse - Jyllingevej Kvarter;0-4 år;1998;729
Vanløse - Jyllingevej Kvarter;0-4 år;1999;716
Vanløse - Jyllingevej Kvarter;0-4 år;2000;715
Vanløse - Jyllingevej Kvarter;0-4 år;2001;692
Vanløse - Jyllingevej Kvarter;0-4 år;2002;670
Vanløse - Jyllingevej Kvarter;0-4 år;2003;640
Vanløse - Jyllingevej Kvarter;0-4 år;2004;663
Vanløse - Jyllingevej Kvarter;0-4 år;2005;688
Vanløse - Jyllingevej Kvarter;0-4 år;2006;749
Vanløse - Jyllingevej Kvarter;0-4 år;2007;740
Vanløse - Jyllingevej Kvarter;0-4 år;2008;756
Vanløse - Jyllingevej Kvarter;0-4 år;2009;744
Vanløse - Jyllingevej Kvarter;0-4 år;2010;750
Vanløse - Jyllingevej Kvarter;0-4 år;2011;770
Vanløse - Jyllingevej Kvarter;0-4 år;2012;798
Vanløse - Jyllingevej Kvarter;0-4 år;2013;793
Vanløse - Jyllingevej Kvarter;0-4 år;2014;791
Vanløse - Jyllingevej Kvarter;0-4 år;2015;780
Vanløse - Jyllingevej Kvarter;0-4 år;2016;786
Vanløse - Jyllingevej Kvarter;0-4 år;2017;773
Vanløse - Jyllingevej Kvarter;0-4 år;2018;732
Vanløse - Jyllingevej Kvarter;0-4 år;2019;729
Vanløse - Jyllingevej Kvarter;0-4 år;2020;736
Vanløse - Jyllingevej Kvarter;0-4 år;2021;697
Vanløse - Jyllingevej Kvarter;0-4 år;2022;667
Vanløse - Jyllingevej Kvarter;0-4 år;2023;657
Vanløse - Jyllingevej Kvarter;0-4 år;2024;655
Vanløse - Jyllingevej Kvarter;0-4 år;2025;667
Vanløse - Jernbane Allé Kvarter;0-4 år;1977;437
Vanløse - Jernbane Allé Kvarter;0-4 år;1978;392
Vanløse - Jernbane Allé Kvarter;0-4 år;1979;350
Vanløse - Jernbane Allé Kvarter;0-4 år;1980;359
Vanløse - Jernbane Allé Kvarter;0-4 år;1981;358
Vanløse - Jernbane Allé Kvarter;0-4 år;1982;332
Vanløse - Jernbane Allé Kvarter;0-4 år;1983;351
Vanløse - Jernbane Allé Kvarter;0-4 år;1984;378
Vanløse - Jernbane Allé Kvarter;0-4 år;1985;384
Vanløse - Jernbane Allé Kvarter;0-4 år;1986;379
Vanløse - Jernbane Allé Kvarter;0-4 år;1987;371
Vanløse - Jernbane Allé Kvarter;0-4 år;1988;357
Vanløse - Jernbane Allé Kvarter;0-4 år;1989;401
Vanløse - Jernbane Allé Kvarter;0-4 år;1990;440
Vanløse - Jernbane Allé Kvarter;0-4 år;1991;486
Vanløse - Jernbane Allé Kvarter;0-4 år;1992;506
Vanløse - Jernbane Allé Kvarter;0-4 år;1993;533
Vanløse - Jernbane Allé Kvarter;0-4 år;1994;568
Vanløse - Jernbane Allé Kvarter;0-4 år;1995;579
Vanløse - Jernbane Allé Kvarter;0-4 år;1996;600
Vanløse - Jernbane Allé Kvarter;0-4 år;1997;608
Vanløse - Jernbane Allé Kvarter;0-4 år;1998;609
Vanløse - Jernbane Allé Kvarter;0-4 år;1999;603
Vanløse - Jernbane Allé Kvarter;0-4 år;2000;635
Vanløse - Jernbane Allé Kvarter;0-4 år;2001;647
Vanløse - Jernbane Allé Kvarter;0-4 år;2002;663
Vanløse - Jernbane Allé Kvarter;0-4 år;2003;704
Vanløse - Jernbane Allé Kvarter;0-4 år;2004;689
Vanløse - Jernbane Allé Kvarter;0-4 år;2005;712
Vanløse - Jernbane Allé Kvarter;0-4 år;2006;680
Vanløse - Jernbane Allé Kvarter;0-4 år;2007;678
Vanløse - Jernbane Allé Kvarter;0-4 år;2008;670
Vanløse - Jernbane Allé Kvarter;0-4 år;2009;710
Vanløse - Jernbane Allé Kvarter;0-4 år;2010;759
Vanløse - Jernbane Allé Kvarter;0-4 år;2011;758
Vanløse - Jernbane Allé Kvarter;0-4 år;2012;780
Vanløse - Jernbane Allé Kvarter;0-4 år;2013;820
Vanløse - Jernbane Allé Kvarter;0-4 år;2014;794
Vanløse - Jernbane Allé Kvarter;0-4 år;2015;779
Vanløse - Jernbane Allé Kvarter;0-4 år;2016;793
Vanløse - Jernbane Allé Kvarter;0-4 år;2017;724
Vanløse - Jernbane Allé Kvarter;0-4 år;2018;729
Vanløse - Jernbane Allé Kvarter;0-4 år;2019;730
Vanløse - Jernbane Allé Kvarter;0-4 år;2020;775
Vanløse - Jernbane Allé Kvarter;0-4 år;2021;731
Vanløse - Jernbane Allé Kvarter;0-4 år;2022;686
Vanløse - Jernbane Allé Kvarter;0-4 år;2023;659
Vanløse - Jernbane Allé Kvarter;0-4 år;2024;650
Vanløse - Jernbane Allé Kvarter;0-4 år;2025;610
Vanløse - Sallingvej Kvarter;0-4 år;1977;429
Vanløse - Sallingvej Kvarter;0-4 år;1978;392
Vanløse - Sallingvej Kvarter;0-4 år;1979;399
Vanløse - Sallingvej Kvarter;0-4 år;1980;355
Vanløse - Sallingvej Kvarter;0-4 år;1981;353
Vanløse - Sallingvej Kvarter;0-4 år;1982;339
Vanløse - Sallingvej Kvarter;0-4 år;1983;331
Vanløse - Sallingvej Kvarter;0-4 år;1984;371
Vanløse - Sallingvej Kvarter;0-4 år;1985;358
Vanløse - Sallingvej Kvarter;0-4 år;1986;328
Vanløse - Sallingvej Kvarter;0-4 år;1987;314
Vanløse - Sallingvej Kvarter;0-4 år;1988;338
Vanløse - Sallingvej Kvarter;0-4 år;1989;373
Vanløse - Sallingvej Kvarter;0-4 år;1990;423
Vanløse - Sallingvej Kvarter;0-4 år;1991;360
Vanløse - Sallingvej Kvarter;0-4 år;1992;393
Vanløse - Sallingvej Kvarter;0-4 år;1993;439
Vanløse - Sallingvej Kvarter;0-4 år;1994;436
Vanløse - Sallingvej Kvarter;0-4 år;1995;470
Vanløse - Sallingvej Kvarter;0-4 år;1996;462
Vanløse - Sallingvej Kvarter;0-4 år;1997;460
Vanløse - Sallingvej Kvarter;0-4 år;1998;443
Vanløse - Sallingvej Kvarter;0-4 år;1999;447
Vanløse - Sallingvej Kvarter;0-4 år;2000;437
Vanløse - Sallingvej Kvarter;0-4 år;2001;478
Vanløse - Sallingvej Kvarter;0-4 år;2002;479
Vanløse - Sallingvej Kvarter;0-4 år;2003;481
Vanløse - Sallingvej Kvarter;0-4 år;2004;476
Vanløse - Sallingvej Kvarter;0-4 år;2005;444
Vanløse - Sallingvej Kvarter;0-4 år;2006;450
Vanløse - Sallingvej Kvarter;0-4 år;2007;479
Vanløse - Sallingvej Kvarter;0-4 år;2008;473
Vanløse - Sallingvej Kvarter;0-4 år;2009;489
Vanløse - Sallingvej Kvarter;0-4 år;2010;547
Vanløse - Sallingvej Kvarter;0-4 år;2011;584
Vanløse - Sallingvej Kvarter;0-4 år;2012;590
Vanløse - Sallingvej Kvarter;0-4 år;2013;590
Vanløse - Sallingvej Kvarter;0-4 år;2014;594
Vanløse - Sallingvej Kvarter;0-4 år;2015;590
Vanløse - Sallingvej Kvarter;0-4 år;2016;567
Vanløse - Sallingvej Kvarter;0-4 år;2017;593
Vanløse - Sallingvej Kvarter;0-4 år;2018;569
Vanløse - Sallingvej Kvarter;0-4 år;2019;590
Vanløse - Sallingvej Kvarter;0-4 år;2020;575
Vanløse - Sallingvej Kvarter;0-4 år;2021;559
Vanløse - Sallingvej Kvarter;0-4 år;2022;556
Vanløse - Sallingvej Kvarter;0-4 år;2023;523
Vanløse - Sallingvej Kvarter;0-4 år;2024;510
Vanløse - Sallingvej Kvarter;0-4 år;2025;504
Vanløse - Grøndals Park Kvarter;0-4 år;1977;161
Vanløse - Grøndals Park Kvarter;0-4 år;1978;156
Vanløse - Grøndals Park Kvarter;0-4 år;1979;140
Vanløse - Grøndals Park Kvarter;0-4 år;1980;138
Vanløse - Grøndals Park Kvarter;0-4 år;1981;145
Vanløse - Grøndals Park Kvarter;0-4 år;1982;148
Vanløse - Grøndals Park Kvarter;0-4 år;1983;144
Vanløse - Grøndals Park Kvarter;0-4 år;1984;152
Vanløse - Grøndals Park Kvarter;0-4 år;1985;148
Vanløse - Grøndals Park Kvarter;0-4 år;1986;168
Vanløse - Grøndals Park Kvarter;0-4 år;1987;171
Vanløse - Grøndals Park Kvarter;0-4 år;1988;163
Vanløse - Grøndals Park Kvarter;0-4 år;1989;170
Vanløse - Grøndals Park Kvarter;0-4 år;1990;178
Vanløse - Grøndals Park Kvarter;0-4 år;1991;191
Vanløse - Grøndals Park Kvarter;0-4 år;1992;192
Vanløse - Grøndals Park Kvarter;0-4 år;1993;202
Vanløse - Grøndals Park Kvarter;0-4 år;1994;222
Vanløse - Grøndals Park Kvarter;0-4 år;1995;241
Vanløse - Grøndals Park Kvarter;0-4 år;1996;241
Vanløse - Grøndals Park Kvarter;0-4 år;1997;243
Vanløse - Grøndals Park Kvarter;0-4 år;1998;263
Vanløse - Grøndals Park Kvarter;0-4 år;1999;276
Vanløse - Grøndals Park Kvarter;0-4 år;2000;256
Vanløse - Grøndals Park Kvarter;0-4 år;2001;280
Vanløse - Grøndals Park Kvarter;0-4 år;2002;283
Vanløse - Grøndals Park Kvarter;0-4 år;2003;305
Vanløse - Grøndals Park Kvarter;0-4 år;2004;307
Vanløse - Grøndals Park Kvarter;0-4 år;2005;296
Vanløse - Grøndals Park Kvarter;0-4 år;2006;291
Vanløse - Grøndals Park Kvarter;0-4 år;2007;264
Vanløse - Grøndals Park Kvarter;0-4 år;2008;267
Vanløse - Grøndals Park Kvarter;0-4 år;2009;251
Vanløse - Grøndals Park Kvarter;0-4 år;2010;252
Vanløse - Grøndals Park Kvarter;0-4 år;2011;250
Vanløse - Grøndals Park Kvarter;0-4 år;2012;250
Vanløse - Grøndals Park Kvarter;0-4 år;2013;324
Vanløse - Grøndals Park Kvarter;0-4 år;2014;319
Vanløse - Grøndals Park Kvarter;0-4 år;2015;358
Vanløse - Grøndals Park Kvarter;0-4 år;2016;347
Vanløse - Grøndals Park Kvarter;0-4 år;2017;347
Vanløse - Grøndals Park Kvarter;0-4 år;2018;349
Vanløse - Grøndals Park Kvarter;0-4 år;2019;354
Vanløse - Grøndals Park Kvarter;0-4 år;2020;340
Vanløse - Grøndals Park Kvarter;0-4 år;2021;334
Vanløse - Grøndals Park Kvarter;0-4 år;2022;333
Vanløse - Grøndals Park Kvarter;0-4 år;2023;328
Vanløse - Grøndals Park Kvarter;0-4 år;2024;321
Vanløse - Grøndals Park Kvarter;0-4 år;2025;330
Brønshøj-Husum - Husum;0-4 år;1977;683
Brønshøj-Husum - Husum;0-4 år;1978;637
Brønshøj-Husum - Husum;0-4 år;1979;612
Brønshøj-Husum - Husum;0-4 år;1980;581
Brønshøj-Husum - Husum;0-4 år;1981;567
Brønshøj-Husum - Husum;0-4 år;1982;530
Brønshøj-Husum - Husum;0-4 år;1983;558
Brønshøj-Husum - Husum;0-4 år;1984;542
Brønshøj-Husum - Husum;0-4 år;1985;533
Brønshøj-Husum - Husum;0-4 år;1986;549
Brønshøj-Husum - Husum;0-4 år;1987;563
Brønshøj-Husum - Husum;0-4 år;1988;579
Brønshøj-Husum - Husum;0-4 år;1989;590
Brønshøj-Husum - Husum;0-4 år;1990;654
Brønshøj-Husum - Husum;0-4 år;1991;702
Brønshøj-Husum - Husum;0-4 år;1992;767
Brønshøj-Husum - Husum;0-4 år;1993;795
Brønshøj-Husum - Husum;0-4 år;1994;841
Brønshøj-Husum - Husum;0-4 år;1995;854
Brønshøj-Husum - Husum;0-4 år;1996;849
Brønshøj-Husum - Husum;0-4 år;1997;906
Brønshøj-Husum - Husum;0-4 år;1998;874
Brønshøj-Husum - Husum;0-4 år;1999;891
Brønshøj-Husum - Husum;0-4 år;2000;877
Brønshøj-Husum - Husum;0-4 år;2001;850
Brønshøj-Husum - Husum;0-4 år;2002;823
Brønshøj-Husum - Husum;0-4 år;2003;864
Brønshøj-Husum - Husum;0-4 år;2004;910
Brønshøj-Husum - Husum;0-4 år;2005;890
Brønshøj-Husum - Husum;0-4 år;2006;903
Brønshøj-Husum - Husum;0-4 år;2007;920
Brønshøj-Husum - Husum;0-4 år;2008;942
Brønshøj-Husum - Husum;0-4 år;2009;909
Brønshøj-Husum - Husum;0-4 år;2010;924
Brønshøj-Husum - Husum;0-4 år;2011;974
Brønshøj-Husum - Husum;0-4 år;2012;989
Brønshøj-Husum - Husum;0-4 år;2013;964
Brønshøj-Husum - Husum;0-4 år;2014;984
Brønshøj-Husum - Husum;0-4 år;2015;963
Brønshøj-Husum - Husum;0-4 år;2016;989
Brønshøj-Husum - Husum;0-4 år;2017;970
Brønshøj-Husum - Husum;0-4 år;2018;1018
Brønshøj-Husum - Husum;0-4 år;2019;997
Brønshøj-Husum - Husum;0-4 år;2020;1032
Brønshøj-Husum - Husum;0-4 år;2021;1092
Brønshøj-Husum - Husum;0-4 år;2022;1072
Brønshøj-Husum - Husum;0-4 år;2023;1004
Brønshøj-Husum - Husum;0-4 år;2024;970
Brønshøj-Husum - Husum;0-4 år;2025;908
Brønshøj-Husum - Husum Nord;0-4 år;1977;620
Brønshøj-Husum - Husum Nord;0-4 år;1978;596
Brønshøj-Husum - Husum Nord;0-4 år;1979;595
Brønshøj-Husum - Husum Nord;0-4 år;1980;537
Brønshøj-Husum - Husum Nord;0-4 år;1981;463
Brønshøj-Husum - Husum Nord;0-4 år;1982;451
Brønshøj-Husum - Husum Nord;0-4 år;1983;425
Brønshøj-Husum - Husum Nord;0-4 år;1984;426
Brønshøj-Husum - Husum Nord;0-4 år;1985;437
Brønshøj-Husum - Husum Nord;0-4 år;1986;420
Brønshøj-Husum - Husum Nord;0-4 år;1987;429
Brønshøj-Husum - Husum Nord;0-4 år;1988;487
Brønshøj-Husum - Husum Nord;0-4 år;1989;494
Brønshøj-Husum - Husum Nord;0-4 år;1990;546
Brønshøj-Husum - Husum Nord;0-4 år;1991;294
Brønshøj-Husum - Husum Nord;0-4 år;1992;317
Brønshøj-Husum - Husum Nord;0-4 år;1993;329
Brønshøj-Husum - Husum Nord;0-4 år;1994;338
Brønshøj-Husum - Husum Nord;0-4 år;1995;478
Brønshøj-Husum - Husum Nord;0-4 år;1996;488
Brønshøj-Husum - Husum Nord;0-4 år;1997;610
Brønshøj-Husum - Husum Nord;0-4 år;1998;677
Brønshøj-Husum - Husum Nord;0-4 år;1999;696
Brønshøj-Husum - Husum Nord;0-4 år;2000;671
Brønshøj-Husum - Husum Nord;0-4 år;2001;674
Brønshøj-Husum - Husum Nord;0-4 år;2002;648
Brønshøj-Husum - Husum Nord;0-4 år;2003;661
Brønshøj-Husum - Husum Nord;0-4 år;2004;686
Brønshøj-Husum - Husum Nord;0-4 år;2005;718
Brønshøj-Husum - Husum Nord;0-4 år;2006;681
Brønshøj-Husum - Husum Nord;0-4 år;2007;670
Brønshøj-Husum - Husum Nord;0-4 år;2008;689
Brønshøj-Husum - Husum Nord;0-4 år;2009;675
Brønshøj-Husum - Husum Nord;0-4 år;2010;680
Brønshøj-Husum - Husum Nord;0-4 år;2011;696
Brønshøj-Husum - Husum Nord;0-4 år;2012;704
Brønshøj-Husum - Husum Nord;0-4 år;2013;679
Brønshøj-Husum - Husum Nord;0-4 år;2014;666
Brønshøj-Husum - Husum Nord;0-4 år;2015;656
Brønshøj-Husum - Husum Nord;0-4 år;2016;666
Brønshøj-Husum - Husum Nord;0-4 år;2017;669
Brønshøj-Husum - Husum Nord;0-4 år;2018;663
Brønshøj-Husum - Husum Nord;0-4 år;2019;702
Brønshøj-Husum - Husum Nord;0-4 år;2020;675
Brønshøj-Husum - Husum Nord;0-4 år;2021;635
Brønshøj-Husum - Husum Nord;0-4 år;2022;620
Brønshøj-Husum - Husum Nord;0-4 år;2023;551
Brønshøj-Husum - Husum Nord;0-4 år;2024;557
Brønshøj-Husum - Husum Nord;0-4 år;2025;562
Brønshøj-Husum - Tingbjerg;0-4 år;1977;92
Brønshøj-Husum - Tingbjerg;0-4 år;1978;96
Brønshøj-Husum - Tingbjerg;0-4 år;1979;88
Brønshøj-Husum - Tingbjerg;0-4 år;1980;85
Brønshøj-Husum - Tingbjerg;0-4 år;1981;83
Brønshøj-Husum - Tingbjerg;0-4 år;1982;82
Brønshøj-Husum - Tingbjerg;0-4 år;1983;83
Brønshøj-Husum - Tingbjerg;0-4 år;1984;90
Brønshøj-Husum - Tingbjerg;0-4 år;1985;117
Brønshøj-Husum - Tingbjerg;0-4 år;1986;116
Brønshøj-Husum - Tingbjerg;0-4 år;1987;81
Brønshøj-Husum - Tingbjerg;0-4 år;1988;55
Brønshøj-Husum - Tingbjerg;0-4 år;1989;64
Brønshøj-Husum - Tingbjerg;0-4 år;1990;66
Brønshøj-Husum - Tingbjerg;0-4 år;1991;293
Brønshøj-Husum - Tingbjerg;0-4 år;1992;328
Brønshøj-Husum - Tingbjerg;0-4 år;1993;321
Brønshøj-Husum - Tingbjerg;0-4 år;1994;374
Brønshøj-Husum - Tingbjerg;0-4 år;1995;377
Brønshøj-Husum - Tingbjerg;0-4 år;1996;405
Brønshøj-Husum - Tingbjerg;0-4 år;1997;417
Brønshøj-Husum - Tingbjerg;0-4 år;1998;442
Brønshøj-Husum - Tingbjerg;0-4 år;1999;469
Brønshøj-Husum - Tingbjerg;0-4 år;2000;476
Brønshøj-Husum - Tingbjerg;0-4 år;2001;482
Brønshøj-Husum - Tingbjerg;0-4 år;2002;477
Brønshøj-Husum - Tingbjerg;0-4 år;2003;468
Brønshøj-Husum - Tingbjerg;0-4 år;2004;450
Brønshøj-Husum - Tingbjerg;0-4 år;2005;405
Brønshøj-Husum - Tingbjerg;0-4 år;2006;383
Brønshøj-Husum - Tingbjerg;0-4 år;2007;378
Brønshøj-Husum - Tingbjerg;0-4 år;2008;355
Brønshøj-Husum - Tingbjerg;0-4 år;2009;334
Brønshøj-Husum - Tingbjerg;0-4 år;2010;337
Brønshøj-Husum - Tingbjerg;0-4 år;2011;346
Brønshøj-Husum - Tingbjerg;0-4 år;2012;392
Brønshøj-Husum - Tingbjerg;0-4 år;2013;451
Brønshøj-Husum - Tingbjerg;0-4 år;2014;466
Brønshøj-Husum - Tingbjerg;0-4 år;2015;517
Brønshøj-Husum - Tingbjerg;0-4 år;2016;517
Brønshøj-Husum - Tingbjerg;0-4 år;2017;508
Brønshøj-Husum - Tingbjerg;0-4 år;2018;502
Brønshøj-Husum - Tingbjerg;0-4 år;2019;520
Brønshøj-Husum - Tingbjerg;0-4 år;2020;479
Brønshøj-Husum - Tingbjerg;0-4 år;2021;441
Brønshøj-Husum - Tingbjerg;0-4 år;2022;362
Brønshøj-Husum - Tingbjerg;0-4 år;2023;334
Brønshøj-Husum - Tingbjerg;0-4 år;2024;350
Brønshøj-Husum - Tingbjerg;0-4 år;2025;385
Brønshøj-Husum - Brønshøj;0-4 år;1977;488
Brønshøj-Husum - Brønshøj;0-4 år;1978;448
Brønshøj-Husum - Brønshøj;0-4 år;1979;422
Brønshøj-Husum - Brønshøj;0-4 år;1980;425
Brønshøj-Husum - Brønshøj;0-4 år;1981;394
Brønshøj-Husum - Brønshøj;0-4 år;1982;417
Brønshøj-Husum - Brønshøj;0-4 år;1983;398
Brønshøj-Husum - Brønshøj;0-4 år;1984;430
Brønshøj-Husum - Brønshøj;0-4 år;1985;427
Brønshøj-Husum - Brønshøj;0-4 år;1986;443
Brønshøj-Husum - Brønshøj;0-4 år;1987;476
Brønshøj-Husum - Brønshøj;0-4 år;1988;504
Brønshøj-Husum - Brønshøj;0-4 år;1989;513
Brønshøj-Husum - Brønshøj;0-4 år;1990;540
Brønshøj-Husum - Brønshøj;0-4 år;1991;583
Brønshøj-Husum - Brønshøj;0-4 år;1992;609
Brønshøj-Husum - Brønshøj;0-4 år;1993;649
Brønshøj-Husum - Brønshøj;0-4 år;1994;645
Brønshøj-Husum - Brønshøj;0-4 år;1995;612
Brønshøj-Husum - Brønshøj;0-4 år;1996;600
Brønshøj-Husum - Brønshøj;0-4 år;1997;614
Brønshøj-Husum - Brønshøj;0-4 år;1998;620
Brønshøj-Husum - Brønshøj;0-4 år;1999;599
Brønshøj-Husum - Brønshøj;0-4 år;2000;584
Brønshøj-Husum - Brønshøj;0-4 år;2001;614
Brønshøj-Husum - Brønshøj;0-4 år;2002;605
Brønshøj-Husum - Brønshøj;0-4 år;2003;575
Brønshøj-Husum - Brønshøj;0-4 år;2004;598
Brønshøj-Husum - Brønshøj;0-4 år;2005;567
Brønshøj-Husum - Brønshøj;0-4 år;2006;584
Brønshøj-Husum - Brønshøj;0-4 år;2007;601
Brønshøj-Husum - Brønshøj;0-4 år;2008;617
Brønshøj-Husum - Brønshøj;0-4 år;2009;610
Brønshøj-Husum - Brønshøj;0-4 år;2010;672
Brønshøj-Husum - Brønshøj;0-4 år;2011;695
Brønshøj-Husum - Brønshøj;0-4 år;2012;710
Brønshøj-Husum - Brønshøj;0-4 år;2013;738
Brønshøj-Husum - Brønshøj;0-4 år;2014;714
Brønshøj-Husum - Brønshøj;0-4 år;2015;734
Brønshøj-Husum - Brønshøj;0-4 år;2016;688
Brønshøj-Husum - Brønshøj;0-4 år;2017;700
Brønshøj-Husum - Brønshøj;0-4 år;2018;692
Brønshøj-Husum - Brønshøj;0-4 år;2019;704
Brønshøj-Husum - Brønshøj;0-4 år;2020;678
Brønshøj-Husum - Brønshøj;0-4 år;2021;719
Brønshøj-Husum - Brønshøj;0-4 år;2022;700
Brønshøj-Husum - Brønshøj;0-4 år;2023;679
Brønshøj-Husum - Brønshøj;0-4 år;2024;659
Brønshøj-Husum - Brønshøj;0-4 år;2025;662
Brønshøj-Husum - Bellahøj;0-4 år;1977;59
Brønshøj-Husum - Bellahøj;0-4 år;1978;53
Brønshøj-Husum - Bellahøj;0-4 år;1979;55
Brønshøj-Husum - Bellahøj;0-4 år;1980;41
Brønshøj-Husum - Bellahøj;0-4 år;1981;36
Brønshøj-Husum - Bellahøj;0-4 år;1982;43
Brønshøj-Husum - Bellahøj;0-4 år;1983;36
Brønshøj-Husum - Bellahøj;0-4 år;1984;48
Brønshøj-Husum - Bellahøj;0-4 år;1985;63
Brønshøj-Husum - Bellahøj;0-4 år;1986;61
Brønshøj-Husum - Bellahøj;0-4 år;1987;61
Brønshøj-Husum - Bellahøj;0-4 år;1988;58
Brønshøj-Husum - Bellahøj;0-4 år;1989;65
Brønshøj-Husum - Bellahøj;0-4 år;1990;67
Brønshøj-Husum - Bellahøj;0-4 år;1991;91
Brønshøj-Husum - Bellahøj;0-4 år;1992;97
Brønshøj-Husum - Bellahøj;0-4 år;1993;105
Brønshøj-Husum - Bellahøj;0-4 år;1994;131
Brønshøj-Husum - Bellahøj;0-4 år;1995;157
Brønshøj-Husum - Bellahøj;0-4 år;1996;173
Brønshøj-Husum - Bellahøj;0-4 år;1997;190
Brønshøj-Husum - Bellahøj;0-4 år;1998;208
Brønshøj-Husum - Bellahøj;0-4 år;1999;196
Brønshøj-Husum - Bellahøj;0-4 år;2000;184
Brønshøj-Husum - Bellahøj;0-4 år;2001;222
Brønshøj-Husum - Bellahøj;0-4 år;2002;230
Brønshøj-Husum - Bellahøj;0-4 år;2003;207
Brønshøj-Husum - Bellahøj;0-4 år;2004;236
Brønshøj-Husum - Bellahøj;0-4 år;2005;241
Brønshøj-Husum - Bellahøj;0-4 år;2006;230
Brønshøj-Husum - Bellahøj;0-4 år;2007;221
Brønshøj-Husum - Bellahøj;0-4 år;2008;208
Brønshøj-Husum - Bellahøj;0-4 år;2009;212
Brønshøj-Husum - Bellahøj;0-4 år;2010;214
Brønshøj-Husum - Bellahøj;0-4 år;2011;236
Brønshøj-Husum - Bellahøj;0-4 år;2012;259
Brønshøj-Husum - Bellahøj;0-4 år;2013;310
Brønshøj-Husum - Bellahøj;0-4 år;2014;294
Brønshøj-Husum - Bellahøj;0-4 år;2015;320
Brønshøj-Husum - Bellahøj;0-4 år;2016;283
Brønshøj-Husum - Bellahøj;0-4 år;2017;297
Brønshøj-Husum - Bellahøj;0-4 år;2018;304
Brønshøj-Husum - Bellahøj;0-4 år;2019;314
Brønshøj-Husum - Bellahøj;0-4 år;2020;323
Brønshøj-Husum - Bellahøj;0-4 år;2021;326
Brønshøj-Husum - Bellahøj;0-4 år;2022;314
Brønshøj-Husum - Bellahøj;0-4 år;2023;294
Brønshøj-Husum - Bellahøj;0-4 år;2024;255
Brønshøj-Husum - Bellahøj;0-4 år;2025;229
Bispebjerg - Emdrup;0-4 år;1977;136
Bispebjerg - Emdrup;0-4 år;1978;139
Bispebjerg - Emdrup;0-4 år;1979;135
Bispebjerg - Emdrup;0-4 år;1980;134
Bispebjerg - Emdrup;0-4 år;1981;127
Bispebjerg - Emdrup;0-4 år;1982;118
Bispebjerg - Emdrup;0-4 år;1983;118
Bispebjerg - Emdrup;0-4 år;1984;111
Bispebjerg - Emdrup;0-4 år;1985;103
Bispebjerg - Emdrup;0-4 år;1986;117
Bispebjerg - Emdrup;0-4 år;1987;122
Bispebjerg - Emdrup;0-4 år;1988;135
Bispebjerg - Emdrup;0-4 år;1989;138
Bispebjerg - Emdrup;0-4 år;1990;147
Bispebjerg - Emdrup;0-4 år;1991;166
Bispebjerg - Emdrup;0-4 år;1992;167
Bispebjerg - Emdrup;0-4 år;1993;188
Bispebjerg - Emdrup;0-4 år;1994;182
Bispebjerg - Emdrup;0-4 år;1995;175
Bispebjerg - Emdrup;0-4 år;1996;179
Bispebjerg - Emdrup;0-4 år;1997;193
Bispebjerg - Emdrup;0-4 år;1998;186
Bispebjerg - Emdrup;0-4 år;1999;195
Bispebjerg - Emdrup;0-4 år;2000;191
Bispebjerg - Emdrup;0-4 år;2001;187
Bispebjerg - Emdrup;0-4 år;2002;185
Bispebjerg - Emdrup;0-4 år;2003;188
Bispebjerg - Emdrup;0-4 år;2004;189
Bispebjerg - Emdrup;0-4 år;2005;212
Bispebjerg - Emdrup;0-4 år;2006;183
Bispebjerg - Emdrup;0-4 år;2007;191
Bispebjerg - Emdrup;0-4 år;2008;180
Bispebjerg - Emdrup;0-4 år;2009;194
Bispebjerg - Emdrup;0-4 år;2010;196
Bispebjerg - Emdrup;0-4 år;2011;204
Bispebjerg - Emdrup;0-4 år;2012;206
Bispebjerg - Emdrup;0-4 år;2013;203
Bispebjerg - Emdrup;0-4 år;2014;218
Bispebjerg - Emdrup;0-4 år;2015;242
Bispebjerg - Emdrup;0-4 år;2016;240
Bispebjerg - Emdrup;0-4 år;2017;240
Bispebjerg - Emdrup;0-4 år;2018;236
Bispebjerg - Emdrup;0-4 år;2019;217
Bispebjerg - Emdrup;0-4 år;2020;213
Bispebjerg - Emdrup;0-4 år;2021;238
Bispebjerg - Emdrup;0-4 år;2022;219
Bispebjerg - Emdrup;0-4 år;2023;213
Bispebjerg - Emdrup;0-4 år;2024;209
Bispebjerg - Emdrup;0-4 år;2025;195
Bispebjerg- Ryparken-Lundehus;0-4 år;1977;93
Bispebjerg- Ryparken-Lundehus;0-4 år;1978;79
Bispebjerg- Ryparken-Lundehus;0-4 år;1979;77
Bispebjerg- Ryparken-Lundehus;0-4 år;1980;83
Bispebjerg- Ryparken-Lundehus;0-4 år;1981;99
Bispebjerg- Ryparken-Lundehus;0-4 år;1982;91
Bispebjerg- Ryparken-Lundehus;0-4 år;1983;148
Bispebjerg- Ryparken-Lundehus;0-4 år;1984;158
Bispebjerg- Ryparken-Lundehus;0-4 år;1985;153
Bispebjerg- Ryparken-Lundehus;0-4 år;1986;144
Bispebjerg- Ryparken-Lundehus;0-4 år;1987;136
Bispebjerg- Ryparken-Lundehus;0-4 år;1988;145
Bispebjerg- Ryparken-Lundehus;0-4 år;1989;137
Bispebjerg- Ryparken-Lundehus;0-4 år;1990;157
Bispebjerg- Ryparken-Lundehus;0-4 år;1991;182
Bispebjerg- Ryparken-Lundehus;0-4 år;1992;193
Bispebjerg- Ryparken-Lundehus;0-4 år;1993;221
Bispebjerg- Ryparken-Lundehus;0-4 år;1994;214
Bispebjerg- Ryparken-Lundehus;0-4 år;1995;227
Bispebjerg- Ryparken-Lundehus;0-4 år;1996;232
Bispebjerg- Ryparken-Lundehus;0-4 år;1997;244
Bispebjerg- Ryparken-Lundehus;0-4 år;1998;256
Bispebjerg- Ryparken-Lundehus;0-4 år;1999;252
Bispebjerg- Ryparken-Lundehus;0-4 år;2000;258
Bispebjerg- Ryparken-Lundehus;0-4 år;2001;261
Bispebjerg- Ryparken-Lundehus;0-4 år;2002;270
Bispebjerg- Ryparken-Lundehus;0-4 år;2003;271
Bispebjerg- Ryparken-Lundehus;0-4 år;2004;299
Bispebjerg- Ryparken-Lundehus;0-4 år;2005;291
Bispebjerg- Ryparken-Lundehus;0-4 år;2006;291
Bispebjerg- Ryparken-Lundehus;0-4 år;2007;298
Bispebjerg- Ryparken-Lundehus;0-4 år;2008;305
Bispebjerg- Ryparken-Lundehus;0-4 år;2009;321
Bispebjerg- Ryparken-Lundehus;0-4 år;2010;311
Bispebjerg- Ryparken-Lundehus;0-4 år;2011;328
Bispebjerg- Ryparken-Lundehus;0-4 år;2012;358
Bispebjerg- Ryparken-Lundehus;0-4 år;2013;367
Bispebjerg- Ryparken-Lundehus;0-4 år;2014;326
Bispebjerg- Ryparken-Lundehus;0-4 år;2015;328
Bispebjerg- Ryparken-Lundehus;0-4 år;2016;335
Bispebjerg- Ryparken-Lundehus;0-4 år;2017;336
Bispebjerg- Ryparken-Lundehus;0-4 år;2018;331
Bispebjerg- Ryparken-Lundehus;0-4 år;2019;335
Bispebjerg- Ryparken-Lundehus;0-4 år;2020;329
Bispebjerg- Ryparken-Lundehus;0-4 år;2021;326
Bispebjerg- Ryparken-Lundehus;0-4 år;2022;354
Bispebjerg- Ryparken-Lundehus;0-4 år;2023;334
Bispebjerg- Ryparken-Lundehus;0-4 år;2024;337
Bispebjerg- Ryparken-Lundehus;0-4 år;2025;341
Bispebjerg - Bispebjerg;0-4 år;1977;231
Bispebjerg - Bispebjerg;0-4 år;1978;221
Bispebjerg - Bispebjerg;0-4 år;1979;215
Bispebjerg - Bispebjerg;0-4 år;1980;203
Bispebjerg - Bispebjerg;0-4 år;1981;209
Bispebjerg - Bispebjerg;0-4 år;1982;200
Bispebjerg - Bispebjerg;0-4 år;1983;193
Bispebjerg - Bispebjerg;0-4 år;1984;209
Bispebjerg - Bispebjerg;0-4 år;1985;215
Bispebjerg - Bispebjerg;0-4 år;1986;224
Bispebjerg - Bispebjerg;0-4 år;1987;207
Bispebjerg - Bispebjerg;0-4 år;1988;209
Bispebjerg - Bispebjerg;0-4 år;1989;201
Bispebjerg - Bispebjerg;0-4 år;1990;203
Bispebjerg - Bispebjerg;0-4 år;1991;182
Bispebjerg - Bispebjerg;0-4 år;1992;197
Bispebjerg - Bispebjerg;0-4 år;1993;211
Bispebjerg - Bispebjerg;0-4 år;1994;248
Bispebjerg - Bispebjerg;0-4 år;1995;253
Bispebjerg - Bispebjerg;0-4 år;1996;250
Bispebjerg - Bispebjerg;0-4 år;1997;252
Bispebjerg - Bispebjerg;0-4 år;1998;259
Bispebjerg - Bispebjerg;0-4 år;1999;262
Bispebjerg - Bispebjerg;0-4 år;2000;253
Bispebjerg - Bispebjerg;0-4 år;2001;297
Bispebjerg - Bispebjerg;0-4 år;2002;320
Bispebjerg - Bispebjerg;0-4 år;2003;303
Bispebjerg - Bispebjerg;0-4 år;2004;315
Bispebjerg - Bispebjerg;0-4 år;2005;282
Bispebjerg - Bispebjerg;0-4 år;2006;285
Bispebjerg - Bispebjerg;0-4 år;2007;282
Bispebjerg - Bispebjerg;0-4 år;2008;290
Bispebjerg - Bispebjerg;0-4 år;2009;314
Bispebjerg - Bispebjerg;0-4 år;2010;354
Bispebjerg - Bispebjerg;0-4 år;2011;365
Bispebjerg - Bispebjerg;0-4 år;2012;392
Bispebjerg - Bispebjerg;0-4 år;2013;426
Bispebjerg - Bispebjerg;0-4 år;2014;452
Bispebjerg - Bispebjerg;0-4 år;2015;456
Bispebjerg - Bispebjerg;0-4 år;2016;459
Bispebjerg - Bispebjerg;0-4 år;2017;435
Bispebjerg - Bispebjerg;0-4 år;2018;428
Bispebjerg - Bispebjerg;0-4 år;2019;408
Bispebjerg - Bispebjerg;0-4 år;2020;392
Bispebjerg - Bispebjerg;0-4 år;2021;351
Bispebjerg - Bispebjerg;0-4 år;2022;336
Bispebjerg - Bispebjerg;0-4 år;2023;305
Bispebjerg - Bispebjerg;0-4 år;2024;324
Bispebjerg - Bispebjerg;0-4 år;2025;309
Bispebjerg - Utterslev;0-4 år;1977;187
Bispebjerg - Utterslev;0-4 år;1978;179
Bispebjerg - Utterslev;0-4 år;1979;161
Bispebjerg - Utterslev;0-4 år;1980;145
Bispebjerg - Utterslev;0-4 år;1981;155
Bispebjerg - Utterslev;0-4 år;1982;176
Bispebjerg - Utterslev;0-4 år;1983;169
Bispebjerg - Utterslev;0-4 år;1984;167
Bispebjerg - Utterslev;0-4 år;1985;165
Bispebjerg - Utterslev;0-4 år;1986;151
Bispebjerg - Utterslev;0-4 år;1987;162
Bispebjerg - Utterslev;0-4 år;1988;177
Bispebjerg - Utterslev;0-4 år;1989;194
Bispebjerg - Utterslev;0-4 år;1990;207
Bispebjerg - Utterslev;0-4 år;1991;197
Bispebjerg - Utterslev;0-4 år;1992;204
Bispebjerg - Utterslev;0-4 år;1993;206
Bispebjerg - Utterslev;0-4 år;1994;234
Bispebjerg - Utterslev;0-4 år;1995;268
Bispebjerg - Utterslev;0-4 år;1996;371
Bispebjerg - Utterslev;0-4 år;1997;399
Bispebjerg - Utterslev;0-4 år;1998;439
Bispebjerg - Utterslev;0-4 år;1999;443
Bispebjerg - Utterslev;0-4 år;2000;460
Bispebjerg - Utterslev;0-4 år;2001;460
Bispebjerg - Utterslev;0-4 år;2002;450
Bispebjerg - Utterslev;0-4 år;2003;436
Bispebjerg - Utterslev;0-4 år;2004;424
Bispebjerg - Utterslev;0-4 år;2005;406
Bispebjerg - Utterslev;0-4 år;2006;394
Bispebjerg - Utterslev;0-4 år;2007;353
Bispebjerg - Utterslev;0-4 år;2008;358
Bispebjerg - Utterslev;0-4 år;2009;352
Bispebjerg - Utterslev;0-4 år;2010;355
Bispebjerg - Utterslev;0-4 år;2011;359
Bispebjerg - Utterslev;0-4 år;2012;370
Bispebjerg - Utterslev;0-4 år;2013;420
Bispebjerg - Utterslev;0-4 år;2014;417
Bispebjerg - Utterslev;0-4 år;2015;440
Bispebjerg - Utterslev;0-4 år;2016;432
Bispebjerg - Utterslev;0-4 år;2017;451
Bispebjerg - Utterslev;0-4 år;2018;443
Bispebjerg - Utterslev;0-4 år;2019;429
Bispebjerg - Utterslev;0-4 år;2020;423
Bispebjerg - Utterslev;0-4 år;2021;406
Bispebjerg - Utterslev;0-4 år;2022;394
Bispebjerg - Utterslev;0-4 år;2023;374
Bispebjerg - Utterslev;0-4 år;2024;369
Bispebjerg - Utterslev;0-4 år;2025;345
Bispebjerg - Nordvest;0-4 år;1977;871
Bispebjerg - Nordvest;0-4 år;1978;801
Bispebjerg - Nordvest;0-4 år;1979;809
Bispebjerg - Nordvest;0-4 år;1980;786
Bispebjerg - Nordvest;0-4 år;1981;756
Bispebjerg - Nordvest;0-4 år;1982;707
Bispebjerg - Nordvest;0-4 år;1983;713
Bispebjerg - Nordvest;0-4 år;1984;714
Bispebjerg - Nordvest;0-4 år;1985;703
Bispebjerg - Nordvest;0-4 år;1986;707
Bispebjerg - Nordvest;0-4 år;1987;688
Bispebjerg - Nordvest;0-4 år;1988;706
Bispebjerg - Nordvest;0-4 år;1989;731
Bispebjerg - Nordvest;0-4 år;1990;804
Bispebjerg - Nordvest;0-4 år;1991;907
Bispebjerg - Nordvest;0-4 år;1992;972
Bispebjerg - Nordvest;0-4 år;1993;1007
Bispebjerg - Nordvest;0-4 år;1994;1026
Bispebjerg - Nordvest;0-4 år;1995;1068
Bispebjerg - Nordvest;0-4 år;1996;1127
Bispebjerg - Nordvest;0-4 år;1997;1167
Bispebjerg - Nordvest;0-4 år;1998;1162
Bispebjerg - Nordvest;0-4 år;1999;1201
Bispebjerg - Nordvest;0-4 år;2000;1255
Bispebjerg - Nordvest;0-4 år;2001;1291
Bispebjerg - Nordvest;0-4 år;2002;1409
Bispebjerg - Nordvest;0-4 år;2003;1416
Bispebjerg - Nordvest;0-4 år;2004;1449
Bispebjerg - Nordvest;0-4 år;2005;1418
Bispebjerg - Nordvest;0-4 år;2006;1363
Bispebjerg - Nordvest;0-4 år;2007;1354
Bispebjerg - Nordvest;0-4 år;2008;1423
Bispebjerg - Nordvest;0-4 år;2009;1534
Bispebjerg - Nordvest;0-4 år;2010;1644
Bispebjerg - Nordvest;0-4 år;2011;1722
Bispebjerg - Nordvest;0-4 år;2012;1777
Bispebjerg - Nordvest;0-4 år;2013;1837
Bispebjerg - Nordvest;0-4 år;2014;1801
Bispebjerg - Nordvest;0-4 år;2015;1821
Bispebjerg - Nordvest;0-4 år;2016;1751
Bispebjerg - Nordvest;0-4 år;2017;1818
Bispebjerg - Nordvest;0-4 år;2018;1904
Bispebjerg - Nordvest;0-4 år;2019;1991
Bispebjerg - Nordvest;0-4 år;2020;2042
Bispebjerg - Nordvest;0-4 år;2021;1983
Bispebjerg - Nordvest;0-4 år;2022;1921
Bispebjerg - Nordvest;0-4 år;2023;1882
Bispebjerg - Nordvest;0-4 år;2024;1855
Bispebjerg - Nordvest;0-4 år;2025;1883
Amager Øst - Amagerbro Øst;0-4 år;1977;1063
Amager Øst - Amagerbro Øst;0-4 år;1978;1020
Amager Øst - Amagerbro Øst;0-4 år;1979;960
Amager Øst - Amagerbro Øst;0-4 år;1980;1003
Amager Øst - Amagerbro Øst;0-4 år;1981;966
Amager Øst - Amagerbro Øst;0-4 år;1982;948
Amager Øst - Amagerbro Øst;0-4 år;1983;893
Amager Øst - Amagerbro Øst;0-4 år;1984;859
Amager Øst - Amagerbro Øst;0-4 år;1985;881
Amager Øst - Amagerbro Øst;0-4 år;1986;851
Amager Øst - Amagerbro Øst;0-4 år;1987;856
Amager Øst - Amagerbro Øst;0-4 år;1988;879
Amager Øst - Amagerbro Øst;0-4 år;1989;888
Amager Øst - Amagerbro Øst;0-4 år;1990;972
Amager Øst - Amagerbro Øst;0-4 år;1991;1010
Amager Øst - Amagerbro Øst;0-4 år;1992;1120
Amager Øst - Amagerbro Øst;0-4 år;1993;1226
Amager Øst - Amagerbro Øst;0-4 år;1994;1300
Amager Øst - Amagerbro Øst;0-4 år;1995;1322
Amager Øst - Amagerbro Øst;0-4 år;1996;1348
Amager Øst - Amagerbro Øst;0-4 år;1997;1341
Amager Øst - Amagerbro Øst;0-4 år;1998;1323
Amager Øst - Amagerbro Øst;0-4 år;1999;1336
Amager Øst - Amagerbro Øst;0-4 år;2000;1383
Amager Øst - Amagerbro Øst;0-4 år;2001;1429
Amager Øst - Amagerbro Øst;0-4 år;2002;1398
Amager Øst - Amagerbro Øst;0-4 år;2003;1352
Amager Øst - Amagerbro Øst;0-4 år;2004;1327
Amager Øst - Amagerbro Øst;0-4 år;2005;1284
Amager Øst - Amagerbro Øst;0-4 år;2006;1257
Amager Øst - Amagerbro Øst;0-4 år;2007;1280
Amager Øst - Amagerbro Øst;0-4 år;2008;1287
Amager Øst - Amagerbro Øst;0-4 år;2009;1335
Amager Øst - Amagerbro Øst;0-4 år;2010;1361
Amager Øst - Amagerbro Øst;0-4 år;2011;1424
Amager Øst - Amagerbro Øst;0-4 år;2012;1387
Amager Øst - Amagerbro Øst;0-4 år;2013;1416
Amager Øst - Amagerbro Øst;0-4 år;2014;1370
Amager Øst - Amagerbro Øst;0-4 år;2015;1344
Amager Øst - Amagerbro Øst;0-4 år;2016;1343
Amager Øst - Amagerbro Øst;0-4 år;2017;1359
Amager Øst - Amagerbro Øst;0-4 år;2018;1307
Amager Øst - Amagerbro Øst;0-4 år;2019;1310
Amager Øst - Amagerbro Øst;0-4 år;2020;1355
Amager Øst - Amagerbro Øst;0-4 år;2021;1332
Amager Øst - Amagerbro Øst;0-4 år;2022;1242
Amager Øst - Amagerbro Øst;0-4 år;2023;1261
Amager Øst - Amagerbro Øst;0-4 år;2024;1252
Amager Øst - Amagerbro Øst;0-4 år;2025;1232
Amager Øst - Sundbyøster;0-4 år;1977;518
Amager Øst - Sundbyøster;0-4 år;1978;467
Amager Øst - Sundbyøster;0-4 år;1979;429
Amager Øst - Sundbyøster;0-4 år;1980;457
Amager Øst - Sundbyøster;0-4 år;1981;452
Amager Øst - Sundbyøster;0-4 år;1982;441
Amager Øst - Sundbyøster;0-4 år;1983;447
Amager Øst - Sundbyøster;0-4 år;1984;417
Amager Øst - Sundbyøster;0-4 år;1985;379
Amager Øst - Sundbyøster;0-4 år;1986;377
Amager Øst - Sundbyøster;0-4 år;1987;382
Amager Øst - Sundbyøster;0-4 år;1988;400
Amager Øst - Sundbyøster;0-4 år;1989;447
Amager Øst - Sundbyøster;0-4 år;1990;457
Amager Øst - Sundbyøster;0-4 år;1991;488
Amager Øst - Sundbyøster;0-4 år;1992;523
Amager Øst - Sundbyøster;0-4 år;1993;542
Amager Øst - Sundbyøster;0-4 år;1994;573
Amager Øst - Sundbyøster;0-4 år;1995;584
Amager Øst - Sundbyøster;0-4 år;1996;625
Amager Øst - Sundbyøster;0-4 år;1997;618
Amager Øst - Sundbyøster;0-4 år;1998;596
Amager Øst - Sundbyøster;0-4 år;1999;602
Amager Øst - Sundbyøster;0-4 år;2000;645
Amager Øst - Sundbyøster;0-4 år;2001;666
Amager Øst - Sundbyøster;0-4 år;2002;684
Amager Øst - Sundbyøster;0-4 år;2003;739
Amager Øst - Sundbyøster;0-4 år;2004;774
Amager Øst - Sundbyøster;0-4 år;2005;781
Amager Øst - Sundbyøster;0-4 år;2006;764
Amager Øst - Sundbyøster;0-4 år;2007;782
Amager Øst - Sundbyøster;0-4 år;2008;739
Amager Øst - Sundbyøster;0-4 år;2009;762
Amager Øst - Sundbyøster;0-4 år;2010;819
Amager Øst - Sundbyøster;0-4 år;2011;870
Amager Øst - Sundbyøster;0-4 år;2012;866
Amager Øst - Sundbyøster;0-4 år;2013;893
Amager Øst - Sundbyøster;0-4 år;2014;836
Amager Øst - Sundbyøster;0-4 år;2015;827
Amager Øst - Sundbyøster;0-4 år;2016;742
Amager Øst - Sundbyøster;0-4 år;2017;763
Amager Øst - Sundbyøster;0-4 år;2018;797
Amager Øst - Sundbyøster;0-4 år;2019;796
Amager Øst - Sundbyøster;0-4 år;2020;828
Amager Øst - Sundbyøster;0-4 år;2021;788
Amager Øst - Sundbyøster;0-4 år;2022;789
Amager Øst - Sundbyøster;0-4 år;2023;725
Amager Øst - Sundbyøster;0-4 år;2024;725
Amager Øst - Sundbyøster;0-4 år;2025;746
Amager Øst - Villakvartererne;0-4 år;1977;654
Amager Øst - Villakvartererne;0-4 år;1978;580
Amager Øst - Villakvartererne;0-4 år;1979;589
Amager Øst - Villakvartererne;0-4 år;1980;550
Amager Øst - Villakvartererne;0-4 år;1981;531
Amager Øst - Villakvartererne;0-4 år;1982;507
Amager Øst - Villakvartererne;0-4 år;1983;511
Amager Øst - Villakvartererne;0-4 år;1984;493
Amager Øst - Villakvartererne;0-4 år;1985;485
Amager Øst - Villakvartererne;0-4 år;1986;462
Amager Øst - Villakvartererne;0-4 år;1987;452
Amager Øst - Villakvartererne;0-4 år;1988;511
Amager Øst - Villakvartererne;0-4 år;1989;528
Amager Øst - Villakvartererne;0-4 år;1990;572
Amager Øst - Villakvartererne;0-4 år;1991;631
Amager Øst - Villakvartererne;0-4 år;1992;683
Amager Øst - Villakvartererne;0-4 år;1993;723
Amager Øst - Villakvartererne;0-4 år;1994;757
Amager Øst - Villakvartererne;0-4 år;1995;763
Amager Øst - Villakvartererne;0-4 år;1996;766
Amager Øst - Villakvartererne;0-4 år;1997;767
Amager Øst - Villakvartererne;0-4 år;1998;765
Amager Øst - Villakvartererne;0-4 år;1999;783
Amager Øst - Villakvartererne;0-4 år;2000;785
Amager Øst - Villakvartererne;0-4 år;2001;769
Amager Øst - Villakvartererne;0-4 år;2002;790
Amager Øst - Villakvartererne;0-4 år;2003;792
Amager Øst - Villakvartererne;0-4 år;2004;812
Amager Øst - Villakvartererne;0-4 år;2005;802
Amager Øst - Villakvartererne;0-4 år;2006;776
Amager Øst - Villakvartererne;0-4 år;2007;778
Amager Øst - Villakvartererne;0-4 år;2008;796
Amager Øst - Villakvartererne;0-4 år;2009;825
Amager Øst - Villakvartererne;0-4 år;2010;875
Amager Øst - Villakvartererne;0-4 år;2011;945
Amager Øst - Villakvartererne;0-4 år;2012;973
Amager Øst - Villakvartererne;0-4 år;2013;964
Amager Øst - Villakvartererne;0-4 år;2014;953
Amager Øst - Villakvartererne;0-4 år;2015;964
Amager Øst - Villakvartererne;0-4 år;2016;929
Amager Øst - Villakvartererne;0-4 år;2017;923
Amager Øst - Villakvartererne;0-4 år;2018;918
Amager Øst - Villakvartererne;0-4 år;2019;894
Amager Øst - Villakvartererne;0-4 år;2020;919
Amager Øst - Villakvartererne;0-4 år;2021;834
Amager Øst - Villakvartererne;0-4 år;2022;822
Amager Øst - Villakvartererne;0-4 år;2023;796
Amager Øst - Villakvartererne;0-4 år;2024;763
Amager Øst - Villakvartererne;0-4 år;2025;766
Amager Øst - Nordøstamager;0-4 år;1977;74
Amager Øst - Nordøstamager;0-4 år;1978;79
Amager Øst - Nordøstamager;0-4 år;1979;60
Amager Øst - Nordøstamager;0-4 år;1980;56
Amager Øst - Nordøstamager;0-4 år;1981;55
Amager Øst - Nordøstamager;0-4 år;1982;59
Amager Øst - Nordøstamager;0-4 år;1983;63
Amager Øst - Nordøstamager;0-4 år;1984;61
Amager Øst - Nordøstamager;0-4 år;1985;60
Amager Øst - Nordøstamager;0-4 år;1986;60
Amager Øst - Nordøstamager;0-4 år;1987;60
Amager Øst - Nordøstamager;0-4 år;1988;58
Amager Øst - Nordøstamager;0-4 år;1989;59
Amager Øst - Nordøstamager;0-4 år;1990;61
Amager Øst - Nordøstamager;0-4 år;1991;35
Amager Øst - Nordøstamager;0-4 år;1992;37
Amager Øst - Nordøstamager;0-4 år;1993;32
Amager Øst - Nordøstamager;0-4 år;1994;26
Amager Øst - Nordøstamager;0-4 år;1995;26
Amager Øst - Nordøstamager;0-4 år;1996;24
Amager Øst - Nordøstamager;0-4 år;1997;24
Amager Øst - Nordøstamager;0-4 år;1998;33
Amager Øst - Nordøstamager;0-4 år;1999;41
Amager Øst - Nordøstamager;0-4 år;2000;42
Amager Øst - Nordøstamager;0-4 år;2001;38
Amager Øst - Nordøstamager;0-4 år;2002;41
Amager Øst - Nordøstamager;0-4 år;2003;36
Amager Øst - Nordøstamager;0-4 år;2004;34
Amager Øst - Nordøstamager;0-4 år;2005;48
Amager Øst - Nordøstamager;0-4 år;2006;65
Amager Øst - Nordøstamager;0-4 år;2007;98
Amager Øst - Nordøstamager;0-4 år;2008;133
Amager Øst - Nordøstamager;0-4 år;2009;158
Amager Øst - Nordøstamager;0-4 år;2010;175
Amager Øst - Nordøstamager;0-4 år;2011;179
Amager Øst - Nordøstamager;0-4 år;2012;193
Amager Øst - Nordøstamager;0-4 år;2013;193
Amager Øst - Nordøstamager;0-4 år;2014;232
Amager Øst - Nordøstamager;0-4 år;2015;355
Amager Øst - Nordøstamager;0-4 år;2016;367
Amager Øst - Nordøstamager;0-4 år;2017;396
Amager Øst - Nordøstamager;0-4 år;2018;497
Amager Øst - Nordøstamager;0-4 år;2019;609
Amager Øst - Nordøstamager;0-4 år;2020;620
Amager Øst - Nordøstamager;0-4 år;2021;702
Amager Øst - Nordøstamager;0-4 år;2022;768
Amager Øst - Nordøstamager;0-4 år;2023;763
Amager Øst - Nordøstamager;0-4 år;2024;764
Amager Øst - Nordøstamager;0-4 år;2025;766
Amager Vest - Amagerbro Vest;0-4 år;1977;314
Amager Vest - Amagerbro Vest;0-4 år;1978;305
Amager Vest - Amagerbro Vest;0-4 år;1979;300
Amager Vest - Amagerbro Vest;0-4 år;1980;253
Amager Vest - Amagerbro Vest;0-4 år;1981;218
Amager Vest - Amagerbro Vest;0-4 år;1982;230
Amager Vest - Amagerbro Vest;0-4 år;1983;222
Amager Vest - Amagerbro Vest;0-4 år;1984;206
Amager Vest - Amagerbro Vest;0-4 år;1985;229
Amager Vest - Amagerbro Vest;0-4 år;1986;218
Amager Vest - Amagerbro Vest;0-4 år;1987;193
Amager Vest - Amagerbro Vest;0-4 år;1988;172
Amager Vest - Amagerbro Vest;0-4 år;1989;195
Amager Vest - Amagerbro Vest;0-4 år;1990;188
Amager Vest - Amagerbro Vest;0-4 år;1991;210
Amager Vest - Amagerbro Vest;0-4 år;1992;240
Amager Vest - Amagerbro Vest;0-4 år;1993;273
Amager Vest - Amagerbro Vest;0-4 år;1994;277
Amager Vest - Amagerbro Vest;0-4 år;1995;286
Amager Vest - Amagerbro Vest;0-4 år;1996;307
Amager Vest - Amagerbro Vest;0-4 år;1997;314
Amager Vest - Amagerbro Vest;0-4 år;1998;312
Amager Vest - Amagerbro Vest;0-4 år;1999;344
Amager Vest - Amagerbro Vest;0-4 år;2000;355
Amager Vest - Amagerbro Vest;0-4 år;2001;382
Amager Vest - Amagerbro Vest;0-4 år;2002;383
Amager Vest - Amagerbro Vest;0-4 år;2003;393
Amager Vest - Amagerbro Vest;0-4 år;2004;384
Amager Vest - Amagerbro Vest;0-4 år;2005;356
Amager Vest - Amagerbro Vest;0-4 år;2006;347
Amager Vest - Amagerbro Vest;0-4 år;2007;347
Amager Vest - Amagerbro Vest;0-4 år;2008;361
Amager Vest - Amagerbro Vest;0-4 år;2009;374
Amager Vest - Amagerbro Vest;0-4 år;2010;390
Amager Vest - Amagerbro Vest;0-4 år;2011;417
Amager Vest - Amagerbro Vest;0-4 år;2012;435
Amager Vest - Amagerbro Vest;0-4 år;2013;460
Amager Vest - Amagerbro Vest;0-4 år;2014;471
Amager Vest - Amagerbro Vest;0-4 år;2015;496
Amager Vest - Amagerbro Vest;0-4 år;2016;486
Amager Vest - Amagerbro Vest;0-4 år;2017;488
Amager Vest - Amagerbro Vest;0-4 år;2018;475
Amager Vest - Amagerbro Vest;0-4 år;2019;463
Amager Vest - Amagerbro Vest;0-4 år;2020;466
Amager Vest - Amagerbro Vest;0-4 år;2021;423
Amager Vest - Amagerbro Vest;0-4 år;2022;393
Amager Vest - Amagerbro Vest;0-4 år;2023;403
Amager Vest - Amagerbro Vest;0-4 år;2024;363
Amager Vest - Amagerbro Vest;0-4 år;2025;398
Amager Vest - Bryggen Syd;0-4 år;1977;0
Amager Vest - Bryggen Syd;0-4 år;1978;0
Amager Vest - Bryggen Syd;0-4 år;1979;0
Amager Vest - Bryggen Syd;0-4 år;1980;0
Amager Vest - Bryggen Syd;0-4 år;1981;3
Amager Vest - Bryggen Syd;0-4 år;1982;2
Amager Vest - Bryggen Syd;0-4 år;1983;2
Amager Vest - Bryggen Syd;0-4 år;1984;4
Amager Vest - Bryggen Syd;0-4 år;1985;0
Amager Vest - Bryggen Syd;0-4 år;1986;2
Amager Vest - Bryggen Syd;0-4 år;1987;3
Amager Vest - Bryggen Syd;0-4 år;1988;0
Amager Vest - Bryggen Syd;0-4 år;1989;0
Amager Vest - Bryggen Syd;0-4 år;1990;1
Amager Vest - Bryggen Syd;0-4 år;1991;0
Amager Vest - Bryggen Syd;0-4 år;1992;2
Amager Vest - Bryggen Syd;0-4 år;1993;3
Amager Vest - Bryggen Syd;0-4 år;1994;0
Amager Vest - Bryggen Syd;0-4 år;1995;1
Amager Vest - Bryggen Syd;0-4 år;1996;0
Amager Vest - Bryggen Syd;0-4 år;1997;1
Amager Vest - Bryggen Syd;0-4 år;1998;7
Amager Vest - Bryggen Syd;0-4 år;1999;3
Amager Vest - Bryggen Syd;0-4 år;2000;5
Amager Vest - Bryggen Syd;0-4 år;2001;4
Amager Vest - Bryggen Syd;0-4 år;2002;3
Amager Vest - Bryggen Syd;0-4 år;2003;4
Amager Vest - Bryggen Syd;0-4 år;2004;9
Amager Vest - Bryggen Syd;0-4 år;2005;9
Amager Vest - Bryggen Syd;0-4 år;2006;53
Amager Vest - Bryggen Syd;0-4 år;2007;122
Amager Vest - Bryggen Syd;0-4 år;2008;170
Amager Vest - Bryggen Syd;0-4 år;2009;222
Amager Vest - Bryggen Syd;0-4 år;2010;268
Amager Vest - Bryggen Syd;0-4 år;2011;275
Amager Vest - Bryggen Syd;0-4 år;2012;292
Amager Vest - Bryggen Syd;0-4 år;2013;330
Amager Vest - Bryggen Syd;0-4 år;2014;344
Amager Vest - Bryggen Syd;0-4 år;2015;432
Amager Vest - Bryggen Syd;0-4 år;2016;483
Amager Vest - Bryggen Syd;0-4 år;2017;551
Amager Vest - Bryggen Syd;0-4 år;2018;541
Amager Vest - Bryggen Syd;0-4 år;2019;495
Amager Vest - Bryggen Syd;0-4 år;2020;501
Amager Vest - Bryggen Syd;0-4 år;2021;487
Amager Vest - Bryggen Syd;0-4 år;2022;453
Amager Vest - Bryggen Syd;0-4 år;2023;400
Amager Vest - Bryggen Syd;0-4 år;2024;426
Amager Vest - Bryggen Syd;0-4 år;2025;437
Amager Vest - Faste Batteri;0-4 år;1977;299
Amager Vest - Faste Batteri;0-4 år;1978;290
Amager Vest - Faste Batteri;0-4 år;1979;239
Amager Vest - Faste Batteri;0-4 år;1980;284
Amager Vest - Faste Batteri;0-4 år;1981;293
Amager Vest - Faste Batteri;0-4 år;1982;270
Amager Vest - Faste Batteri;0-4 år;1983;313
Amager Vest - Faste Batteri;0-4 år;1984;270
Amager Vest - Faste Batteri;0-4 år;1985;238
Amager Vest - Faste Batteri;0-4 år;1986;262
Amager Vest - Faste Batteri;0-4 år;1987;281
Amager Vest - Faste Batteri;0-4 år;1988;301
Amager Vest - Faste Batteri;0-4 år;1989;304
Amager Vest - Faste Batteri;0-4 år;1990;294
Amager Vest - Faste Batteri;0-4 år;1991;65
Amager Vest - Faste Batteri;0-4 år;1992;59
Amager Vest - Faste Batteri;0-4 år;1993;69
Amager Vest - Faste Batteri;0-4 år;1994;75
Amager Vest - Faste Batteri;0-4 år;1995;80
Amager Vest - Faste Batteri;0-4 år;1996;90
Amager Vest - Faste Batteri;0-4 år;1997;101
Amager Vest - Faste Batteri;0-4 år;1998;99
Amager Vest - Faste Batteri;0-4 år;1999;104
Amager Vest - Faste Batteri;0-4 år;2000;112
Amager Vest - Faste Batteri;0-4 år;2001;115
Amager Vest - Faste Batteri;0-4 år;2002;114
Amager Vest - Faste Batteri;0-4 år;2003;107
Amager Vest - Faste Batteri;0-4 år;2004;114
Amager Vest - Faste Batteri;0-4 år;2005;128
Amager Vest - Faste Batteri;0-4 år;2006;135
Amager Vest - Faste Batteri;0-4 år;2007;185
Amager Vest - Faste Batteri;0-4 år;2008;240
Amager Vest - Faste Batteri;0-4 år;2009;284
Amager Vest - Faste Batteri;0-4 år;2010;300
Amager Vest - Faste Batteri;0-4 år;2011;309
Amager Vest - Faste Batteri;0-4 år;2012;308
Amager Vest - Faste Batteri;0-4 år;2013;290
Amager Vest - Faste Batteri;0-4 år;2014;268
Amager Vest - Faste Batteri;0-4 år;2015;276
Amager Vest - Faste Batteri;0-4 år;2016;266
Amager Vest - Faste Batteri;0-4 år;2017;259
Amager Vest - Faste Batteri;0-4 år;2018;250
Amager Vest - Faste Batteri;0-4 år;2019;279
Amager Vest - Faste Batteri;0-4 år;2020;284
Amager Vest - Faste Batteri;0-4 år;2021;312
Amager Vest - Faste Batteri;0-4 år;2022;302
Amager Vest - Faste Batteri;0-4 år;2023;343
Amager Vest - Faste Batteri;0-4 år;2024;321
Amager Vest - Faste Batteri;0-4 år;2025;347
Amager Vest - Gamle Bryggen;0-4 år;1977;325
Amager Vest - Gamle Bryggen;0-4 år;1978;316
Amager Vest - Gamle Bryggen;0-4 år;1979;322
Amager Vest - Gamle Bryggen;0-4 år;1980;307
Amager Vest - Gamle Bryggen;0-4 år;1981;265
Amager Vest - Gamle Bryggen;0-4 år;1982;231
Amager Vest - Gamle Bryggen;0-4 år;1983;233
Amager Vest - Gamle Bryggen;0-4 år;1984;210
Amager Vest - Gamle Bryggen;0-4 år;1985;203
Amager Vest - Gamle Bryggen;0-4 år;1986;179
Amager Vest - Gamle Bryggen;0-4 år;1987;177
Amager Vest - Gamle Bryggen;0-4 år;1988;174
Amager Vest - Gamle Bryggen;0-4 år;1989;195
Amager Vest - Gamle Bryggen;0-4 år;1990;191
Amager Vest - Gamle Bryggen;0-4 år;1991;196
Amager Vest - Gamle Bryggen;0-4 år;1992;184
Amager Vest - Gamle Bryggen;0-4 år;1993;221
Amager Vest - Gamle Bryggen;0-4 år;1994;207
Amager Vest - Gamle Bryggen;0-4 år;1995;227
Amager Vest - Gamle Bryggen;0-4 år;1996;247
Amager Vest - Gamle Bryggen;0-4 år;1997;268
Amager Vest - Gamle Bryggen;0-4 år;1998;278
Amager Vest - Gamle Bryggen;0-4 år;1999;272
Amager Vest - Gamle Bryggen;0-4 år;2000;255
Amager Vest - Gamle Bryggen;0-4 år;2001;283
Amager Vest - Gamle Bryggen;0-4 år;2002;276
Amager Vest - Gamle Bryggen;0-4 år;2003;292
Amager Vest - Gamle Bryggen;0-4 år;2004;328
Amager Vest - Gamle Bryggen;0-4 år;2005;383
Amager Vest - Gamle Bryggen;0-4 år;2006;462
Amager Vest - Gamle Bryggen;0-4 år;2007;499
Amager Vest - Gamle Bryggen;0-4 år;2008;504
Amager Vest - Gamle Bryggen;0-4 år;2009;514
Amager Vest - Gamle Bryggen;0-4 år;2010;565
Amager Vest - Gamle Bryggen;0-4 år;2011;628
Amager Vest - Gamle Bryggen;0-4 år;2012;647
Amager Vest - Gamle Bryggen;0-4 år;2013;669
Amager Vest - Gamle Bryggen;0-4 år;2014;664
Amager Vest - Gamle Bryggen;0-4 år;2015;612
Amager Vest - Gamle Bryggen;0-4 år;2016;594
Amager Vest - Gamle Bryggen;0-4 år;2017;592
Amager Vest - Gamle Bryggen;0-4 år;2018;595
Amager Vest - Gamle Bryggen;0-4 år;2019;580
Amager Vest - Gamle Bryggen;0-4 år;2020;578
Amager Vest - Gamle Bryggen;0-4 år;2021;562
Amager Vest - Gamle Bryggen;0-4 år;2022;522
Amager Vest - Gamle Bryggen;0-4 år;2023;495
Amager Vest - Gamle Bryggen;0-4 år;2024;501
Amager Vest - Gamle Bryggen;0-4 år;2025;502
Amager Vest - Grønjordssøen (Ørestad Nord og Vejlandskvarter);0-4 år;1977;6
Amager Vest - Grønjordssøen (Ørestad Nord og Vejlandskvarter);0-4 år;1978;6
Amager Vest - Grønjordssøen (Ørestad Nord og Vejlandskvarter);0-4 år;1979;11
Amager Vest - Grønjordssøen (Ørestad Nord og Vejlandskvarter);0-4 år;1980;14
Amager Vest - Grønjordssøen (Ørestad Nord og Vejlandskvarter);0-4 år;1981;17
Amager Vest - Grønjordssøen (Ørestad Nord og Vejlandskvarter);0-4 år;1982;17
Amager Vest - Grønjordssøen (Ørestad Nord og Vejlandskvarter);0-4 år;1983;15
Amager Vest - Grønjordssøen (Ørestad Nord og Vejlandskvarter);0-4 år;1984;13
Amager Vest - Grønjordssøen (Ørestad Nord og Vejlandskvarter);0-4 år;1985;10
Amager Vest - Grønjordssøen (Ørestad Nord og Vejlandskvarter);0-4 år;1986;6
Amager Vest - Grønjordssøen (Ørestad Nord og Vejlandskvarter);0-4 år;1987;7
Amager Vest - Grønjordssøen (Ørestad Nord og Vejlandskvarter);0-4 år;1988;7
Amager Vest - Grønjordssøen (Ørestad Nord og Vejlandskvarter);0-4 år;1989;7
Amager Vest - Grønjordssøen (Ørestad Nord og Vejlandskvarter);0-4 år;1990;9
Amager Vest - Grønjordssøen (Ørestad Nord og Vejlandskvarter);0-4 år;1991;8
Amager Vest - Grønjordssøen (Ørestad Nord og Vejlandskvarter);0-4 år;1992;5
Amager Vest - Grønjordssøen (Ørestad Nord og Vejlandskvarter);0-4 år;1993;5
Amager Vest - Grønjordssøen (Ørestad Nord og Vejlandskvarter);0-4 år;1994;4
Amager Vest - Grønjordssøen (Ørestad Nord og Vejlandskvarter);0-4 år;1995;4
Amager Vest - Grønjordssøen (Ørestad Nord og Vejlandskvarter);0-4 år;1996;6
Amager Vest - Grønjordssøen (Ørestad Nord og Vejlandskvarter);0-4 år;1997;8
Amager Vest - Grønjordssøen (Ørestad Nord og Vejlandskvarter);0-4 år;1998;9
Amager Vest - Grønjordssøen (Ørestad Nord og Vejlandskvarter);0-4 år;1999;6
Amager Vest - Grønjordssøen (Ørestad Nord og Vejlandskvarter);0-4 år;2000;6
Amager Vest - Grønjordssøen (Ørestad Nord og Vejlandskvarter);0-4 år;2001;4
Amager Vest - Grønjordssøen (Ørestad Nord og Vejlandskvarter);0-4 år;2002;4
Amager Vest - Grønjordssøen (Ørestad Nord og Vejlandskvarter);0-4 år;2003;4
Amager Vest - Grønjordssøen (Ørestad Nord og Vejlandskvarter);0-4 år;2004;4
Amager Vest - Grønjordssøen (Ørestad Nord og Vejlandskvarter);0-4 år;2005;55
Amager Vest - Grønjordssøen (Ørestad Nord og Vejlandskvarter);0-4 år;2006;112
Amager Vest - Grønjordssøen (Ørestad Nord og Vejlandskvarter);0-4 år;2007;160
Amager Vest - Grønjordssøen (Ørestad Nord og Vejlandskvarter);0-4 år;2008;200
Amager Vest - Grønjordssøen (Ørestad Nord og Vejlandskvarter);0-4 år;2009;211
Amager Vest - Grønjordssøen (Ørestad Nord og Vejlandskvarter);0-4 år;2010;234
Amager Vest - Grønjordssøen (Ørestad Nord og Vejlandskvarter);0-4 år;2011;235
Amager Vest - Grønjordssøen (Ørestad Nord og Vejlandskvarter);0-4 år;2012;239
Amager Vest - Grønjordssøen (Ørestad Nord og Vejlandskvarter);0-4 år;2013;237
Amager Vest - Grønjordssøen (Ørestad Nord og Vejlandskvarter);0-4 år;2014;267
Amager Vest - Grønjordssøen (Ørestad Nord og Vejlandskvarter);0-4 år;2015;280
Amager Vest - Grønjordssøen (Ørestad Nord og Vejlandskvarter);0-4 år;2016;248
Amager Vest - Grønjordssøen (Ørestad Nord og Vejlandskvarter);0-4 år;2017;275
Amager Vest - Grønjordssøen (Ørestad Nord og Vejlandskvarter);0-4 år;2018;267
Amager Vest - Grønjordssøen (Ørestad Nord og Vejlandskvarter);0-4 år;2019;271
Amager Vest - Grønjordssøen (Ørestad Nord og Vejlandskvarter);0-4 år;2020;248
Amager Vest - Grønjordssøen (Ørestad Nord og Vejlandskvarter);0-4 år;2021;245
Amager Vest - Grønjordssøen (Ørestad Nord og Vejlandskvarter);0-4 år;2022;240
Amager Vest - Grønjordssøen (Ørestad Nord og Vejlandskvarter);0-4 år;2023;238
Amager Vest - Grønjordssøen (Ørestad Nord og Vejlandskvarter);0-4 år;2024;221
Amager Vest - Grønjordssøen (Ørestad Nord og Vejlandskvarter);0-4 år;2025;217
Amager Vest - Kolonihavekvarteret;0-4 år;1977;182
Amager Vest - Kolonihavekvarteret;0-4 år;1978;177
Amager Vest - Kolonihavekvarteret;0-4 år;1979;193
Amager Vest - Kolonihavekvarteret;0-4 år;1980;210
Amager Vest - Kolonihavekvarteret;0-4 år;1981;245
Amager Vest - Kolonihavekvarteret;0-4 år;1982;219
Amager Vest - Kolonihavekvarteret;0-4 år;1983;288
Amager Vest - Kolonihavekvarteret;0-4 år;1984;263
Amager Vest - Kolonihavekvarteret;0-4 år;1985;246
Amager Vest - Kolonihavekvarteret;0-4 år;1986;235
Amager Vest - Kolonihavekvarteret;0-4 år;1987;273
Amager Vest - Kolonihavekvarteret;0-4 år;1988;272
Amager Vest - Kolonihavekvarteret;0-4 år;1989;253
Amager Vest - Kolonihavekvarteret;0-4 år;1990;203
Amager Vest - Kolonihavekvarteret;0-4 år;1991;210
Amager Vest - Kolonihavekvarteret;0-4 år;1992;196
Amager Vest - Kolonihavekvarteret;0-4 år;1993;221
Amager Vest - Kolonihavekvarteret;0-4 år;1994;247
Amager Vest - Kolonihavekvarteret;0-4 år;1995;253
Amager Vest - Kolonihavekvarteret;0-4 år;1996;257
Amager Vest - Kolonihavekvarteret;0-4 år;1997;280
Amager Vest - Kolonihavekvarteret;0-4 år;1998;277
Amager Vest - Kolonihavekvarteret;0-4 år;1999;280
Amager Vest - Kolonihavekvarteret;0-4 år;2000;265
Amager Vest - Kolonihavekvarteret;0-4 år;2001;248
Amager Vest - Kolonihavekvarteret;0-4 år;2002;243
Amager Vest - Kolonihavekvarteret;0-4 år;2003;241
Amager Vest - Kolonihavekvarteret;0-4 år;2004;228
Amager Vest - Kolonihavekvarteret;0-4 år;2005;225
Amager Vest - Kolonihavekvarteret;0-4 år;2006;270
Amager Vest - Kolonihavekvarteret;0-4 år;2007;266
Amager Vest - Kolonihavekvarteret;0-4 år;2008;262
Amager Vest - Kolonihavekvarteret;0-4 år;2009;270
Amager Vest - Kolonihavekvarteret;0-4 år;2010;288
Amager Vest - Kolonihavekvarteret;0-4 år;2011;274
Amager Vest - Kolonihavekvarteret;0-4 år;2012;292
Amager Vest - Kolonihavekvarteret;0-4 år;2013;286
Amager Vest - Kolonihavekvarteret;0-4 år;2014;294
Amager Vest - Kolonihavekvarteret;0-4 år;2015;314
Amager Vest - Kolonihavekvarteret;0-4 år;2016;326
Amager Vest - Kolonihavekvarteret;0-4 år;2017;343
Amager Vest - Kolonihavekvarteret;0-4 år;2018;356
Amager Vest - Kolonihavekvarteret;0-4 år;2019;375
Amager Vest - Kolonihavekvarteret;0-4 år;2020;356
Amager Vest - Kolonihavekvarteret;0-4 år;2021;346
Amager Vest - Kolonihavekvarteret;0-4 år;2022;318
Amager Vest - Kolonihavekvarteret;0-4 år;2023;286
Amager Vest - Kolonihavekvarteret;0-4 år;2024;259
Amager Vest - Kolonihavekvarteret;0-4 år;2025;247
Amager Vest - Sundbyvester;0-4 år;1977;541
Amager Vest - Sundbyvester;0-4 år;1978;518
Amager Vest - Sundbyvester;0-4 år;1979;486
Amager Vest - Sundbyvester;0-4 år;1980;460
Amager Vest - Sundbyvester;0-4 år;1981;446
Amager Vest - Sundbyvester;0-4 år;1982;419
Amager Vest - Sundbyvester;0-4 år;1983;443
Amager Vest - Sundbyvester;0-4 år;1984;428
Amager Vest - Sundbyvester;0-4 år;1985;425
Amager Vest - Sundbyvester;0-4 år;1986;404
Amager Vest - Sundbyvester;0-4 år;1987;426
Amager Vest - Sundbyvester;0-4 år;1988;449
Amager Vest - Sundbyvester;0-4 år;1989;495
Amager Vest - Sundbyvester;0-4 år;1990;541
Amager Vest - Sundbyvester;0-4 år;1991;540
Amager Vest - Sundbyvester;0-4 år;1992;568
Amager Vest - Sundbyvester;0-4 år;1993;572
Amager Vest - Sundbyvester;0-4 år;1994;607
Amager Vest - Sundbyvester;0-4 år;1995;607
Amager Vest - Sundbyvester;0-4 år;1996;664
Amager Vest - Sundbyvester;0-4 år;1997;659
Amager Vest - Sundbyvester;0-4 år;1998;619
Amager Vest - Sundbyvester;0-4 år;1999;662
Amager Vest - Sundbyvester;0-4 år;2000;621
Amager Vest - Sundbyvester;0-4 år;2001;620
Amager Vest - Sundbyvester;0-4 år;2002;631
Amager Vest - Sundbyvester;0-4 år;2003;658
Amager Vest - Sundbyvester;0-4 år;2004;649
Amager Vest - Sundbyvester;0-4 år;2005;654
Amager Vest - Sundbyvester;0-4 år;2006;642
Amager Vest - Sundbyvester;0-4 år;2007;710
Amager Vest - Sundbyvester;0-4 år;2008;736
Amager Vest - Sundbyvester;0-4 år;2009;769
Amager Vest - Sundbyvester;0-4 år;2010;783
Amager Vest - Sundbyvester;0-4 år;2011;780
Amager Vest - Sundbyvester;0-4 år;2012;824
Amager Vest - Sundbyvester;0-4 år;2013;837
Amager Vest - Sundbyvester;0-4 år;2014;865
Amager Vest - Sundbyvester;0-4 år;2015;844
Amager Vest - Sundbyvester;0-4 år;2016;909
Amager Vest - Sundbyvester;0-4 år;2017;917
Amager Vest - Sundbyvester;0-4 år;2018;923
Amager Vest - Sundbyvester;0-4 år;2019;922
Amager Vest - Sundbyvester;0-4 år;2020;907
Amager Vest - Sundbyvester;0-4 år;2021;843
Amager Vest - Sundbyvester;0-4 år;2022;844
Amager Vest - Sundbyvester;0-4 år;2023;788
Amager Vest - Sundbyvester;0-4 år;2024;748
Amager Vest - Sundbyvester;0-4 år;2025;717
Amager Vest - Sundholmsvejs kvarteret;0-4 år;1977;270
Amager Vest - Sundholmsvejs kvarteret;0-4 år;1978;269
Amager Vest - Sundholmsvejs kvarteret;0-4 år;1979;267
Amager Vest - Sundholmsvejs kvarteret;0-4 år;1980;274
Amager Vest - Sundholmsvejs kvarteret;0-4 år;1981;268
Amager Vest - Sundholmsvejs kvarteret;0-4 år;1982;334
Amager Vest - Sundholmsvejs kvarteret;0-4 år;1983;335
Amager Vest - Sundholmsvejs kvarteret;0-4 år;1984;371
Amager Vest - Sundholmsvejs kvarteret;0-4 år;1985;357
Amager Vest - Sundholmsvejs kvarteret;0-4 år;1986;349
Amager Vest - Sundholmsvejs kvarteret;0-4 år;1987;364
Amager Vest - Sundholmsvejs kvarteret;0-4 år;1988;411
Amager Vest - Sundholmsvejs kvarteret;0-4 år;1989;388
Amager Vest - Sundholmsvejs kvarteret;0-4 år;1990;395
Amager Vest - Sundholmsvejs kvarteret;0-4 år;1991;593
Amager Vest - Sundholmsvejs kvarteret;0-4 år;1992;603
Amager Vest - Sundholmsvejs kvarteret;0-4 år;1993;648
Amager Vest - Sundholmsvejs kvarteret;0-4 år;1994;651
Amager Vest - Sundholmsvejs kvarteret;0-4 år;1995;706
Amager Vest - Sundholmsvejs kvarteret;0-4 år;1996;702
Amager Vest - Sundholmsvejs kvarteret;0-4 år;1997;717
Amager Vest - Sundholmsvejs kvarteret;0-4 år;1998;702
Amager Vest - Sundholmsvejs kvarteret;0-4 år;1999;691
Amager Vest - Sundholmsvejs kvarteret;0-4 år;2000;672
Amager Vest - Sundholmsvejs kvarteret;0-4 år;2001;666
Amager Vest - Sundholmsvejs kvarteret;0-4 år;2002;702
Amager Vest - Sundholmsvejs kvarteret;0-4 år;2003;715
Amager Vest - Sundholmsvejs kvarteret;0-4 år;2004;687
Amager Vest - Sundholmsvejs kvarteret;0-4 år;2005;669
Amager Vest - Sundholmsvejs kvarteret;0-4 år;2006;628
Amager Vest - Sundholmsvejs kvarteret;0-4 år;2007;644
Amager Vest - Sundholmsvejs kvarteret;0-4 år;2008;600
Amager Vest - Sundholmsvejs kvarteret;0-4 år;2009;578
Amager Vest - Sundholmsvejs kvarteret;0-4 år;2010;594
Amager Vest - Sundholmsvejs kvarteret;0-4 år;2011;651
Amager Vest - Sundholmsvejs kvarteret;0-4 år;2012;664
Amager Vest - Sundholmsvejs kvarteret;0-4 år;2013;630
Amager Vest - Sundholmsvejs kvarteret;0-4 år;2014;646
Amager Vest - Sundholmsvejs kvarteret;0-4 år;2015;636
Amager Vest - Sundholmsvejs kvarteret;0-4 år;2016;627
Amager Vest - Sundholmsvejs kvarteret;0-4 år;2017;602
Amager Vest - Sundholmsvejs kvarteret;0-4 år;2018;600
Amager Vest - Sundholmsvejs kvarteret;0-4 år;2019;609
Amager Vest - Sundholmsvejs kvarteret;0-4 år;2020;577
Amager Vest - Sundholmsvejs kvarteret;0-4 år;2021;580
Amager Vest - Sundholmsvejs kvarteret;0-4 år;2022;562
Amager Vest - Sundholmsvejs kvarteret;0-4 år;2023;554
Amager Vest - Sundholmsvejs kvarteret;0-4 år;2024;534
Amager Vest - Sundholmsvejs kvarteret;0-4 år;2025;508
Amager Vest - Urbanplanen;0-4 år;1977;353
Amager Vest - Urbanplanen;0-4 år;1978;318
Amager Vest - Urbanplanen;0-4 år;1979;279
Amager Vest - Urbanplanen;0-4 år;1980;251
Amager Vest - Urbanplanen;0-4 år;1981;182
Amager Vest - Urbanplanen;0-4 år;1982;167
Amager Vest - Urbanplanen;0-4 år;1983;140
Amager Vest - Urbanplanen;0-4 år;1984;144
Amager Vest - Urbanplanen;0-4 år;1985;126
Amager Vest - Urbanplanen;0-4 år;1986;146
Amager Vest - Urbanplanen;0-4 år;1987;158
Amager Vest - Urbanplanen;0-4 år;1988;171
Amager Vest - Urbanplanen;0-4 år;1989;185
Amager Vest - Urbanplanen;0-4 år;1990;255
Amager Vest - Urbanplanen;0-4 år;1991;238
Amager Vest - Urbanplanen;0-4 år;1992;215
Amager Vest - Urbanplanen;0-4 år;1993;210
Amager Vest - Urbanplanen;0-4 år;1994;212
Amager Vest - Urbanplanen;0-4 år;1995;198
Amager Vest - Urbanplanen;0-4 år;1996;220
Amager Vest - Urbanplanen;0-4 år;1997;245
Amager Vest - Urbanplanen;0-4 år;1998;277
Amager Vest - Urbanplanen;0-4 år;1999;270
Amager Vest - Urbanplanen;0-4 år;2000;276
Amager Vest - Urbanplanen;0-4 år;2001;275
Amager Vest - Urbanplanen;0-4 år;2002;294
Amager Vest - Urbanplanen;0-4 år;2003;299
Amager Vest - Urbanplanen;0-4 år;2004;283
Amager Vest - Urbanplanen;0-4 år;2005;270
Amager Vest - Urbanplanen;0-4 år;2006;261
Amager Vest - Urbanplanen;0-4 år;2007;236
Amager Vest - Urbanplanen;0-4 år;2008;210
Amager Vest - Urbanplanen;0-4 år;2009;199
Amager Vest - Urbanplanen;0-4 år;2010;204
Amager Vest - Urbanplanen;0-4 år;2011;209
Amager Vest - Urbanplanen;0-4 år;2012;225
Amager Vest - Urbanplanen;0-4 år;2013;212
Amager Vest - Urbanplanen;0-4 år;2014;228
Amager Vest - Urbanplanen;0-4 år;2015;238
Amager Vest - Urbanplanen;0-4 år;2016;233
Amager Vest - Urbanplanen;0-4 år;2017;214
Amager Vest - Urbanplanen;0-4 år;2018;205
Amager Vest - Urbanplanen;0-4 år;2019;204
Amager Vest - Urbanplanen;0-4 år;2020;198
Amager Vest - Urbanplanen;0-4 år;2021;202
Amager Vest - Urbanplanen;0-4 år;2022;193
Amager Vest - Urbanplanen;0-4 år;2023;186
Amager Vest - Urbanplanen;0-4 år;2024;185
Amager Vest - Urbanplanen;0-4 år;2025;189
Amager Vest - Ørestad City;0-4 år;1977;8
Amager Vest - Ørestad City;0-4 år;1978;6
Amager Vest - Ørestad City;0-4 år;1979;8
Amager Vest - Ørestad City;0-4 år;1980;3
Amager Vest - Ørestad City;0-4 år;1981;4
Amager Vest - Ørestad City;0-4 år;1982;6
Amager Vest - Ørestad City;0-4 år;1983;14
Amager Vest - Ørestad City;0-4 år;1984;10
Amager Vest - Ørestad City;0-4 år;1985;13
Amager Vest - Ørestad City;0-4 år;1986;22
Amager Vest - Ørestad City;0-4 år;1987;17
Amager Vest - Ørestad City;0-4 år;1988;18
Amager Vest - Ørestad City;0-4 år;1989;19
Amager Vest - Ørestad City;0-4 år;1990;17
Amager Vest - Ørestad City;0-4 år;1991;0
Amager Vest - Ørestad City;0-4 år;1992;0
Amager Vest - Ørestad City;0-4 år;1993;0
Amager Vest - Ørestad City;0-4 år;1994;0
Amager Vest - Ørestad City;0-4 år;1995;0
Amager Vest - Ørestad City;0-4 år;1996;0
Amager Vest - Ørestad City;0-4 år;1997;0
Amager Vest - Ørestad City;0-4 år;1998;0
Amager Vest - Ørestad City;0-4 år;1999;0
Amager Vest - Ørestad City;0-4 år;2000;0
Amager Vest - Ørestad City;0-4 år;2001;0
Amager Vest - Ørestad City;0-4 år;2002;0
Amager Vest - Ørestad City;0-4 år;2003;0
Amager Vest - Ørestad City;0-4 år;2004;0
Amager Vest - Ørestad City;0-4 år;2005;0
Amager Vest - Ørestad City;0-4 år;2006;40
Amager Vest - Ørestad City;0-4 år;2007;74
Amager Vest - Ørestad City;0-4 år;2008;233
Amager Vest - Ørestad City;0-4 år;2009;340
Amager Vest - Ørestad City;0-4 år;2010;430
Amager Vest - Ørestad City;0-4 år;2011;523
Amager Vest - Ørestad City;0-4 år;2012;596
Amager Vest - Ørestad City;0-4 år;2013;613
Amager Vest - Ørestad City;0-4 år;2014;653
Amager Vest - Ørestad City;0-4 år;2015;631
Amager Vest - Ørestad City;0-4 år;2016;595
Amager Vest - Ørestad City;0-4 år;2017;572
Amager Vest - Ørestad City;0-4 år;2018;583
Amager Vest - Ørestad City;0-4 år;2019;649
Amager Vest - Ørestad City;0-4 år;2020;692
Amager Vest - Ørestad City;0-4 år;2021;632
Amager Vest - Ørestad City;0-4 år;2022;676
Amager Vest - Ørestad City;0-4 år;2023;671
Amager Vest - Ørestad City;0-4 år;2024;714
Amager Vest - Ørestad City;0-4 år;2025;723
Amager Vest - Ørestad Syd;0-4 år;1977;0
Amager Vest - Ørestad Syd;0-4 år;1978;0
Amager Vest - Ørestad Syd;0-4 år;1979;0
Amager Vest - Ørestad Syd;0-4 år;1980;0
Amager Vest - Ørestad Syd;0-4 år;1981;0
Amager Vest - Ørestad Syd;0-4 år;1982;0
Amager Vest - Ørestad Syd;0-4 år;1983;0
Amager Vest - Ørestad Syd;0-4 år;1984;0
Amager Vest - Ørestad Syd;0-4 år;1985;0
Amager Vest - Ørestad Syd;0-4 år;1986;0
Amager Vest - Ørestad Syd;0-4 år;1987;0
Amager Vest - Ørestad Syd;0-4 år;1988;0
Amager Vest - Ørestad Syd;0-4 år;1989;0
Amager Vest - Ørestad Syd;0-4 år;1990;0
Amager Vest - Ørestad Syd;0-4 år;1991;0
Amager Vest - Ørestad Syd;0-4 år;1992;0
Amager Vest - Ørestad Syd;0-4 år;1993;0
Amager Vest - Ørestad Syd;0-4 år;1994;0
Amager Vest - Ørestad Syd;0-4 år;1995;0
Amager Vest - Ørestad Syd;0-4 år;1996;0
Amager Vest - Ørestad Syd;0-4 år;1997;0
Amager Vest - Ørestad Syd;0-4 år;1998;0
Amager Vest - Ørestad Syd;0-4 år;1999;0
Amager Vest - Ørestad Syd;0-4 år;2000;0
Amager Vest - Ørestad Syd;0-4 år;2001;0
Amager Vest - Ørestad Syd;0-4 år;2002;0
Amager Vest - Ørestad Syd;0-4 år;2003;0
Amager Vest - Ørestad Syd;0-4 år;2004;0
Amager Vest - Ørestad Syd;0-4 år;2005;0
Amager Vest - Ørestad Syd;0-4 år;2006;0
Amager Vest - Ørestad Syd;0-4 år;2007;0
Amager Vest - Ørestad Syd;0-4 år;2008;0
Amager Vest - Ørestad Syd;0-4 år;2009;0
Amager Vest - Ørestad Syd;0-4 år;2010;26
Amager Vest - Ørestad Syd;0-4 år;2011;56
Amager Vest - Ørestad Syd;0-4 år;2012;129
Amager Vest - Ørestad Syd;0-4 år;2013;200
Amager Vest - Ørestad Syd;0-4 år;2014;224
Amager Vest - Ørestad Syd;0-4 år;2015;240
Amager Vest - Ørestad Syd;0-4 år;2016;288
Amager Vest - Ørestad Syd;0-4 år;2017;371
Amager Vest - Ørestad Syd;0-4 år;2018;602
Amager Vest - Ørestad Syd;0-4 år;2019;672
Amager Vest - Ørestad Syd;0-4 år;2020;858
Amager Vest - Ørestad Syd;0-4 år;2021;993
Amager Vest - Ørestad Syd;0-4 år;2022;1060
Amager Vest - Ørestad Syd;0-4 år;2023;1036
Amager Vest - Ørestad Syd;0-4 år;2024;1106
Amager Vest - Ørestad Syd;0-4 år;2025;1092
Kvarterer - Uden for inddeling;0-4 år;1977;0
Kvarterer - Uden for inddeling;0-4 år;1978;0
Kvarterer - Uden for inddeling;0-4 år;1979;0
Kvarterer - Uden for inddeling;0-4 år;1980;0
Kvarterer - Uden for inddeling;0-4 år;1981;0
Kvarterer - Uden for inddeling;0-4 år;1982;0
Kvarterer - Uden for inddeling;0-4 år;1983;0
Kvarterer - Uden for inddeling;0-4 år;1984;0
Kvarterer - Uden for inddeling;0-4 år;1985;0
Kvarterer - Uden for inddeling;0-4 år;1986;0
Kvarterer - Uden for inddeling;0-4 år;1987;0
Kvarterer - Uden for inddeling;0-4 år;1988;0
Kvarterer - Uden for inddeling;0-4 år;1989;0
Kvarterer - Uden for inddeling;0-4 år;1990;0
Kvarterer - Uden for inddeling;0-4 år;1991;30
Kvarterer - Uden for inddeling;0-4 år;1992;43
Kvarterer - Uden for inddeling;0-4 år;1993;39
Kvarterer - Uden for inddeling;0-4 år;1994;31
Kvarterer - Uden for inddeling;0-4 år;1995;38
Kvarterer - Uden for inddeling;0-4 år;1996;55
Kvarterer - Uden for inddeling;0-4 år;1997;46
Kvarterer - Uden for inddeling;0-4 år;1998;57
Kvarterer - Uden for inddeling;0-4 år;1999;52
Kvarterer - Uden for inddeling;0-4 år;2000;59
Kvarterer - Uden for inddeling;0-4 år;2001;77
Kvarterer - Uden for inddeling;0-4 år;2002;73
Kvarterer - Uden for inddeling;0-4 år;2003;91
Kvarterer - Uden for inddeling;0-4 år;2004;115
Kvarterer - Uden for inddeling;0-4 år;2005;111
Kvarterer - Uden for inddeling;0-4 år;2006;109
Kvarterer - Uden for inddeling;0-4 år;2007;93
Kvarterer - Uden for inddeling;0-4 år;2008;120
Kvarterer - Uden for inddeling;0-4 år;2009;108
Kvarterer - Uden for inddeling;0-4 år;2010;136
Kvarterer - Uden for inddeling;0-4 år;2011;126
Kvarterer - Uden for inddeling;0-4 år;2012;126
Kvarterer - Uden for inddeling;0-4 år;2013;109
Kvarterer - Uden for inddeling;0-4 år;2014;116
Kvarterer - Uden for inddeling;0-4 år;2015;131
Kvarterer - Uden for inddeling;0-4 år;2016;113
Kvarterer - Uden for inddeling;0-4 år;2017;121
Kvarterer - Uden for inddeling;0-4 år;2018;92
Kvarterer - Uden for inddeling;0-4 år;2019;78
Kvarterer - Uden for inddeling;0-4 år;2020;96
Kvarterer - Uden for inddeling;0-4 år;2021;112
Kvarterer - Uden for inddeling;0-4 år;2022;113
Kvarterer - Uden for inddeling;0-4 år;2023;95
Kvarterer - Uden for inddeling;0-4 år;2024;100
Kvarterer - Uden for inddeling;0-4 år;2025;117
