OMRKK;TID;INDHOLD
København i alt;1998K1;315613
København i alt;1999K1;316316
København i alt;2000K1;316202
København i alt;2001K1;316780
København i alt;2002K1;316236
København i alt;2002K2;316120
København i alt;2002K3;314470
København i alt;2002K4;315922
København i alt;2003K1;315452
København i alt;2003K2;315605
København i alt;2003K3;314360
København i alt;2003K4;315865
København i alt;2004K1;315872
København i alt;2004K2;315658
København i alt;2004K3;314839
København i alt;2004K4;316641
København i alt;2005K1;316456
København i alt;2005K2;316546
København i alt;2005K3;314390
København i alt;2005K4;316403
København i alt;2006K1;315911
København i alt;2006K2;316026
København i alt;2006K3;314876
København i alt;2006K4;317343
København i alt;2007K1;316973
København i alt;2007K2;317858
København i alt;2007K3;317048
København i alt;2007K4;320143
København i alt;2008K1;320334
København i alt;2008K2;321321
København i alt;2008K3;320684
København i alt;2008K4;324728
København i alt;2009K1;325211
København i alt;2009K2;326247
København i alt;2009K3;326069
København i alt;2009K4;330154
København i alt;2010K1;330526
København i alt;2010K2;331905
København i alt;2010K3;331194
København i alt;2011K1;335993
København i alt;2011K2;337394
København i alt;2011K3;336511
København i alt;2011K4;341687
København i alt;2012K1;340951
København i alt;2012K2;342191
København i alt;2012K3;341226
København i alt;2012K4;346186
København i alt;2013K1;346474
København i alt;2013K2;347780
København i alt;2013K3;346545
København i alt;2013K4;351985
København i alt;2014K1;351957
København i alt;2014K2;353234
København i alt;2014K3;351936
København i alt;2014K4;357774
København i alt;2015K1;357049
København i alt;2015K2;358697
København i alt;2015K3;357683
København i alt;2015K4;363020
København i alt;2016K1;363655
København i alt;2016K2;365076
København i alt;2016K3;363649
København i alt;2016K4;369520
København i alt;2017K1;369273
København i alt;2017K2;371341
København i alt;2017K3;369479
København i alt;2017K4;374926
København i alt;2018K1;375487
København i alt;2018K2;377033
København i alt;2018K3;375652
København i alt;2018K4;381471
København i alt;2019K1;381241
København i alt;2019K2;383101
København i alt;2019K3;381798
København i alt;2019K4;387228
København i alt;2020K1;385885
København i alt;2020K2;386124
København i alt;2020K3;385165
København i alt;2020K4;389798
København i alt;2021K1;389751
København i alt;2021K2;390090
København i alt;2021K3;390219
København i alt;2021K4;395037
København i alt;2022K1;395554
København i alt;2022K2;397503
København i alt;2022K3;397212
København i alt;2022K4;401279
København i alt;2023K1;401446
København i alt;2023K2;403454
København i alt;2023K3;401699
København i alt;2023K4;406426
København i alt;2024K1;405247
København i alt;2024K2;406839
København i alt;2024K3;405046
København i alt;2024K4;410082
København i alt;2025K1;408870
Bydel - Indre By;1998K1;28879
Bydel - Indre By;1999K1;29255
Bydel - Indre By;2000K1;29015
Bydel - Indre By;2001K1;29004
Bydel - Indre By;2002K1;28996
Bydel - Indre By;2002K2;28979
Bydel - Indre By;2002K3;28827
Bydel - Indre By;2002K4;29027
Bydel - Indre By;2003K1;29039
Bydel - Indre By;2003K2;29028
Bydel - Indre By;2003K3;29028
Bydel - Indre By;2003K4;29222
Bydel - Indre By;2004K1;29130
Bydel - Indre By;2004K2;29048
Bydel - Indre By;2004K3;28928
Bydel - Indre By;2004K4;29097
Bydel - Indre By;2005K1;29136
Bydel - Indre By;2005K2;29111
Bydel - Indre By;2005K3;28907
Bydel - Indre By;2005K4;29218
Bydel - Indre By;2006K1;29134
Bydel - Indre By;2006K2;29269
Bydel - Indre By;2006K3;29169
Bydel - Indre By;2006K4;29413
Bydel - Indre By;2007K1;29435
Bydel - Indre By;2007K2;29502
Bydel - Indre By;2007K3;29280
Bydel - Indre By;2007K4;29543
Bydel - Indre By;2008K1;29438
Bydel - Indre By;2008K2;29591
Bydel - Indre By;2008K3;29598
Bydel - Indre By;2008K4;29906
Bydel - Indre By;2009K1;30001
Bydel - Indre By;2009K2;30246
Bydel - Indre By;2009K3;30141
Bydel - Indre By;2009K4;30605
Bydel - Indre By;2010K1;30644
Bydel - Indre By;2010K2;30848
Bydel - Indre By;2010K3;30715
Bydel - Indre By;2011K1;31088
Bydel - Indre By;2011K2;31338
Bydel - Indre By;2011K3;31178
Bydel - Indre By;2011K4;32033
Bydel - Indre By;2012K1;32073
Bydel - Indre By;2012K2;32158
Bydel - Indre By;2012K3;31869
Bydel - Indre By;2012K4;32503
Bydel - Indre By;2013K1;32312
Bydel - Indre By;2013K2;32562
Bydel - Indre By;2013K3;32256
Bydel - Indre By;2013K4;33011
Bydel - Indre By;2014K1;32969
Bydel - Indre By;2014K2;32999
Bydel - Indre By;2014K3;32637
Bydel - Indre By;2014K4;33235
Bydel - Indre By;2015K1;33024
Bydel - Indre By;2015K2;33499
Bydel - Indre By;2015K3;33460
Bydel - Indre By;2015K4;34177
Bydel - Indre By;2016K1;34211
Bydel - Indre By;2016K2;34513
Bydel - Indre By;2016K3;34042
Bydel - Indre By;2016K4;35207
Bydel - Indre By;2017K1;34964
Bydel - Indre By;2017K2;35294
Bydel - Indre By;2017K3;34810
Bydel - Indre By;2017K4;35511
Bydel - Indre By;2018K1;35417
Bydel - Indre By;2018K2;35651
Bydel - Indre By;2018K3;35193
Bydel - Indre By;2018K4;36131
Bydel - Indre By;2019K1;35963
Bydel - Indre By;2019K2;36426
Bydel - Indre By;2019K3;35871
Bydel - Indre By;2019K4;36426
Bydel - Indre By;2020K1;35625
Bydel - Indre By;2020K2;35717
Bydel - Indre By;2020K3;35481
Bydel - Indre By;2020K4;36101
Bydel - Indre By;2021K1;36077
Bydel - Indre By;2021K2;36039
Bydel - Indre By;2021K3;35923
Bydel - Indre By;2021K4;36235
Bydel - Indre By;2022K1;36156
Bydel - Indre By;2022K2;36513
Bydel - Indre By;2022K3;36160
Bydel - Indre By;2022K4;36675
Bydel - Indre By;2023K1;36320
Bydel - Indre By;2023K2;36657
Bydel - Indre By;2023K3;36168
Bydel - Indre By;2023K4;36854
Bydel - Indre By;2024K1;36450
Bydel - Indre By;2024K2;36954
Bydel - Indre By;2024K3;36520
Bydel - Indre By;2024K4;37212
Bydel - Indre By;2025K1;36810
Bydel - Østerbro;1998K1;43785
Bydel - Østerbro;1999K1;43725
Bydel - Østerbro;2000K1;43531
Bydel - Østerbro;2001K1;43262
Bydel - Østerbro;2002K1;43174
Bydel - Østerbro;2002K2;43277
Bydel - Østerbro;2002K3;43073
Bydel - Østerbro;2002K4;43379
Bydel - Østerbro;2003K1;43334
Bydel - Østerbro;2003K2;43374
Bydel - Østerbro;2003K3;43187
Bydel - Østerbro;2003K4;43319
Bydel - Østerbro;2004K1;43219
Bydel - Østerbro;2004K2;43229
Bydel - Østerbro;2004K3;43063
Bydel - Østerbro;2004K4;43383
Bydel - Østerbro;2005K1;43252
Bydel - Østerbro;2005K2;43308
Bydel - Østerbro;2005K3;43052
Bydel - Østerbro;2005K4;43213
Bydel - Østerbro;2006K1;43035
Bydel - Østerbro;2006K2;43008
Bydel - Østerbro;2006K3;42808
Bydel - Østerbro;2006K4;42929
Bydel - Østerbro;2007K1;42897
Bydel - Østerbro;2007K2;43035
Bydel - Østerbro;2007K3;42768
Bydel - Østerbro;2007K4;43186
Bydel - Østerbro;2008K1;43152
Bydel - Østerbro;2008K2;43197
Bydel - Østerbro;2008K3;42885
Bydel - Østerbro;2008K4;43369
Bydel - Østerbro;2009K1;43288
Bydel - Østerbro;2009K2;43437
Bydel - Østerbro;2009K3;43233
Bydel - Østerbro;2009K4;43780
Bydel - Østerbro;2010K1;43714
Bydel - Østerbro;2010K2;43889
Bydel - Østerbro;2010K3;43663
Bydel - Østerbro;2011K1;44173
Bydel - Østerbro;2011K2;44361
Bydel - Østerbro;2011K3;44250
Bydel - Østerbro;2011K4;44766
Bydel - Østerbro;2012K1;44908
Bydel - Østerbro;2012K2;45025
Bydel - Østerbro;2012K3;44681
Bydel - Østerbro;2012K4;45287
Bydel - Østerbro;2013K1;45270
Bydel - Østerbro;2013K2;45702
Bydel - Østerbro;2013K3;45356
Bydel - Østerbro;2013K4;45985
Bydel - Østerbro;2014K1;45886
Bydel - Østerbro;2014K2;46058
Bydel - Østerbro;2014K3;45654
Bydel - Østerbro;2014K4;46143
Bydel - Østerbro;2015K1;46005
Bydel - Østerbro;2015K2;46217
Bydel - Østerbro;2015K3;46027
Bydel - Østerbro;2015K4;46708
Bydel - Østerbro;2016K1;46753
Bydel - Østerbro;2016K2;47007
Bydel - Østerbro;2016K3;46778
Bydel - Østerbro;2016K4;47500
Bydel - Østerbro;2017K1;47573
Bydel - Østerbro;2017K2;47866
Bydel - Østerbro;2017K3;47734
Bydel - Østerbro;2017K4;48462
Bydel - Østerbro;2018K1;48438
Bydel - Østerbro;2018K2;48439
Bydel - Østerbro;2018K3;48131
Bydel - Østerbro;2018K4;48606
Bydel - Østerbro;2019K1;48485
Bydel - Østerbro;2019K2;48687
Bydel - Østerbro;2019K3;48349
Bydel - Østerbro;2019K4;48703
Bydel - Østerbro;2020K1;48553
Bydel - Østerbro;2020K2;48559
Bydel - Østerbro;2020K3;48400
Bydel - Østerbro;2020K4;48921
Bydel - Østerbro;2021K1;48739
Bydel - Østerbro;2021K2;48642
Bydel - Østerbro;2021K3;48617
Bydel - Østerbro;2021K4;48927
Bydel - Østerbro;2022K1;49027
Bydel - Østerbro;2022K2;49395
Bydel - Østerbro;2022K3;49348
Bydel - Østerbro;2022K4;49630
Bydel - Østerbro;2023K1;49495
Bydel - Østerbro;2023K2;49607
Bydel - Østerbro;2023K3;49461
Bydel - Østerbro;2023K4;49938
Bydel - Østerbro;2024K1;49828
Bydel - Østerbro;2024K2;49890
Bydel - Østerbro;2024K3;49715
Bydel - Østerbro;2024K4;50153
Bydel - Østerbro;2025K1;49798
Bydel - Nørrebro;1998K1;46636
Bydel - Nørrebro;1999K1;47333
Bydel - Nørrebro;2000K1;47108
Bydel - Nørrebro;2001K1;47209
Bydel - Nørrebro;2002K1;47218
Bydel - Nørrebro;2002K2;47186
Bydel - Nørrebro;2002K3;46956
Bydel - Nørrebro;2002K4;47133
Bydel - Nørrebro;2003K1;47017
Bydel - Nørrebro;2003K2;47109
Bydel - Nørrebro;2003K3;46776
Bydel - Nørrebro;2003K4;47006
Bydel - Nørrebro;2004K1;46803
Bydel - Nørrebro;2004K2;46893
Bydel - Nørrebro;2004K3;46570
Bydel - Nørrebro;2004K4;46819
Bydel - Nørrebro;2005K1;46709
Bydel - Nørrebro;2005K2;46699
Bydel - Nørrebro;2005K3;46237
Bydel - Nørrebro;2005K4;46383
Bydel - Nørrebro;2006K1;46228
Bydel - Nørrebro;2006K2;46105
Bydel - Nørrebro;2006K3;45804
Bydel - Nørrebro;2006K4;46095
Bydel - Nørrebro;2007K1;45889
Bydel - Nørrebro;2007K2;45927
Bydel - Nørrebro;2007K3;45690
Bydel - Nørrebro;2007K4;46079
Bydel - Nørrebro;2008K1;46049
Bydel - Nørrebro;2008K2;45958
Bydel - Nørrebro;2008K3;45806
Bydel - Nørrebro;2008K4;46350
Bydel - Nørrebro;2009K1;46470
Bydel - Nørrebro;2009K2;46743
Bydel - Nørrebro;2009K3;46756
Bydel - Nørrebro;2009K4;47433
Bydel - Nørrebro;2010K1;47432
Bydel - Nørrebro;2010K2;47527
Bydel - Nørrebro;2010K3;47520
Bydel - Nørrebro;2011K1;48259
Bydel - Nørrebro;2011K2;48507
Bydel - Nørrebro;2011K3;48346
Bydel - Nørrebro;2011K4;49142
Bydel - Nørrebro;2012K1;49099
Bydel - Nørrebro;2012K2;49287
Bydel - Nørrebro;2012K3;49348
Bydel - Nørrebro;2012K4;50111
Bydel - Nørrebro;2013K1;49988
Bydel - Nørrebro;2013K2;50002
Bydel - Nørrebro;2013K3;49917
Bydel - Nørrebro;2013K4;50697
Bydel - Nørrebro;2014K1;50628
Bydel - Nørrebro;2014K2;50759
Bydel - Nørrebro;2014K3;50647
Bydel - Nørrebro;2014K4;51440
Bydel - Nørrebro;2015K1;51166
Bydel - Nørrebro;2015K2;51365
Bydel - Nørrebro;2015K3;50975
Bydel - Nørrebro;2015K4;51533
Bydel - Nørrebro;2016K1;51436
Bydel - Nørrebro;2016K2;51313
Bydel - Nørrebro;2016K3;50951
Bydel - Nørrebro;2016K4;51400
Bydel - Nørrebro;2017K1;51165
Bydel - Nørrebro;2017K2;51346
Bydel - Nørrebro;2017K3;51018
Bydel - Nørrebro;2017K4;51662
Bydel - Nørrebro;2018K1;51418
Bydel - Nørrebro;2018K2;51402
Bydel - Nørrebro;2018K3;51173
Bydel - Nørrebro;2018K4;51515
Bydel - Nørrebro;2019K1;51349
Bydel - Nørrebro;2019K2;51475
Bydel - Nørrebro;2019K3;51081
Bydel - Nørrebro;2019K4;51332
Bydel - Nørrebro;2020K1;51018
Bydel - Nørrebro;2020K2;50681
Bydel - Nørrebro;2020K3;50353
Bydel - Nørrebro;2020K4;50573
Bydel - Nørrebro;2021K1;50301
Bydel - Nørrebro;2021K2;50128
Bydel - Nørrebro;2021K3;49864
Bydel - Nørrebro;2021K4;50180
Bydel - Nørrebro;2022K1;50203
Bydel - Nørrebro;2022K2;50248
Bydel - Nørrebro;2022K3;50160
Bydel - Nørrebro;2022K4;50357
Bydel - Nørrebro;2023K1;50312
Bydel - Nørrebro;2023K2;50385
Bydel - Nørrebro;2023K3;50491
Bydel - Nørrebro;2023K4;50763
Bydel - Nørrebro;2024K1;50637
Bydel - Nørrebro;2024K2;50732
Bydel - Nørrebro;2024K3;50682
Bydel - Nørrebro;2024K4;50957
Bydel - Nørrebro;2025K1;51007
Bydel - Vesterbro/Kongens Enghave;1998K1;34183
Bydel - Vesterbro/Kongens Enghave;1999K1;34188
Bydel - Vesterbro/Kongens Enghave;2000K1;34186
Bydel - Vesterbro/Kongens Enghave;2001K1;34261
Bydel - Vesterbro/Kongens Enghave;2002K1;34203
Bydel - Vesterbro/Kongens Enghave;2002K2;34005
Bydel - Vesterbro/Kongens Enghave;2002K3;33786
Bydel - Vesterbro/Kongens Enghave;2002K4;33875
Bydel - Vesterbro/Kongens Enghave;2003K1;33804
Bydel - Vesterbro/Kongens Enghave;2003K2;33755
Bydel - Vesterbro/Kongens Enghave;2003K3;33524
Bydel - Vesterbro/Kongens Enghave;2003K4;33658
Bydel - Vesterbro/Kongens Enghave;2004K1;33610
Bydel - Vesterbro/Kongens Enghave;2004K2;33563
Bydel - Vesterbro/Kongens Enghave;2004K3;33360
Bydel - Vesterbro/Kongens Enghave;2004K4;33503
Bydel - Vesterbro/Kongens Enghave;2005K1;33429
Bydel - Vesterbro/Kongens Enghave;2005K2;33382
Bydel - Vesterbro/Kongens Enghave;2005K3;33217
Bydel - Vesterbro/Kongens Enghave;2005K4;33319
Bydel - Vesterbro/Kongens Enghave;2006K1;33253
Bydel - Vesterbro/Kongens Enghave;2006K2;33234
Bydel - Vesterbro/Kongens Enghave;2006K3;33146
Bydel - Vesterbro/Kongens Enghave;2006K4;33581
Bydel - Vesterbro/Kongens Enghave;2007K1;33702
Bydel - Vesterbro/Kongens Enghave;2007K2;33747
Bydel - Vesterbro/Kongens Enghave;2007K3;33628
Bydel - Vesterbro/Kongens Enghave;2007K4;33880
Bydel - Vesterbro/Kongens Enghave;2008K1;33824
Bydel - Vesterbro/Kongens Enghave;2008K2;34028
Bydel - Vesterbro/Kongens Enghave;2008K3;34209
Bydel - Vesterbro/Kongens Enghave;2008K4;34721
Bydel - Vesterbro/Kongens Enghave;2009K1;34917
Bydel - Vesterbro/Kongens Enghave;2009K2;35281
Bydel - Vesterbro/Kongens Enghave;2009K3;35296
Bydel - Vesterbro/Kongens Enghave;2009K4;35831
Bydel - Vesterbro/Kongens Enghave;2010K1;36016
Bydel - Vesterbro/Kongens Enghave;2010K2;36178
Bydel - Vesterbro/Kongens Enghave;2010K3;36161
Bydel - Vesterbro/Kongens Enghave;2011K1;36826
Bydel - Vesterbro/Kongens Enghave;2011K2;36896
Bydel - Vesterbro/Kongens Enghave;2011K3;36891
Bydel - Vesterbro/Kongens Enghave;2011K4;37384
Bydel - Vesterbro/Kongens Enghave;2012K1;37438
Bydel - Vesterbro/Kongens Enghave;2012K2;37459
Bydel - Vesterbro/Kongens Enghave;2012K3;37298
Bydel - Vesterbro/Kongens Enghave;2012K4;37606
Bydel - Vesterbro/Kongens Enghave;2013K1;37702
Bydel - Vesterbro/Kongens Enghave;2013K2;37735
Bydel - Vesterbro/Kongens Enghave;2013K3;37658
Bydel - Vesterbro/Kongens Enghave;2013K4;38228
Bydel - Vesterbro/Kongens Enghave;2014K1;38193
Bydel - Vesterbro/Kongens Enghave;2014K2;38280
Bydel - Vesterbro/Kongens Enghave;2014K3;38375
Bydel - Vesterbro/Kongens Enghave;2014K4;39081
Bydel - Vesterbro/Kongens Enghave;2015K1;38946
Bydel - Vesterbro/Kongens Enghave;2015K2;39017
Bydel - Vesterbro/Kongens Enghave;2015K3;38811
Bydel - Vesterbro/Kongens Enghave;2015K4;39559
Bydel - Vesterbro/Kongens Enghave;2016K1;39626
Bydel - Vesterbro/Kongens Enghave;2016K2;40026
Bydel - Vesterbro/Kongens Enghave;2016K3;40293
Bydel - Vesterbro/Kongens Enghave;2016K4;40731
Bydel - Vesterbro/Kongens Enghave;2017K1;40989
Bydel - Vesterbro/Kongens Enghave;2017K2;41356
Bydel - Vesterbro/Kongens Enghave;2017K3;41263
Bydel - Vesterbro/Kongens Enghave;2017K4;42052
Bydel - Vesterbro/Kongens Enghave;2018K1;42594
Bydel - Vesterbro/Kongens Enghave;2018K2;42892
Bydel - Vesterbro/Kongens Enghave;2018K3;42911
Bydel - Vesterbro/Kongens Enghave;2018K4;43636
Bydel - Vesterbro/Kongens Enghave;2019K1;43662
Bydel - Vesterbro/Kongens Enghave;2019K2;43885
Bydel - Vesterbro/Kongens Enghave;2019K3;44111
Bydel - Vesterbro/Kongens Enghave;2019K4;44900
Bydel - Vesterbro/Kongens Enghave;2020K1;45186
Bydel - Vesterbro/Kongens Enghave;2020K2;45199
Bydel - Vesterbro/Kongens Enghave;2020K3;45184
Bydel - Vesterbro/Kongens Enghave;2020K4;46119
Bydel - Vesterbro/Kongens Enghave;2021K1;46382
Bydel - Vesterbro/Kongens Enghave;2021K2;46749
Bydel - Vesterbro/Kongens Enghave;2021K3;47138
Bydel - Vesterbro/Kongens Enghave;2021K4;48105
Bydel - Vesterbro/Kongens Enghave;2022K1;48126
Bydel - Vesterbro/Kongens Enghave;2022K2;48183
Bydel - Vesterbro/Kongens Enghave;2022K3;48193
Bydel - Vesterbro/Kongens Enghave;2022K4;48999
Bydel - Vesterbro/Kongens Enghave;2023K1;49407
Bydel - Vesterbro/Kongens Enghave;2023K2;49521
Bydel - Vesterbro/Kongens Enghave;2023K3;49671
Bydel - Vesterbro/Kongens Enghave;2023K4;50352
Bydel - Vesterbro/Kongens Enghave;2024K1;50243
Bydel - Vesterbro/Kongens Enghave;2024K2;50465
Bydel - Vesterbro/Kongens Enghave;2024K3;50584
Bydel - Vesterbro/Kongens Enghave;2024K4;51541
Bydel - Vesterbro/Kongens Enghave;2025K1;51651
Bydel - Valby;1998K1;27819
Bydel - Valby;1999K1;27854
Bydel - Valby;2000K1;27745
Bydel - Valby;2001K1;27653
Bydel - Valby;2002K1;27682
Bydel - Valby;2002K2;27721
Bydel - Valby;2002K3;27654
Bydel - Valby;2002K4;27754
Bydel - Valby;2003K1;27633
Bydel - Valby;2003K2;27690
Bydel - Valby;2003K3;27595
Bydel - Valby;2003K4;27796
Bydel - Valby;2004K1;27752
Bydel - Valby;2004K2;27693
Bydel - Valby;2004K3;27602
Bydel - Valby;2004K4;27689
Bydel - Valby;2005K1;27777
Bydel - Valby;2005K2;27773
Bydel - Valby;2005K3;27674
Bydel - Valby;2005K4;27729
Bydel - Valby;2006K1;27519
Bydel - Valby;2006K2;27423
Bydel - Valby;2006K3;27294
Bydel - Valby;2006K4;27370
Bydel - Valby;2007K1;27295
Bydel - Valby;2007K2;27221
Bydel - Valby;2007K3;27210
Bydel - Valby;2007K4;27355
Bydel - Valby;2008K1;27395
Bydel - Valby;2008K2;27505
Bydel - Valby;2008K3;27493
Bydel - Valby;2008K4;27801
Bydel - Valby;2009K1;27819
Bydel - Valby;2009K2;27843
Bydel - Valby;2009K3;27944
Bydel - Valby;2009K4;28183
Bydel - Valby;2010K1;28147
Bydel - Valby;2010K2;28051
Bydel - Valby;2010K3;27965
Bydel - Valby;2011K1;28328
Bydel - Valby;2011K2;28549
Bydel - Valby;2011K3;28460
Bydel - Valby;2011K4;28683
Bydel - Valby;2012K1;28716
Bydel - Valby;2012K2;28765
Bydel - Valby;2012K3;28777
Bydel - Valby;2012K4;29186
Bydel - Valby;2013K1;29265
Bydel - Valby;2013K2;29492
Bydel - Valby;2013K3;29484
Bydel - Valby;2013K4;29850
Bydel - Valby;2014K1;29893
Bydel - Valby;2014K2;30046
Bydel - Valby;2014K3;29996
Bydel - Valby;2014K4;30321
Bydel - Valby;2015K1;30349
Bydel - Valby;2015K2;30474
Bydel - Valby;2015K3;30467
Bydel - Valby;2015K4;30937
Bydel - Valby;2016K1;31170
Bydel - Valby;2016K2;31283
Bydel - Valby;2016K3;31285
Bydel - Valby;2016K4;31905
Bydel - Valby;2017K1;32040
Bydel - Valby;2017K2;32162
Bydel - Valby;2017K3;32109
Bydel - Valby;2017K4;32678
Bydel - Valby;2018K1;33081
Bydel - Valby;2018K2;33281
Bydel - Valby;2018K3;33319
Bydel - Valby;2018K4;34111
Bydel - Valby;2019K1;34391
Bydel - Valby;2019K2;34532
Bydel - Valby;2019K3;34767
Bydel - Valby;2019K4;35397
Bydel - Valby;2020K1;35674
Bydel - Valby;2020K2;35889
Bydel - Valby;2020K3;36049
Bydel - Valby;2020K4;36712
Bydel - Valby;2021K1;36777
Bydel - Valby;2021K2;37245
Bydel - Valby;2021K3;37256
Bydel - Valby;2021K4;37983
Bydel - Valby;2022K1;38440
Bydel - Valby;2022K2;38711
Bydel - Valby;2022K3;39042
Bydel - Valby;2022K4;39630
Bydel - Valby;2023K1;39922
Bydel - Valby;2023K2;39846
Bydel - Valby;2023K3;39461
Bydel - Valby;2023K4;39645
Bydel - Valby;2024K1;39582
Bydel - Valby;2024K2;39397
Bydel - Valby;2024K3;39244
Bydel - Valby;2024K4;39801
Bydel - Valby;2025K1;39759
Bydel - Vanløse;1998K1;21577
Bydel - Vanløse;1999K1;21520
Bydel - Vanløse;2000K1;21562
Bydel - Vanløse;2001K1;21614
Bydel - Vanløse;2002K1;21673
Bydel - Vanløse;2002K2;21620
Bydel - Vanløse;2002K3;21580
Bydel - Vanløse;2002K4;21685
Bydel - Vanløse;2003K1;21633
Bydel - Vanløse;2003K2;21593
Bydel - Vanløse;2003K3;21581
Bydel - Vanløse;2003K4;21612
Bydel - Vanløse;2004K1;21635
Bydel - Vanløse;2004K2;21596
Bydel - Vanløse;2004K3;21492
Bydel - Vanløse;2004K4;21563
Bydel - Vanløse;2005K1;21622
Bydel - Vanløse;2005K2;21607
Bydel - Vanløse;2005K3;21560
Bydel - Vanløse;2005K4;21528
Bydel - Vanløse;2006K1;21455
Bydel - Vanløse;2006K2;21400
Bydel - Vanløse;2006K3;21259
Bydel - Vanløse;2006K4;21247
Bydel - Vanløse;2007K1;21221
Bydel - Vanløse;2007K2;21185
Bydel - Vanløse;2007K3;21190
Bydel - Vanløse;2007K4;21257
Bydel - Vanløse;2008K1;21261
Bydel - Vanløse;2008K2;21277
Bydel - Vanløse;2008K3;21115
Bydel - Vanløse;2008K4;21207
Bydel - Vanløse;2009K1;21239
Bydel - Vanløse;2009K2;21291
Bydel - Vanløse;2009K3;21275
Bydel - Vanløse;2009K4;21404
Bydel - Vanløse;2010K1;21493
Bydel - Vanløse;2010K2;21570
Bydel - Vanløse;2010K3;21525
Bydel - Vanløse;2011K1;21765
Bydel - Vanløse;2011K2;21844
Bydel - Vanløse;2011K3;21839
Bydel - Vanløse;2011K4;22075
Bydel - Vanløse;2012K1;22176
Bydel - Vanløse;2012K2;22243
Bydel - Vanløse;2012K3;22234
Bydel - Vanløse;2012K4;22450
Bydel - Vanløse;2013K1;22486
Bydel - Vanløse;2013K2;22552
Bydel - Vanløse;2013K3;22456
Bydel - Vanløse;2013K4;22747
Bydel - Vanløse;2014K1;22788
Bydel - Vanløse;2014K2;22828
Bydel - Vanløse;2014K3;22616
Bydel - Vanløse;2014K4;22829
Bydel - Vanløse;2015K1;22823
Bydel - Vanløse;2015K2;22948
Bydel - Vanløse;2015K3;22914
Bydel - Vanløse;2015K4;23232
Bydel - Vanløse;2016K1;23295
Bydel - Vanløse;2016K2;23335
Bydel - Vanløse;2016K3;23279
Bydel - Vanløse;2016K4;23494
Bydel - Vanløse;2017K1;23501
Bydel - Vanløse;2017K2;23494
Bydel - Vanløse;2017K3;23381
Bydel - Vanløse;2017K4;23619
Bydel - Vanløse;2018K1;23676
Bydel - Vanløse;2018K2;23799
Bydel - Vanløse;2018K3;23748
Bydel - Vanløse;2018K4;23859
Bydel - Vanløse;2019K1;23834
Bydel - Vanløse;2019K2;23715
Bydel - Vanløse;2019K3;23652
Bydel - Vanløse;2019K4;23763
Bydel - Vanløse;2020K1;23828
Bydel - Vanløse;2020K2;23882
Bydel - Vanløse;2020K3;23736
Bydel - Vanløse;2020K4;23842
Bydel - Vanløse;2021K1;23689
Bydel - Vanløse;2021K2;23535
Bydel - Vanløse;2021K3;23487
Bydel - Vanløse;2021K4;23639
Bydel - Vanløse;2022K1;23653
Bydel - Vanløse;2022K2;23646
Bydel - Vanløse;2022K3;23567
Bydel - Vanløse;2022K4;23669
Bydel - Vanløse;2023K1;23619
Bydel - Vanløse;2023K2;23683
Bydel - Vanløse;2023K3;23568
Bydel - Vanløse;2023K4;23674
Bydel - Vanløse;2024K1;23682
Bydel - Vanløse;2024K2;23704
Bydel - Vanløse;2024K3;23723
Bydel - Vanløse;2024K4;23771
Bydel - Vanløse;2025K1;23718
Bydel - Brønshøj-Husum;1998K1;21601
Bydel - Brønshøj-Husum;1999K1;21714
Bydel - Brønshøj-Husum;2000K1;21723
Bydel - Brønshøj-Husum;2001K1;21669
Bydel - Brønshøj-Husum;2002K1;21749
Bydel - Brønshøj-Husum;2002K2;21691
Bydel - Brønshøj-Husum;2002K3;21612
Bydel - Brønshøj-Husum;2002K4;21667
Bydel - Brønshøj-Husum;2003K1;21581
Bydel - Brønshøj-Husum;2003K2;21605
Bydel - Brønshøj-Husum;2003K3;21605
Bydel - Brønshøj-Husum;2003K4;21617
Bydel - Brønshøj-Husum;2004K1;21599
Bydel - Brønshøj-Husum;2004K2;21571
Bydel - Brønshøj-Husum;2004K3;21520
Bydel - Brønshøj-Husum;2004K4;21620
Bydel - Brønshøj-Husum;2005K1;21632
Bydel - Brønshøj-Husum;2005K2;21608
Bydel - Brønshøj-Husum;2005K3;21485
Bydel - Brønshøj-Husum;2005K4;21521
Bydel - Brønshøj-Husum;2006K1;21492
Bydel - Brønshøj-Husum;2006K2;21463
Bydel - Brønshøj-Husum;2006K3;21364
Bydel - Brønshøj-Husum;2006K4;21365
Bydel - Brønshøj-Husum;2007K1;21297
Bydel - Brønshøj-Husum;2007K2;21251
Bydel - Brønshøj-Husum;2007K3;21204
Bydel - Brønshøj-Husum;2007K4;21301
Bydel - Brønshøj-Husum;2008K1;21279
Bydel - Brønshøj-Husum;2008K2;21291
Bydel - Brønshøj-Husum;2008K3;21218
Bydel - Brønshøj-Husum;2008K4;21372
Bydel - Brønshøj-Husum;2009K1;21366
Bydel - Brønshøj-Husum;2009K2;21417
Bydel - Brønshøj-Husum;2009K3;21374
Bydel - Brønshøj-Husum;2009K4;21476
Bydel - Brønshøj-Husum;2010K1;21496
Bydel - Brønshøj-Husum;2010K2;21528
Bydel - Brønshøj-Husum;2010K3;21434
Bydel - Brønshøj-Husum;2011K1;21763
Bydel - Brønshøj-Husum;2011K2;21715
Bydel - Brønshøj-Husum;2011K3;21701
Bydel - Brønshøj-Husum;2011K4;22013
Bydel - Brønshøj-Husum;2012K1;22143
Bydel - Brønshøj-Husum;2012K2;22173
Bydel - Brønshøj-Husum;2012K3;22246
Bydel - Brønshøj-Husum;2012K4;22592
Bydel - Brønshøj-Husum;2013K1;22589
Bydel - Brønshøj-Husum;2013K2;22652
Bydel - Brønshøj-Husum;2013K3;22681
Bydel - Brønshøj-Husum;2013K4;22937
Bydel - Brønshøj-Husum;2014K1;23003
Bydel - Brønshøj-Husum;2014K2;23147
Bydel - Brønshøj-Husum;2014K3;23099
Bydel - Brønshøj-Husum;2014K4;23496
Bydel - Brønshøj-Husum;2015K1;23448
Bydel - Brønshøj-Husum;2015K2;23485
Bydel - Brønshøj-Husum;2015K3;23408
Bydel - Brønshøj-Husum;2015K4;23620
Bydel - Brønshøj-Husum;2016K1;23702
Bydel - Brønshøj-Husum;2016K2;23717
Bydel - Brønshøj-Husum;2016K3;23615
Bydel - Brønshøj-Husum;2016K4;23919
Bydel - Brønshøj-Husum;2017K1;23830
Bydel - Brønshøj-Husum;2017K2;23863
Bydel - Brønshøj-Husum;2017K3;23746
Bydel - Brønshøj-Husum;2017K4;23873
Bydel - Brønshøj-Husum;2018K1;23856
Bydel - Brønshøj-Husum;2018K2;23773
Bydel - Brønshøj-Husum;2018K3;23700
Bydel - Brønshøj-Husum;2018K4;24030
Bydel - Brønshøj-Husum;2019K1;24033
Bydel - Brønshøj-Husum;2019K2;24032
Bydel - Brønshøj-Husum;2019K3;23895
Bydel - Brønshøj-Husum;2019K4;23843
Bydel - Brønshøj-Husum;2020K1;23727
Bydel - Brønshøj-Husum;2020K2;23541
Bydel - Brønshøj-Husum;2020K3;23424
Bydel - Brønshøj-Husum;2020K4;23517
Bydel - Brønshøj-Husum;2021K1;23416
Bydel - Brønshøj-Husum;2021K2;23315
Bydel - Brønshøj-Husum;2021K3;23230
Bydel - Brønshøj-Husum;2021K4;23290
Bydel - Brønshøj-Husum;2022K1;23292
Bydel - Brønshøj-Husum;2022K2;23194
Bydel - Brønshøj-Husum;2022K3;23179
Bydel - Brønshøj-Husum;2022K4;23270
Bydel - Brønshøj-Husum;2023K1;23232
Bydel - Brønshøj-Husum;2023K2;23304
Bydel - Brønshøj-Husum;2023K3;23254
Bydel - Brønshøj-Husum;2023K4;23811
Bydel - Brønshøj-Husum;2024K1;23793
Bydel - Brønshøj-Husum;2024K2;23768
Bydel - Brønshøj-Husum;2024K3;23691
Bydel - Brønshøj-Husum;2024K4;23743
Bydel - Brønshøj-Husum;2025K1;23774
Bydel - Bispebjerg;1998K1;29550
Bydel - Bispebjerg;1999K1;29686
Bydel - Bispebjerg;2000K1;29837
Bydel - Bispebjerg;2001K1;29902
Bydel - Bispebjerg;2002K1;30089
Bydel - Bispebjerg;2002K2;30073
Bydel - Bispebjerg;2002K3;29909
Bydel - Bispebjerg;2002K4;30084
Bydel - Bispebjerg;2003K1;29962
Bydel - Bispebjerg;2003K2;30106
Bydel - Bispebjerg;2003K3;29960
Bydel - Bispebjerg;2003K4;30110
Bydel - Bispebjerg;2004K1;30175
Bydel - Bispebjerg;2004K2;30180
Bydel - Bispebjerg;2004K3;30151
Bydel - Bispebjerg;2004K4;30226
Bydel - Bispebjerg;2005K1;30195
Bydel - Bispebjerg;2005K2;30090
Bydel - Bispebjerg;2005K3;30042
Bydel - Bispebjerg;2005K4;30149
Bydel - Bispebjerg;2006K1;30131
Bydel - Bispebjerg;2006K2;30204
Bydel - Bispebjerg;2006K3;30063
Bydel - Bispebjerg;2006K4;30449
Bydel - Bispebjerg;2007K1;30596
Bydel - Bispebjerg;2007K2;30799
Bydel - Bispebjerg;2007K3;30691
Bydel - Bispebjerg;2007K4;31122
Bydel - Bispebjerg;2008K1;31186
Bydel - Bispebjerg;2008K2;31294
Bydel - Bispebjerg;2008K3;31127
Bydel - Bispebjerg;2008K4;31677
Bydel - Bispebjerg;2009K1;31639
Bydel - Bispebjerg;2009K2;31809
Bydel - Bispebjerg;2009K3;31608
Bydel - Bispebjerg;2009K4;31999
Bydel - Bispebjerg;2010K1;32071
Bydel - Bispebjerg;2010K2;32277
Bydel - Bispebjerg;2010K3;32125
Bydel - Bispebjerg;2011K1;32824
Bydel - Bispebjerg;2011K2;33021
Bydel - Bispebjerg;2011K3;32841
Bydel - Bispebjerg;2011K4;33427
Bydel - Bispebjerg;2012K1;33710
Bydel - Bispebjerg;2012K2;33828
Bydel - Bispebjerg;2012K3;33669
Bydel - Bispebjerg;2012K4;34283
Bydel - Bispebjerg;2013K1;34325
Bydel - Bispebjerg;2013K2;34443
Bydel - Bispebjerg;2013K3;34359
Bydel - Bispebjerg;2013K4;34948
Bydel - Bispebjerg;2014K1;34895
Bydel - Bispebjerg;2014K2;35197
Bydel - Bispebjerg;2014K3;34983
Bydel - Bispebjerg;2014K4;35651
Bydel - Bispebjerg;2015K1;35578
Bydel - Bispebjerg;2015K2;35781
Bydel - Bispebjerg;2015K3;35609
Bydel - Bispebjerg;2015K4;36112
Bydel - Bispebjerg;2016K1;36286
Bydel - Bispebjerg;2016K2;36377
Bydel - Bispebjerg;2016K3;36168
Bydel - Bispebjerg;2016K4;36746
Bydel - Bispebjerg;2017K1;36593
Bydel - Bispebjerg;2017K2;36682
Bydel - Bispebjerg;2017K3;36275
Bydel - Bispebjerg;2017K4;36600
Bydel - Bispebjerg;2018K1;36449
Bydel - Bispebjerg;2018K2;36601
Bydel - Bispebjerg;2018K3;36245
Bydel - Bispebjerg;2018K4;36659
Bydel - Bispebjerg;2019K1;36461
Bydel - Bispebjerg;2019K2;36341
Bydel - Bispebjerg;2019K3;36024
Bydel - Bispebjerg;2019K4;36248
Bydel - Bispebjerg;2020K1;36009
Bydel - Bispebjerg;2020K2;35807
Bydel - Bispebjerg;2020K3;35513
Bydel - Bispebjerg;2020K4;35546
Bydel - Bispebjerg;2021K1;35434
Bydel - Bispebjerg;2021K2;35111
Bydel - Bispebjerg;2021K3;35005
Bydel - Bispebjerg;2021K4;35137
Bydel - Bispebjerg;2022K1;35113
Bydel - Bispebjerg;2022K2;35238
Bydel - Bispebjerg;2022K3;35217
Bydel - Bispebjerg;2022K4;35461
Bydel - Bispebjerg;2023K1;35549
Bydel - Bispebjerg;2023K2;35828
Bydel - Bispebjerg;2023K3;35684
Bydel - Bispebjerg;2023K4;36052
Bydel - Bispebjerg;2024K1;36047
Bydel - Bispebjerg;2024K2;36272
Bydel - Bispebjerg;2024K3;36002
Bydel - Bispebjerg;2024K4;36264
Bydel - Bispebjerg;2025K1;36240
Bydel - Amager Øst;1998K1;30512
Bydel - Amager Øst;1999K1;30711
Bydel - Amager Øst;2000K1;30656
Bydel - Amager Øst;2001K1;30913
Bydel - Amager Øst;2002K1;30878
Bydel - Amager Øst;2002K2;30855
Bydel - Amager Øst;2002K3;30701
Bydel - Amager Øst;2002K4;30746
Bydel - Amager Øst;2003K1;30771
Bydel - Amager Øst;2003K2;30734
Bydel - Amager Øst;2003K3;30596
Bydel - Amager Øst;2003K4;30836
Bydel - Amager Øst;2004K1;30901
Bydel - Amager Øst;2004K2;30967
Bydel - Amager Øst;2004K3;30901
Bydel - Amager Øst;2004K4;30989
Bydel - Amager Øst;2005K1;30891
Bydel - Amager Øst;2005K2;30909
Bydel - Amager Øst;2005K3;30627
Bydel - Amager Øst;2005K4;30939
Bydel - Amager Øst;2006K1;30865
Bydel - Amager Øst;2006K2;30847
Bydel - Amager Øst;2006K3;30556
Bydel - Amager Øst;2006K4;30765
Bydel - Amager Øst;2007K1;30688
Bydel - Amager Øst;2007K2;30759
Bydel - Amager Øst;2007K3;30541
Bydel - Amager Øst;2007K4;30919
Bydel - Amager Øst;2008K1;30935
Bydel - Amager Øst;2008K2;31018
Bydel - Amager Øst;2008K3;30946
Bydel - Amager Øst;2008K4;31408
Bydel - Amager Øst;2009K1;31455
Bydel - Amager Øst;2009K2;31582
Bydel - Amager Øst;2009K3;31545
Bydel - Amager Øst;2009K4;31821
Bydel - Amager Øst;2010K1;31663
Bydel - Amager Øst;2010K2;31749
Bydel - Amager Øst;2010K3;31677
Bydel - Amager Øst;2011K1;31861
Bydel - Amager Øst;2011K2;31946
Bydel - Amager Øst;2011K3;31808
Bydel - Amager Øst;2011K4;32170
Bydel - Amager Øst;2012K1;32198
Bydel - Amager Øst;2012K2;32386
Bydel - Amager Øst;2012K3;32212
Bydel - Amager Øst;2012K4;32693
Bydel - Amager Øst;2013K1;32748
Bydel - Amager Øst;2013K2;32824
Bydel - Amager Øst;2013K3;32640
Bydel - Amager Øst;2013K4;33258
Bydel - Amager Øst;2014K1;33230
Bydel - Amager Øst;2014K2;33294
Bydel - Amager Øst;2014K3;33238
Bydel - Amager Øst;2014K4;34191
Bydel - Amager Øst;2015K1;34278
Bydel - Amager Øst;2015K2;34561
Bydel - Amager Øst;2015K3;34394
Bydel - Amager Øst;2015K4;35027
Bydel - Amager Øst;2016K1;34858
Bydel - Amager Øst;2016K2;35012
Bydel - Amager Øst;2016K3;34937
Bydel - Amager Øst;2016K4;35497
Bydel - Amager Øst;2017K1;35288
Bydel - Amager Øst;2017K2;35461
Bydel - Amager Øst;2017K3;35256
Bydel - Amager Øst;2017K4;35689
Bydel - Amager Øst;2018K1;35715
Bydel - Amager Øst;2018K2;35784
Bydel - Amager Øst;2018K3;35854
Bydel - Amager Øst;2018K4;36458
Bydel - Amager Øst;2019K1;36374
Bydel - Amager Øst;2019K2;36503
Bydel - Amager Øst;2019K3;36333
Bydel - Amager Øst;2019K4;36941
Bydel - Amager Øst;2020K1;36701
Bydel - Amager Øst;2020K2;36813
Bydel - Amager Øst;2020K3;36826
Bydel - Amager Øst;2020K4;37447
Bydel - Amager Øst;2021K1;37529
Bydel - Amager Øst;2021K2;37552
Bydel - Amager Øst;2021K3;37561
Bydel - Amager Øst;2021K4;38105
Bydel - Amager Øst;2022K1;37851
Bydel - Amager Øst;2022K2;37924
Bydel - Amager Øst;2022K3;38062
Bydel - Amager Øst;2022K4;38457
Bydel - Amager Øst;2023K1;38456
Bydel - Amager Øst;2023K2;38830
Bydel - Amager Øst;2023K3;38497
Bydel - Amager Øst;2023K4;39049
Bydel - Amager Øst;2024K1;38897
Bydel - Amager Øst;2024K2;38933
Bydel - Amager Øst;2024K3;38666
Bydel - Amager Øst;2024K4;39077
Bydel - Amager Øst;2025K1;38914
Bydel - Amager Vest;1998K1;27932
Bydel - Amager Vest;1999K1;27912
Bydel - Amager Vest;2000K1;27931
Bydel - Amager Vest;2001K1;28085
Bydel - Amager Vest;2002K1;28135
Bydel - Amager Vest;2002K2;28092
Bydel - Amager Vest;2002K3;27954
Bydel - Amager Vest;2002K4;28080
Bydel - Amager Vest;2003K1;28043
Bydel - Amager Vest;2003K2;28052
Bydel - Amager Vest;2003K3;27844
Bydel - Amager Vest;2003K4;28100
Bydel - Amager Vest;2004K1;28212
Bydel - Amager Vest;2004K2;28230
Bydel - Amager Vest;2004K3;28426
Bydel - Amager Vest;2004K4;28732
Bydel - Amager Vest;2005K1;28656
Bydel - Amager Vest;2005K2;28794
Bydel - Amager Vest;2005K3;28834
Bydel - Amager Vest;2005K4;29472
Bydel - Amager Vest;2006K1;29700
Bydel - Amager Vest;2006K2;29819
Bydel - Amager Vest;2006K3;30070
Bydel - Amager Vest;2006K4;30900
Bydel - Amager Vest;2007K1;31141
Bydel - Amager Vest;2007K2;31523
Bydel - Amager Vest;2007K3;31841
Bydel - Amager Vest;2007K4;32228
Bydel - Amager Vest;2008K1;32414
Bydel - Amager Vest;2008K2;32673
Bydel - Amager Vest;2008K3;32729
Bydel - Amager Vest;2008K4;33285
Bydel - Amager Vest;2009K1;33311
Bydel - Amager Vest;2009K2;33539
Bydel - Amager Vest;2009K3;33531
Bydel - Amager Vest;2009K4;33983
Bydel - Amager Vest;2010K1;34018
Bydel - Amager Vest;2010K2;34278
Bydel - Amager Vest;2010K3;34252
Bydel - Amager Vest;2011K1;34575
Bydel - Amager Vest;2011K2;34774
Bydel - Amager Vest;2011K3;34751
Bydel - Amager Vest;2011K4;35406
Bydel - Amager Vest;2012K1;35457
Bydel - Amager Vest;2012K2;35737
Bydel - Amager Vest;2012K3;35685
Bydel - Amager Vest;2012K4;36291
Bydel - Amager Vest;2013K1;36568
Bydel - Amager Vest;2013K2;36919
Bydel - Amager Vest;2013K3;36825
Bydel - Amager Vest;2013K4;37277
Bydel - Amager Vest;2014K1;37306
Bydel - Amager Vest;2014K2;37491
Bydel - Amager Vest;2014K3;37346
Bydel - Amager Vest;2014K4;38003
Bydel - Amager Vest;2015K1;38030
Bydel - Amager Vest;2015K2;38313
Bydel - Amager Vest;2015K3;38367
Bydel - Amager Vest;2015K4;38830
Bydel - Amager Vest;2016K1;39001
Bydel - Amager Vest;2016K2;39291
Bydel - Amager Vest;2016K3;39041
Bydel - Amager Vest;2016K4;39931
Bydel - Amager Vest;2017K1;40066
Bydel - Amager Vest;2017K2;40597
Bydel - Amager Vest;2017K3;40733
Bydel - Amager Vest;2017K4;41655
Bydel - Amager Vest;2018K1;41684
Bydel - Amager Vest;2018K2;42274
Bydel - Amager Vest;2018K3;42291
Bydel - Amager Vest;2018K4;43485
Bydel - Amager Vest;2019K1;43859
Bydel - Amager Vest;2019K2;44716
Bydel - Amager Vest;2019K3;44932
Bydel - Amager Vest;2019K4;46537
Bydel - Amager Vest;2020K1;46433
Bydel - Amager Vest;2020K2;46645
Bydel - Amager Vest;2020K3;46756
Bydel - Amager Vest;2020K4;47690
Bydel - Amager Vest;2021K1;48018
Bydel - Amager Vest;2021K2;48454
Bydel - Amager Vest;2021K3;48783
Bydel - Amager Vest;2021K4;49932
Bydel - Amager Vest;2022K1;50270
Bydel - Amager Vest;2022K2;50960
Bydel - Amager Vest;2022K3;50739
Bydel - Amager Vest;2022K4;51383
Bydel - Amager Vest;2023K1;51410
Bydel - Amager Vest;2023K2;52035
Bydel - Amager Vest;2023K3;51413
Bydel - Amager Vest;2023K4;52395
Bydel - Amager Vest;2024K1;52262
Bydel - Amager Vest;2024K2;53017
Bydel - Amager Vest;2024K3;52540
Bydel - Amager Vest;2024K4;53713
Bydel - Amager Vest;2025K1;53582
Bydel - Uden for inddeling;1998K1;3139
Bydel - Uden for inddeling;1999K1;2418
Bydel - Uden for inddeling;2000K1;2908
Bydel - Uden for inddeling;2001K1;3208
Bydel - Uden for inddeling;2002K1;2439
Bydel - Uden for inddeling;2002K2;2621
Bydel - Uden for inddeling;2002K3;2418
Bydel - Uden for inddeling;2002K4;2492
Bydel - Uden for inddeling;2003K1;2635
Bydel - Uden for inddeling;2003K2;2559
Bydel - Uden for inddeling;2003K3;2664
Bydel - Uden for inddeling;2003K4;2589
Bydel - Uden for inddeling;2004K1;2836
Bydel - Uden for inddeling;2004K2;2688
Bydel - Uden for inddeling;2004K3;2826
Bydel - Uden for inddeling;2004K4;3020
Bydel - Uden for inddeling;2005K1;3157
Bydel - Uden for inddeling;2005K2;3265
Bydel - Uden for inddeling;2005K3;2755
Bydel - Uden for inddeling;2005K4;2932
Bydel - Uden for inddeling;2006K1;3099
Bydel - Uden for inddeling;2006K2;3254
Bydel - Uden for inddeling;2006K3;3343
Bydel - Uden for inddeling;2006K4;3229
Bydel - Uden for inddeling;2007K1;2812
Bydel - Uden for inddeling;2007K2;2909
Bydel - Uden for inddeling;2007K3;3005
Bydel - Uden for inddeling;2007K4;3273
Bydel - Uden for inddeling;2008K1;3401
Bydel - Uden for inddeling;2008K2;3489
Bydel - Uden for inddeling;2008K3;3558
Bydel - Uden for inddeling;2008K4;3632
Bydel - Uden for inddeling;2009K1;3706
Bydel - Uden for inddeling;2009K2;3059
Bydel - Uden for inddeling;2009K3;3366
Bydel - Uden for inddeling;2009K4;3639
Bydel - Uden for inddeling;2010K1;3832
Bydel - Uden for inddeling;2010K2;4010
Bydel - Uden for inddeling;2010K3;4157
Bydel - Uden for inddeling;2011K1;4531
Bydel - Uden for inddeling;2011K2;4443
Bydel - Uden for inddeling;2011K3;4446
Bydel - Uden for inddeling;2011K4;4588
Bydel - Uden for inddeling;2012K1;3033
Bydel - Uden for inddeling;2012K2;3130
Bydel - Uden for inddeling;2012K3;3207
Bydel - Uden for inddeling;2012K4;3184
Bydel - Uden for inddeling;2013K1;3221
Bydel - Uden for inddeling;2013K2;2897
Bydel - Uden for inddeling;2013K3;2913
Bydel - Uden for inddeling;2013K4;3047
Bydel - Uden for inddeling;2014K1;3166
Bydel - Uden for inddeling;2014K2;3135
Bydel - Uden for inddeling;2014K3;3345
Bydel - Uden for inddeling;2014K4;3384
Bydel - Uden for inddeling;2015K1;3402
Bydel - Uden for inddeling;2015K2;3037
Bydel - Uden for inddeling;2015K3;3251
Bydel - Uden for inddeling;2015K4;3285
Bydel - Uden for inddeling;2016K1;3317
Bydel - Uden for inddeling;2016K2;3202
Bydel - Uden for inddeling;2016K3;3260
Bydel - Uden for inddeling;2016K4;3190
Bydel - Uden for inddeling;2017K1;3264
Bydel - Uden for inddeling;2017K2;3220
Bydel - Uden for inddeling;2017K3;3154
Bydel - Uden for inddeling;2017K4;3125
Bydel - Uden for inddeling;2018K1;3159
Bydel - Uden for inddeling;2018K2;3137
Bydel - Uden for inddeling;2018K3;3087
Bydel - Uden for inddeling;2018K4;2981
Bydel - Uden for inddeling;2019K1;2830
Bydel - Uden for inddeling;2019K2;2789
Bydel - Uden for inddeling;2019K3;2783
Bydel - Uden for inddeling;2019K4;3138
Bydel - Uden for inddeling;2020K1;3131
Bydel - Uden for inddeling;2020K2;3391
Bydel - Uden for inddeling;2020K3;3443
Bydel - Uden for inddeling;2020K4;3330
Bydel - Uden for inddeling;2021K1;3389
Bydel - Uden for inddeling;2021K2;3320
Bydel - Uden for inddeling;2021K3;3355
Bydel - Uden for inddeling;2021K4;3504
Bydel - Uden for inddeling;2022K1;3423
Bydel - Uden for inddeling;2022K2;3491
Bydel - Uden for inddeling;2022K3;3545
Bydel - Uden for inddeling;2022K4;3748
Bydel - Uden for inddeling;2023K1;3724
Bydel - Uden for inddeling;2023K2;3758
Bydel - Uden for inddeling;2023K3;4031
Bydel - Uden for inddeling;2023K4;3893
Bydel - Uden for inddeling;2024K1;3826
Bydel - Uden for inddeling;2024K2;3707
Bydel - Uden for inddeling;2024K3;3679
Bydel - Uden for inddeling;2024K4;3850
Bydel - Uden for inddeling;2025K1;3617
Lokaludvalg - Indre By;1998K1;22915
Lokaludvalg - Indre By;1999K1;23127
Lokaludvalg - Indre By;2000K1;22952
Lokaludvalg - Indre By;2001K1;22930
Lokaludvalg - Indre By;2002K1;22803
Lokaludvalg - Indre By;2002K2;22775
Lokaludvalg - Indre By;2002K3;22631
Lokaludvalg - Indre By;2002K4;22780
Lokaludvalg - Indre By;2003K1;22784
Lokaludvalg - Indre By;2003K2;22734
Lokaludvalg - Indre By;2003K3;22644
Lokaludvalg - Indre By;2003K4;22783
Lokaludvalg - Indre By;2004K1;22672
Lokaludvalg - Indre By;2004K2;22638
Lokaludvalg - Indre By;2004K3;22533
Lokaludvalg - Indre By;2004K4;22699
Lokaludvalg - Indre By;2005K1;22726
Lokaludvalg - Indre By;2005K2;22733
Lokaludvalg - Indre By;2005K3;22688
Lokaludvalg - Indre By;2005K4;22811
Lokaludvalg - Indre By;2006K1;22706
Lokaludvalg - Indre By;2006K2;22910
Lokaludvalg - Indre By;2006K3;22800
Lokaludvalg - Indre By;2006K4;22983
Lokaludvalg - Indre By;2007K1;23004
Lokaludvalg - Indre By;2007K2;23068
Lokaludvalg - Indre By;2007K3;22861
Lokaludvalg - Indre By;2007K4;23075
Lokaludvalg - Indre By;2008K1;22962
Lokaludvalg - Indre By;2008K2;23100
Lokaludvalg - Indre By;2008K3;23092
Lokaludvalg - Indre By;2008K4;23376
Lokaludvalg - Indre By;2009K1;23480
Lokaludvalg - Indre By;2009K2;23640
Lokaludvalg - Indre By;2009K3;23566
Lokaludvalg - Indre By;2009K4;23978
Lokaludvalg - Indre By;2010K1;24027
Lokaludvalg - Indre By;2010K2;24270
Lokaludvalg - Indre By;2010K3;24153
Lokaludvalg - Indre By;2011K1;24425
Lokaludvalg - Indre By;2011K2;24689
Lokaludvalg - Indre By;2011K3;24509
Lokaludvalg - Indre By;2011K4;25247
Lokaludvalg - Indre By;2012K1;25265
Lokaludvalg - Indre By;2012K2;25319
Lokaludvalg - Indre By;2012K3;25014
Lokaludvalg - Indre By;2012K4;25546
Lokaludvalg - Indre By;2013K1;25385
Lokaludvalg - Indre By;2013K2;25621
Lokaludvalg - Indre By;2013K3;25366
Lokaludvalg - Indre By;2013K4;26038
Lokaludvalg - Indre By;2014K1;25999
Lokaludvalg - Indre By;2014K2;25889
Lokaludvalg - Indre By;2014K3;25455
Lokaludvalg - Indre By;2014K4;25868
Lokaludvalg - Indre By;2015K1;25474
Lokaludvalg - Indre By;2015K2;25747
Lokaludvalg - Indre By;2015K3;25600
Lokaludvalg - Indre By;2015K4;26159
Lokaludvalg - Indre By;2016K1;26198
Lokaludvalg - Indre By;2016K2;26452
Lokaludvalg - Indre By;2016K3;26056
Lokaludvalg - Indre By;2016K4;27073
Lokaludvalg - Indre By;2017K1;26909
Lokaludvalg - Indre By;2017K2;27162
Lokaludvalg - Indre By;2017K3;26743
Lokaludvalg - Indre By;2017K4;27357
Lokaludvalg - Indre By;2018K1;27312
Lokaludvalg - Indre By;2018K2;27526
Lokaludvalg - Indre By;2018K3;27095
Lokaludvalg - Indre By;2018K4;27783
Lokaludvalg - Indre By;2019K1;27576
Lokaludvalg - Indre By;2019K2;27987
Lokaludvalg - Indre By;2019K3;27531
Lokaludvalg - Indre By;2019K4;28018
Lokaludvalg - Indre By;2020K1;27325
Lokaludvalg - Indre By;2020K2;27425
Lokaludvalg - Indre By;2020K3;27224
Lokaludvalg - Indre By;2020K4;27757
Lokaludvalg - Indre By;2021K1;27756
Lokaludvalg - Indre By;2021K2;27755
Lokaludvalg - Indre By;2021K3;27634
Lokaludvalg - Indre By;2021K4;27957
Lokaludvalg - Indre By;2022K1;27885
Lokaludvalg - Indre By;2022K2;28204
Lokaludvalg - Indre By;2022K3;27886
Lokaludvalg - Indre By;2022K4;28358
Lokaludvalg - Indre By;2023K1;28047
Lokaludvalg - Indre By;2023K2;28367
Lokaludvalg - Indre By;2023K3;27931
Lokaludvalg - Indre By;2023K4;28581
Lokaludvalg - Indre By;2024K1;28192
Lokaludvalg - Indre By;2024K2;28573
Lokaludvalg - Indre By;2024K3;28196
Lokaludvalg - Indre By;2024K4;28820
Lokaludvalg - Indre By;2025K1;28464
Lokaludvalg - Christianshavn;1998K1;5964
Lokaludvalg - Christianshavn;1999K1;6128
Lokaludvalg - Christianshavn;2000K1;6063
Lokaludvalg - Christianshavn;2001K1;6074
Lokaludvalg - Christianshavn;2002K1;6193
Lokaludvalg - Christianshavn;2002K2;6204
Lokaludvalg - Christianshavn;2002K3;6196
Lokaludvalg - Christianshavn;2002K4;6247
Lokaludvalg - Christianshavn;2003K1;6255
Lokaludvalg - Christianshavn;2003K2;6294
Lokaludvalg - Christianshavn;2003K3;6384
Lokaludvalg - Christianshavn;2003K4;6439
Lokaludvalg - Christianshavn;2004K1;6458
Lokaludvalg - Christianshavn;2004K2;6410
Lokaludvalg - Christianshavn;2004K3;6395
Lokaludvalg - Christianshavn;2004K4;6398
Lokaludvalg - Christianshavn;2005K1;6410
Lokaludvalg - Christianshavn;2005K2;6378
Lokaludvalg - Christianshavn;2005K3;6219
Lokaludvalg - Christianshavn;2005K4;6407
Lokaludvalg - Christianshavn;2006K1;6428
Lokaludvalg - Christianshavn;2006K2;6359
Lokaludvalg - Christianshavn;2006K3;6369
Lokaludvalg - Christianshavn;2006K4;6430
Lokaludvalg - Christianshavn;2007K1;6431
Lokaludvalg - Christianshavn;2007K2;6434
Lokaludvalg - Christianshavn;2007K3;6419
Lokaludvalg - Christianshavn;2007K4;6468
Lokaludvalg - Christianshavn;2008K1;6476
Lokaludvalg - Christianshavn;2008K2;6491
Lokaludvalg - Christianshavn;2008K3;6506
Lokaludvalg - Christianshavn;2008K4;6530
Lokaludvalg - Christianshavn;2009K1;6521
Lokaludvalg - Christianshavn;2009K2;6606
Lokaludvalg - Christianshavn;2009K3;6575
Lokaludvalg - Christianshavn;2009K4;6627
Lokaludvalg - Christianshavn;2010K1;6617
Lokaludvalg - Christianshavn;2010K2;6578
Lokaludvalg - Christianshavn;2010K3;6562
Lokaludvalg - Christianshavn;2011K1;6663
Lokaludvalg - Christianshavn;2011K2;6649
Lokaludvalg - Christianshavn;2011K3;6669
Lokaludvalg - Christianshavn;2011K4;6786
Lokaludvalg - Christianshavn;2012K1;6808
Lokaludvalg - Christianshavn;2012K2;6839
Lokaludvalg - Christianshavn;2012K3;6855
Lokaludvalg - Christianshavn;2012K4;6957
Lokaludvalg - Christianshavn;2013K1;6927
Lokaludvalg - Christianshavn;2013K2;6941
Lokaludvalg - Christianshavn;2013K3;6890
Lokaludvalg - Christianshavn;2013K4;6973
Lokaludvalg - Christianshavn;2014K1;6970
Lokaludvalg - Christianshavn;2014K2;7110
Lokaludvalg - Christianshavn;2014K3;7182
Lokaludvalg - Christianshavn;2014K4;7367
Lokaludvalg - Christianshavn;2015K1;7550
Lokaludvalg - Christianshavn;2015K2;7752
Lokaludvalg - Christianshavn;2015K3;7860
Lokaludvalg - Christianshavn;2015K4;8018
Lokaludvalg - Christianshavn;2016K1;8013
Lokaludvalg - Christianshavn;2016K2;8061
Lokaludvalg - Christianshavn;2016K3;7986
Lokaludvalg - Christianshavn;2016K4;8134
Lokaludvalg - Christianshavn;2017K1;8055
Lokaludvalg - Christianshavn;2017K2;8132
Lokaludvalg - Christianshavn;2017K3;8067
Lokaludvalg - Christianshavn;2017K4;8154
Lokaludvalg - Christianshavn;2018K1;8105
Lokaludvalg - Christianshavn;2018K2;8125
Lokaludvalg - Christianshavn;2018K3;8098
Lokaludvalg - Christianshavn;2018K4;8348
Lokaludvalg - Christianshavn;2019K1;8387
Lokaludvalg - Christianshavn;2019K2;8439
Lokaludvalg - Christianshavn;2019K3;8340
Lokaludvalg - Christianshavn;2019K4;8408
Lokaludvalg - Christianshavn;2020K1;8300
Lokaludvalg - Christianshavn;2020K2;8292
Lokaludvalg - Christianshavn;2020K3;8257
Lokaludvalg - Christianshavn;2020K4;8344
Lokaludvalg - Christianshavn;2021K1;8321
Lokaludvalg - Christianshavn;2021K2;8284
Lokaludvalg - Christianshavn;2021K3;8289
Lokaludvalg - Christianshavn;2021K4;8278
Lokaludvalg - Christianshavn;2022K1;8271
Lokaludvalg - Christianshavn;2022K2;8309
Lokaludvalg - Christianshavn;2022K3;8274
Lokaludvalg - Christianshavn;2022K4;8317
Lokaludvalg - Christianshavn;2023K1;8273
Lokaludvalg - Christianshavn;2023K2;8290
Lokaludvalg - Christianshavn;2023K3;8237
Lokaludvalg - Christianshavn;2023K4;8273
Lokaludvalg - Christianshavn;2024K1;8258
Lokaludvalg - Christianshavn;2024K2;8381
Lokaludvalg - Christianshavn;2024K3;8324
Lokaludvalg - Christianshavn;2024K4;8392
Lokaludvalg - Christianshavn;2025K1;8346
Lokaludvalg - Østerbro;1998K1;43785
Lokaludvalg - Østerbro;1999K1;43725
Lokaludvalg - Østerbro;2000K1;43531
Lokaludvalg - Østerbro;2001K1;43262
Lokaludvalg - Østerbro;2002K1;43174
Lokaludvalg - Østerbro;2002K2;43277
Lokaludvalg - Østerbro;2002K3;43073
Lokaludvalg - Østerbro;2002K4;43379
Lokaludvalg - Østerbro;2003K1;43334
Lokaludvalg - Østerbro;2003K2;43374
Lokaludvalg - Østerbro;2003K3;43187
Lokaludvalg - Østerbro;2003K4;43319
Lokaludvalg - Østerbro;2004K1;43219
Lokaludvalg - Østerbro;2004K2;43229
Lokaludvalg - Østerbro;2004K3;43063
Lokaludvalg - Østerbro;2004K4;43383
Lokaludvalg - Østerbro;2005K1;43252
Lokaludvalg - Østerbro;2005K2;43308
Lokaludvalg - Østerbro;2005K3;43052
Lokaludvalg - Østerbro;2005K4;43213
Lokaludvalg - Østerbro;2006K1;43035
Lokaludvalg - Østerbro;2006K2;43008
Lokaludvalg - Østerbro;2006K3;42808
Lokaludvalg - Østerbro;2006K4;42929
Lokaludvalg - Østerbro;2007K1;42897
Lokaludvalg - Østerbro;2007K2;43035
Lokaludvalg - Østerbro;2007K3;42768
Lokaludvalg - Østerbro;2007K4;43186
Lokaludvalg - Østerbro;2008K1;43152
Lokaludvalg - Østerbro;2008K2;43197
Lokaludvalg - Østerbro;2008K3;42885
Lokaludvalg - Østerbro;2008K4;43369
Lokaludvalg - Østerbro;2009K1;43288
Lokaludvalg - Østerbro;2009K2;43437
Lokaludvalg - Østerbro;2009K3;43233
Lokaludvalg - Østerbro;2009K4;43780
Lokaludvalg - Østerbro;2010K1;43714
Lokaludvalg - Østerbro;2010K2;43889
Lokaludvalg - Østerbro;2010K3;43663
Lokaludvalg - Østerbro;2011K1;44173
Lokaludvalg - Østerbro;2011K2;44361
Lokaludvalg - Østerbro;2011K3;44250
Lokaludvalg - Østerbro;2011K4;44766
Lokaludvalg - Østerbro;2012K1;44908
Lokaludvalg - Østerbro;2012K2;45025
Lokaludvalg - Østerbro;2012K3;44681
Lokaludvalg - Østerbro;2012K4;45287
Lokaludvalg - Østerbro;2013K1;45270
Lokaludvalg - Østerbro;2013K2;45702
Lokaludvalg - Østerbro;2013K3;45356
Lokaludvalg - Østerbro;2013K4;45985
Lokaludvalg - Østerbro;2014K1;45886
Lokaludvalg - Østerbro;2014K2;46058
Lokaludvalg - Østerbro;2014K3;45654
Lokaludvalg - Østerbro;2014K4;46143
Lokaludvalg - Østerbro;2015K1;46005
Lokaludvalg - Østerbro;2015K2;46217
Lokaludvalg - Østerbro;2015K3;46027
Lokaludvalg - Østerbro;2015K4;46708
Lokaludvalg - Østerbro;2016K1;46753
Lokaludvalg - Østerbro;2016K2;47007
Lokaludvalg - Østerbro;2016K3;46778
Lokaludvalg - Østerbro;2016K4;47500
Lokaludvalg - Østerbro;2017K1;47573
Lokaludvalg - Østerbro;2017K2;47866
Lokaludvalg - Østerbro;2017K3;47734
Lokaludvalg - Østerbro;2017K4;48462
Lokaludvalg - Østerbro;2018K1;48438
Lokaludvalg - Østerbro;2018K2;48439
Lokaludvalg - Østerbro;2018K3;48131
Lokaludvalg - Østerbro;2018K4;48606
Lokaludvalg - Østerbro;2019K1;48485
Lokaludvalg - Østerbro;2019K2;48687
Lokaludvalg - Østerbro;2019K3;48349
Lokaludvalg - Østerbro;2019K4;48703
Lokaludvalg - Østerbro;2020K1;48553
Lokaludvalg - Østerbro;2020K2;48559
Lokaludvalg - Østerbro;2020K3;48400
Lokaludvalg - Østerbro;2020K4;48921
Lokaludvalg - Østerbro;2021K1;48739
Lokaludvalg - Østerbro;2021K2;48642
Lokaludvalg - Østerbro;2021K3;48617
Lokaludvalg - Østerbro;2021K4;48927
Lokaludvalg - Østerbro;2022K1;49027
Lokaludvalg - Østerbro;2022K2;49395
Lokaludvalg - Østerbro;2022K3;49348
Lokaludvalg - Østerbro;2022K4;49630
Lokaludvalg - Østerbro;2023K1;49495
Lokaludvalg - Østerbro;2023K2;49607
Lokaludvalg - Østerbro;2023K3;49461
Lokaludvalg - Østerbro;2023K4;49938
Lokaludvalg - Østerbro;2024K1;49828
Lokaludvalg - Østerbro;2024K2;49890
Lokaludvalg - Østerbro;2024K3;49715
Lokaludvalg - Østerbro;2024K4;50153
Lokaludvalg - Østerbro;2025K1;49798
Lokaludvalg - Nørrebro;1998K1;46636
Lokaludvalg - Nørrebro;1999K1;47333
Lokaludvalg - Nørrebro;2000K1;47108
Lokaludvalg - Nørrebro;2001K1;47209
Lokaludvalg - Nørrebro;2002K1;47218
Lokaludvalg - Nørrebro;2002K2;47186
Lokaludvalg - Nørrebro;2002K3;46956
Lokaludvalg - Nørrebro;2002K4;47133
Lokaludvalg - Nørrebro;2003K1;47017
Lokaludvalg - Nørrebro;2003K2;47109
Lokaludvalg - Nørrebro;2003K3;46776
Lokaludvalg - Nørrebro;2003K4;47006
Lokaludvalg - Nørrebro;2004K1;46803
Lokaludvalg - Nørrebro;2004K2;46893
Lokaludvalg - Nørrebro;2004K3;46570
Lokaludvalg - Nørrebro;2004K4;46819
Lokaludvalg - Nørrebro;2005K1;46709
Lokaludvalg - Nørrebro;2005K2;46699
Lokaludvalg - Nørrebro;2005K3;46237
Lokaludvalg - Nørrebro;2005K4;46383
Lokaludvalg - Nørrebro;2006K1;46228
Lokaludvalg - Nørrebro;2006K2;46105
Lokaludvalg - Nørrebro;2006K3;45804
Lokaludvalg - Nørrebro;2006K4;46095
Lokaludvalg - Nørrebro;2007K1;45889
Lokaludvalg - Nørrebro;2007K2;45927
Lokaludvalg - Nørrebro;2007K3;45690
Lokaludvalg - Nørrebro;2007K4;46079
Lokaludvalg - Nørrebro;2008K1;46049
Lokaludvalg - Nørrebro;2008K2;45958
Lokaludvalg - Nørrebro;2008K3;45806
Lokaludvalg - Nørrebro;2008K4;46350
Lokaludvalg - Nørrebro;2009K1;46470
Lokaludvalg - Nørrebro;2009K2;46743
Lokaludvalg - Nørrebro;2009K3;46756
Lokaludvalg - Nørrebro;2009K4;47433
Lokaludvalg - Nørrebro;2010K1;47432
Lokaludvalg - Nørrebro;2010K2;47527
Lokaludvalg - Nørrebro;2010K3;47520
Lokaludvalg - Nørrebro;2011K1;48259
Lokaludvalg - Nørrebro;2011K2;48507
Lokaludvalg - Nørrebro;2011K3;48346
Lokaludvalg - Nørrebro;2011K4;49142
Lokaludvalg - Nørrebro;2012K1;49099
Lokaludvalg - Nørrebro;2012K2;49287
Lokaludvalg - Nørrebro;2012K3;49348
Lokaludvalg - Nørrebro;2012K4;50111
Lokaludvalg - Nørrebro;2013K1;49988
Lokaludvalg - Nørrebro;2013K2;50002
Lokaludvalg - Nørrebro;2013K3;49917
Lokaludvalg - Nørrebro;2013K4;50697
Lokaludvalg - Nørrebro;2014K1;50628
Lokaludvalg - Nørrebro;2014K2;50759
Lokaludvalg - Nørrebro;2014K3;50647
Lokaludvalg - Nørrebro;2014K4;51440
Lokaludvalg - Nørrebro;2015K1;51166
Lokaludvalg - Nørrebro;2015K2;51365
Lokaludvalg - Nørrebro;2015K3;50975
Lokaludvalg - Nørrebro;2015K4;51533
Lokaludvalg - Nørrebro;2016K1;51436
Lokaludvalg - Nørrebro;2016K2;51313
Lokaludvalg - Nørrebro;2016K3;50951
Lokaludvalg - Nørrebro;2016K4;51400
Lokaludvalg - Nørrebro;2017K1;51165
Lokaludvalg - Nørrebro;2017K2;51346
Lokaludvalg - Nørrebro;2017K3;51018
Lokaludvalg - Nørrebro;2017K4;51662
Lokaludvalg - Nørrebro;2018K1;51418
Lokaludvalg - Nørrebro;2018K2;51402
Lokaludvalg - Nørrebro;2018K3;51173
Lokaludvalg - Nørrebro;2018K4;51515
Lokaludvalg - Nørrebro;2019K1;51349
Lokaludvalg - Nørrebro;2019K2;51475
Lokaludvalg - Nørrebro;2019K3;51081
Lokaludvalg - Nørrebro;2019K4;51332
Lokaludvalg - Nørrebro;2020K1;51018
Lokaludvalg - Nørrebro;2020K2;50681
Lokaludvalg - Nørrebro;2020K3;50353
Lokaludvalg - Nørrebro;2020K4;50573
Lokaludvalg - Nørrebro;2021K1;50301
Lokaludvalg - Nørrebro;2021K2;50128
Lokaludvalg - Nørrebro;2021K3;49864
Lokaludvalg - Nørrebro;2021K4;50180
Lokaludvalg - Nørrebro;2022K1;50203
Lokaludvalg - Nørrebro;2022K2;50248
Lokaludvalg - Nørrebro;2022K3;50160
Lokaludvalg - Nørrebro;2022K4;50357
Lokaludvalg - Nørrebro;2023K1;50312
Lokaludvalg - Nørrebro;2023K2;50385
Lokaludvalg - Nørrebro;2023K3;50491
Lokaludvalg - Nørrebro;2023K4;50763
Lokaludvalg - Nørrebro;2024K1;50637
Lokaludvalg - Nørrebro;2024K2;50732
Lokaludvalg - Nørrebro;2024K3;50682
Lokaludvalg - Nørrebro;2024K4;50957
Lokaludvalg - Nørrebro;2025K1;51007
Lokaludvalg - Vesterbro;1998K1;23798
Lokaludvalg - Vesterbro;1999K1;23575
Lokaludvalg - Vesterbro;2000K1;23640
Lokaludvalg - Vesterbro;2001K1;23630
Lokaludvalg - Vesterbro;2002K1;23606
Lokaludvalg - Vesterbro;2002K2;23498
Lokaludvalg - Vesterbro;2002K3;23316
Lokaludvalg - Vesterbro;2002K4;23405
Lokaludvalg - Vesterbro;2003K1;23344
Lokaludvalg - Vesterbro;2003K2;23295
Lokaludvalg - Vesterbro;2003K3;23117
Lokaludvalg - Vesterbro;2003K4;23221
Lokaludvalg - Vesterbro;2004K1;23196
Lokaludvalg - Vesterbro;2004K2;23151
Lokaludvalg - Vesterbro;2004K3;22960
Lokaludvalg - Vesterbro;2004K4;22995
Lokaludvalg - Vesterbro;2005K1;22921
Lokaludvalg - Vesterbro;2005K2;22845
Lokaludvalg - Vesterbro;2005K3;22716
Lokaludvalg - Vesterbro;2005K4;22784
Lokaludvalg - Vesterbro;2006K1;22749
Lokaludvalg - Vesterbro;2006K2;22738
Lokaludvalg - Vesterbro;2006K3;22641
Lokaludvalg - Vesterbro;2006K4;22868
Lokaludvalg - Vesterbro;2007K1;22831
Lokaludvalg - Vesterbro;2007K2;22779
Lokaludvalg - Vesterbro;2007K3;22634
Lokaludvalg - Vesterbro;2007K4;22666
Lokaludvalg - Vesterbro;2008K1;22553
Lokaludvalg - Vesterbro;2008K2;22620
Lokaludvalg - Vesterbro;2008K3;22566
Lokaludvalg - Vesterbro;2008K4;22815
Lokaludvalg - Vesterbro;2009K1;22888
Lokaludvalg - Vesterbro;2009K2;23090
Lokaludvalg - Vesterbro;2009K3;23124
Lokaludvalg - Vesterbro;2009K4;23477
Lokaludvalg - Vesterbro;2010K1;23555
Lokaludvalg - Vesterbro;2010K2;23673
Lokaludvalg - Vesterbro;2010K3;23658
Lokaludvalg - Vesterbro;2011K1;23967
Lokaludvalg - Vesterbro;2011K2;24001
Lokaludvalg - Vesterbro;2011K3;23981
Lokaludvalg - Vesterbro;2011K4;24259
Lokaludvalg - Vesterbro;2012K1;24305
Lokaludvalg - Vesterbro;2012K2;24367
Lokaludvalg - Vesterbro;2012K3;24255
Lokaludvalg - Vesterbro;2012K4;24447
Lokaludvalg - Vesterbro;2013K1;24479
Lokaludvalg - Vesterbro;2013K2;24515
Lokaludvalg - Vesterbro;2013K3;24519
Lokaludvalg - Vesterbro;2013K4;24818
Lokaludvalg - Vesterbro;2014K1;24796
Lokaludvalg - Vesterbro;2014K2;24818
Lokaludvalg - Vesterbro;2014K3;24850
Lokaludvalg - Vesterbro;2014K4;25163
Lokaludvalg - Vesterbro;2015K1;25050
Lokaludvalg - Vesterbro;2015K2;25119
Lokaludvalg - Vesterbro;2015K3;24982
Lokaludvalg - Vesterbro;2015K4;25331
Lokaludvalg - Vesterbro;2016K1;25220
Lokaludvalg - Vesterbro;2016K2;25153
Lokaludvalg - Vesterbro;2016K3;25290
Lokaludvalg - Vesterbro;2016K4;25548
Lokaludvalg - Vesterbro;2017K1;25507
Lokaludvalg - Vesterbro;2017K2;25560
Lokaludvalg - Vesterbro;2017K3;25328
Lokaludvalg - Vesterbro;2017K4;25480
Lokaludvalg - Vesterbro;2018K1;25675
Lokaludvalg - Vesterbro;2018K2;25701
Lokaludvalg - Vesterbro;2018K3;25579
Lokaludvalg - Vesterbro;2018K4;25719
Lokaludvalg - Vesterbro;2019K1;25711
Lokaludvalg - Vesterbro;2019K2;25750
Lokaludvalg - Vesterbro;2019K3;25657
Lokaludvalg - Vesterbro;2019K4;25891
Lokaludvalg - Vesterbro;2020K1;25811
Lokaludvalg - Vesterbro;2020K2;25632
Lokaludvalg - Vesterbro;2020K3;25610
Lokaludvalg - Vesterbro;2020K4;26139
Lokaludvalg - Vesterbro;2021K1;26269
Lokaludvalg - Vesterbro;2021K2;26407
Lokaludvalg - Vesterbro;2021K3;26554
Lokaludvalg - Vesterbro;2021K4;27153
Lokaludvalg - Vesterbro;2022K1;27194
Lokaludvalg - Vesterbro;2022K2;27375
Lokaludvalg - Vesterbro;2022K3;27521
Lokaludvalg - Vesterbro;2022K4;28400
Lokaludvalg - Vesterbro;2023K1;28636
Lokaludvalg - Vesterbro;2023K2;28704
Lokaludvalg - Vesterbro;2023K3;28678
Lokaludvalg - Vesterbro;2023K4;29000
Lokaludvalg - Vesterbro;2024K1;28846
Lokaludvalg - Vesterbro;2024K2;28814
Lokaludvalg - Vesterbro;2024K3;28667
Lokaludvalg - Vesterbro;2024K4;28872
Lokaludvalg - Vesterbro;2025K1;28774
Lokaludvalg - Kgs. Enghave;1998K1;10385
Lokaludvalg - Kgs. Enghave;1999K1;10613
Lokaludvalg - Kgs. Enghave;2000K1;10546
Lokaludvalg - Kgs. Enghave;2001K1;10631
Lokaludvalg - Kgs. Enghave;2002K1;10597
Lokaludvalg - Kgs. Enghave;2002K2;10507
Lokaludvalg - Kgs. Enghave;2002K3;10470
Lokaludvalg - Kgs. Enghave;2002K4;10470
Lokaludvalg - Kgs. Enghave;2003K1;10460
Lokaludvalg - Kgs. Enghave;2003K2;10460
Lokaludvalg - Kgs. Enghave;2003K3;10407
Lokaludvalg - Kgs. Enghave;2003K4;10437
Lokaludvalg - Kgs. Enghave;2004K1;10414
Lokaludvalg - Kgs. Enghave;2004K2;10412
Lokaludvalg - Kgs. Enghave;2004K3;10400
Lokaludvalg - Kgs. Enghave;2004K4;10508
Lokaludvalg - Kgs. Enghave;2005K1;10508
Lokaludvalg - Kgs. Enghave;2005K2;10537
Lokaludvalg - Kgs. Enghave;2005K3;10501
Lokaludvalg - Kgs. Enghave;2005K4;10535
Lokaludvalg - Kgs. Enghave;2006K1;10504
Lokaludvalg - Kgs. Enghave;2006K2;10496
Lokaludvalg - Kgs. Enghave;2006K3;10505
Lokaludvalg - Kgs. Enghave;2006K4;10713
Lokaludvalg - Kgs. Enghave;2007K1;10871
Lokaludvalg - Kgs. Enghave;2007K2;10968
Lokaludvalg - Kgs. Enghave;2007K3;10994
Lokaludvalg - Kgs. Enghave;2007K4;11214
Lokaludvalg - Kgs. Enghave;2008K1;11271
Lokaludvalg - Kgs. Enghave;2008K2;11408
Lokaludvalg - Kgs. Enghave;2008K3;11643
Lokaludvalg - Kgs. Enghave;2008K4;11906
Lokaludvalg - Kgs. Enghave;2009K1;12029
Lokaludvalg - Kgs. Enghave;2009K2;12191
Lokaludvalg - Kgs. Enghave;2009K3;12172
Lokaludvalg - Kgs. Enghave;2009K4;12354
Lokaludvalg - Kgs. Enghave;2010K1;12461
Lokaludvalg - Kgs. Enghave;2010K2;12505
Lokaludvalg - Kgs. Enghave;2010K3;12503
Lokaludvalg - Kgs. Enghave;2011K1;12859
Lokaludvalg - Kgs. Enghave;2011K2;12895
Lokaludvalg - Kgs. Enghave;2011K3;12910
Lokaludvalg - Kgs. Enghave;2011K4;13125
Lokaludvalg - Kgs. Enghave;2012K1;13133
Lokaludvalg - Kgs. Enghave;2012K2;13092
Lokaludvalg - Kgs. Enghave;2012K3;13043
Lokaludvalg - Kgs. Enghave;2012K4;13159
Lokaludvalg - Kgs. Enghave;2013K1;13223
Lokaludvalg - Kgs. Enghave;2013K2;13220
Lokaludvalg - Kgs. Enghave;2013K3;13139
Lokaludvalg - Kgs. Enghave;2013K4;13410
Lokaludvalg - Kgs. Enghave;2014K1;13397
Lokaludvalg - Kgs. Enghave;2014K2;13462
Lokaludvalg - Kgs. Enghave;2014K3;13525
Lokaludvalg - Kgs. Enghave;2014K4;13918
Lokaludvalg - Kgs. Enghave;2015K1;13896
Lokaludvalg - Kgs. Enghave;2015K2;13898
Lokaludvalg - Kgs. Enghave;2015K3;13829
Lokaludvalg - Kgs. Enghave;2015K4;14228
Lokaludvalg - Kgs. Enghave;2016K1;14406
Lokaludvalg - Kgs. Enghave;2016K2;14873
Lokaludvalg - Kgs. Enghave;2016K3;15003
Lokaludvalg - Kgs. Enghave;2016K4;15183
Lokaludvalg - Kgs. Enghave;2017K1;15482
Lokaludvalg - Kgs. Enghave;2017K2;15796
Lokaludvalg - Kgs. Enghave;2017K3;15935
Lokaludvalg - Kgs. Enghave;2017K4;16572
Lokaludvalg - Kgs. Enghave;2018K1;16919
Lokaludvalg - Kgs. Enghave;2018K2;17191
Lokaludvalg - Kgs. Enghave;2018K3;17332
Lokaludvalg - Kgs. Enghave;2018K4;17917
Lokaludvalg - Kgs. Enghave;2019K1;17951
Lokaludvalg - Kgs. Enghave;2019K2;18135
Lokaludvalg - Kgs. Enghave;2019K3;18454
Lokaludvalg - Kgs. Enghave;2019K4;19009
Lokaludvalg - Kgs. Enghave;2020K1;19375
Lokaludvalg - Kgs. Enghave;2020K2;19567
Lokaludvalg - Kgs. Enghave;2020K3;19574
Lokaludvalg - Kgs. Enghave;2020K4;19980
Lokaludvalg - Kgs. Enghave;2021K1;20113
Lokaludvalg - Kgs. Enghave;2021K2;20342
Lokaludvalg - Kgs. Enghave;2021K3;20584
Lokaludvalg - Kgs. Enghave;2021K4;20952
Lokaludvalg - Kgs. Enghave;2022K1;20932
Lokaludvalg - Kgs. Enghave;2022K2;20808
Lokaludvalg - Kgs. Enghave;2022K3;20672
Lokaludvalg - Kgs. Enghave;2022K4;20599
Lokaludvalg - Kgs. Enghave;2023K1;20771
Lokaludvalg - Kgs. Enghave;2023K2;20817
Lokaludvalg - Kgs. Enghave;2023K3;20993
Lokaludvalg - Kgs. Enghave;2023K4;21352
Lokaludvalg - Kgs. Enghave;2024K1;21397
Lokaludvalg - Kgs. Enghave;2024K2;21651
Lokaludvalg - Kgs. Enghave;2024K3;21917
Lokaludvalg - Kgs. Enghave;2024K4;22669
Lokaludvalg - Kgs. Enghave;2025K1;22877
Lokaludvalg - Valby;1998K1;27819
Lokaludvalg - Valby;1999K1;27854
Lokaludvalg - Valby;2000K1;27745
Lokaludvalg - Valby;2001K1;27653
Lokaludvalg - Valby;2002K1;27682
Lokaludvalg - Valby;2002K2;27721
Lokaludvalg - Valby;2002K3;27654
Lokaludvalg - Valby;2002K4;27754
Lokaludvalg - Valby;2003K1;27633
Lokaludvalg - Valby;2003K2;27690
Lokaludvalg - Valby;2003K3;27595
Lokaludvalg - Valby;2003K4;27796
Lokaludvalg - Valby;2004K1;27752
Lokaludvalg - Valby;2004K2;27693
Lokaludvalg - Valby;2004K3;27602
Lokaludvalg - Valby;2004K4;27689
Lokaludvalg - Valby;2005K1;27777
Lokaludvalg - Valby;2005K2;27773
Lokaludvalg - Valby;2005K3;27674
Lokaludvalg - Valby;2005K4;27729
Lokaludvalg - Valby;2006K1;27519
Lokaludvalg - Valby;2006K2;27423
Lokaludvalg - Valby;2006K3;27294
Lokaludvalg - Valby;2006K4;27370
Lokaludvalg - Valby;2007K1;27295
Lokaludvalg - Valby;2007K2;27221
Lokaludvalg - Valby;2007K3;27210
Lokaludvalg - Valby;2007K4;27355
Lokaludvalg - Valby;2008K1;27395
Lokaludvalg - Valby;2008K2;27505
Lokaludvalg - Valby;2008K3;27493
Lokaludvalg - Valby;2008K4;27801
Lokaludvalg - Valby;2009K1;27819
Lokaludvalg - Valby;2009K2;27843
Lokaludvalg - Valby;2009K3;27944
Lokaludvalg - Valby;2009K4;28183
Lokaludvalg - Valby;2010K1;28147
Lokaludvalg - Valby;2010K2;28051
Lokaludvalg - Valby;2010K3;27965
Lokaludvalg - Valby;2011K1;28328
Lokaludvalg - Valby;2011K2;28549
Lokaludvalg - Valby;2011K3;28460
Lokaludvalg - Valby;2011K4;28683
Lokaludvalg - Valby;2012K1;28716
Lokaludvalg - Valby;2012K2;28765
Lokaludvalg - Valby;2012K3;28777
Lokaludvalg - Valby;2012K4;29186
Lokaludvalg - Valby;2013K1;29265
Lokaludvalg - Valby;2013K2;29492
Lokaludvalg - Valby;2013K3;29484
Lokaludvalg - Valby;2013K4;29850
Lokaludvalg - Valby;2014K1;29893
Lokaludvalg - Valby;2014K2;30046
Lokaludvalg - Valby;2014K3;29996
Lokaludvalg - Valby;2014K4;30321
Lokaludvalg - Valby;2015K1;30349
Lokaludvalg - Valby;2015K2;30474
Lokaludvalg - Valby;2015K3;30467
Lokaludvalg - Valby;2015K4;30937
Lokaludvalg - Valby;2016K1;31170
Lokaludvalg - Valby;2016K2;31283
Lokaludvalg - Valby;2016K3;31285
Lokaludvalg - Valby;2016K4;31905
Lokaludvalg - Valby;2017K1;32040
Lokaludvalg - Valby;2017K2;32162
Lokaludvalg - Valby;2017K3;32109
Lokaludvalg - Valby;2017K4;32678
Lokaludvalg - Valby;2018K1;33081
Lokaludvalg - Valby;2018K2;33281
Lokaludvalg - Valby;2018K3;33319
Lokaludvalg - Valby;2018K4;34111
Lokaludvalg - Valby;2019K1;34391
Lokaludvalg - Valby;2019K2;34532
Lokaludvalg - Valby;2019K3;34767
Lokaludvalg - Valby;2019K4;35397
Lokaludvalg - Valby;2020K1;35674
Lokaludvalg - Valby;2020K2;35889
Lokaludvalg - Valby;2020K3;36049
Lokaludvalg - Valby;2020K4;36712
Lokaludvalg - Valby;2021K1;36777
Lokaludvalg - Valby;2021K2;37245
Lokaludvalg - Valby;2021K3;37256
Lokaludvalg - Valby;2021K4;37983
Lokaludvalg - Valby;2022K1;38440
Lokaludvalg - Valby;2022K2;38711
Lokaludvalg - Valby;2022K3;39042
Lokaludvalg - Valby;2022K4;39630
Lokaludvalg - Valby;2023K1;39922
Lokaludvalg - Valby;2023K2;39846
Lokaludvalg - Valby;2023K3;39461
Lokaludvalg - Valby;2023K4;39645
Lokaludvalg - Valby;2024K1;39582
Lokaludvalg - Valby;2024K2;39397
Lokaludvalg - Valby;2024K3;39244
Lokaludvalg - Valby;2024K4;39801
Lokaludvalg - Valby;2025K1;39759
Lokaludvalg - Vanløse;1998K1;21577
Lokaludvalg - Vanløse;1999K1;21520
Lokaludvalg - Vanløse;2000K1;21562
Lokaludvalg - Vanløse;2001K1;21614
Lokaludvalg - Vanløse;2002K1;21673
Lokaludvalg - Vanløse;2002K2;21620
Lokaludvalg - Vanløse;2002K3;21580
Lokaludvalg - Vanløse;2002K4;21685
Lokaludvalg - Vanløse;2003K1;21633
Lokaludvalg - Vanløse;2003K2;21593
Lokaludvalg - Vanløse;2003K3;21581
Lokaludvalg - Vanløse;2003K4;21612
Lokaludvalg - Vanløse;2004K1;21635
Lokaludvalg - Vanløse;2004K2;21596
Lokaludvalg - Vanløse;2004K3;21492
Lokaludvalg - Vanløse;2004K4;21563
Lokaludvalg - Vanløse;2005K1;21622
Lokaludvalg - Vanløse;2005K2;21607
Lokaludvalg - Vanløse;2005K3;21560
Lokaludvalg - Vanløse;2005K4;21528
Lokaludvalg - Vanløse;2006K1;21455
Lokaludvalg - Vanløse;2006K2;21400
Lokaludvalg - Vanløse;2006K3;21259
Lokaludvalg - Vanløse;2006K4;21247
Lokaludvalg - Vanløse;2007K1;21221
Lokaludvalg - Vanløse;2007K2;21185
Lokaludvalg - Vanløse;2007K3;21190
Lokaludvalg - Vanløse;2007K4;21257
Lokaludvalg - Vanløse;2008K1;21261
Lokaludvalg - Vanløse;2008K2;21277
Lokaludvalg - Vanløse;2008K3;21115
Lokaludvalg - Vanløse;2008K4;21207
Lokaludvalg - Vanløse;2009K1;21239
Lokaludvalg - Vanløse;2009K2;21291
Lokaludvalg - Vanløse;2009K3;21275
Lokaludvalg - Vanløse;2009K4;21404
Lokaludvalg - Vanløse;2010K1;21493
Lokaludvalg - Vanløse;2010K2;21570
Lokaludvalg - Vanløse;2010K3;21525
Lokaludvalg - Vanløse;2011K1;21765
Lokaludvalg - Vanløse;2011K2;21844
Lokaludvalg - Vanløse;2011K3;21839
Lokaludvalg - Vanløse;2011K4;22075
Lokaludvalg - Vanløse;2012K1;22176
Lokaludvalg - Vanløse;2012K2;22243
Lokaludvalg - Vanløse;2012K3;22234
Lokaludvalg - Vanløse;2012K4;22450
Lokaludvalg - Vanløse;2013K1;22486
Lokaludvalg - Vanløse;2013K2;22552
Lokaludvalg - Vanløse;2013K3;22456
Lokaludvalg - Vanløse;2013K4;22747
Lokaludvalg - Vanløse;2014K1;22788
Lokaludvalg - Vanløse;2014K2;22828
Lokaludvalg - Vanløse;2014K3;22616
Lokaludvalg - Vanløse;2014K4;22829
Lokaludvalg - Vanløse;2015K1;22823
Lokaludvalg - Vanløse;2015K2;22948
Lokaludvalg - Vanløse;2015K3;22914
Lokaludvalg - Vanløse;2015K4;23232
Lokaludvalg - Vanløse;2016K1;23295
Lokaludvalg - Vanløse;2016K2;23335
Lokaludvalg - Vanløse;2016K3;23279
Lokaludvalg - Vanløse;2016K4;23494
Lokaludvalg - Vanløse;2017K1;23501
Lokaludvalg - Vanløse;2017K2;23494
Lokaludvalg - Vanløse;2017K3;23381
Lokaludvalg - Vanløse;2017K4;23619
Lokaludvalg - Vanløse;2018K1;23676
Lokaludvalg - Vanløse;2018K2;23799
Lokaludvalg - Vanløse;2018K3;23748
Lokaludvalg - Vanløse;2018K4;23859
Lokaludvalg - Vanløse;2019K1;23834
Lokaludvalg - Vanløse;2019K2;23715
Lokaludvalg - Vanløse;2019K3;23652
Lokaludvalg - Vanløse;2019K4;23763
Lokaludvalg - Vanløse;2020K1;23828
Lokaludvalg - Vanløse;2020K2;23882
Lokaludvalg - Vanløse;2020K3;23736
Lokaludvalg - Vanløse;2020K4;23842
Lokaludvalg - Vanløse;2021K1;23689
Lokaludvalg - Vanløse;2021K2;23535
Lokaludvalg - Vanløse;2021K3;23487
Lokaludvalg - Vanløse;2021K4;23639
Lokaludvalg - Vanløse;2022K1;23653
Lokaludvalg - Vanløse;2022K2;23646
Lokaludvalg - Vanløse;2022K3;23567
Lokaludvalg - Vanløse;2022K4;23669
Lokaludvalg - Vanløse;2023K1;23619
Lokaludvalg - Vanløse;2023K2;23683
Lokaludvalg - Vanløse;2023K3;23568
Lokaludvalg - Vanløse;2023K4;23674
Lokaludvalg - Vanløse;2024K1;23682
Lokaludvalg - Vanløse;2024K2;23704
Lokaludvalg - Vanløse;2024K3;23723
Lokaludvalg - Vanløse;2024K4;23771
Lokaludvalg - Vanløse;2025K1;23718
Lokaludvalg - Brønshøj-Husum;1998K1;21601
Lokaludvalg - Brønshøj-Husum;1999K1;21714
Lokaludvalg - Brønshøj-Husum;2000K1;21723
Lokaludvalg - Brønshøj-Husum;2001K1;21669
Lokaludvalg - Brønshøj-Husum;2002K1;21749
Lokaludvalg - Brønshøj-Husum;2002K2;21691
Lokaludvalg - Brønshøj-Husum;2002K3;21612
Lokaludvalg - Brønshøj-Husum;2002K4;21667
Lokaludvalg - Brønshøj-Husum;2003K1;21581
Lokaludvalg - Brønshøj-Husum;2003K2;21605
Lokaludvalg - Brønshøj-Husum;2003K3;21605
Lokaludvalg - Brønshøj-Husum;2003K4;21617
Lokaludvalg - Brønshøj-Husum;2004K1;21599
Lokaludvalg - Brønshøj-Husum;2004K2;21571
Lokaludvalg - Brønshøj-Husum;2004K3;21520
Lokaludvalg - Brønshøj-Husum;2004K4;21620
Lokaludvalg - Brønshøj-Husum;2005K1;21632
Lokaludvalg - Brønshøj-Husum;2005K2;21608
Lokaludvalg - Brønshøj-Husum;2005K3;21485
Lokaludvalg - Brønshøj-Husum;2005K4;21521
Lokaludvalg - Brønshøj-Husum;2006K1;21492
Lokaludvalg - Brønshøj-Husum;2006K2;21463
Lokaludvalg - Brønshøj-Husum;2006K3;21364
Lokaludvalg - Brønshøj-Husum;2006K4;21365
Lokaludvalg - Brønshøj-Husum;2007K1;21297
Lokaludvalg - Brønshøj-Husum;2007K2;21251
Lokaludvalg - Brønshøj-Husum;2007K3;21204
Lokaludvalg - Brønshøj-Husum;2007K4;21301
Lokaludvalg - Brønshøj-Husum;2008K1;21279
Lokaludvalg - Brønshøj-Husum;2008K2;21291
Lokaludvalg - Brønshøj-Husum;2008K3;21218
Lokaludvalg - Brønshøj-Husum;2008K4;21372
Lokaludvalg - Brønshøj-Husum;2009K1;21366
Lokaludvalg - Brønshøj-Husum;2009K2;21417
Lokaludvalg - Brønshøj-Husum;2009K3;21374
Lokaludvalg - Brønshøj-Husum;2009K4;21476
Lokaludvalg - Brønshøj-Husum;2010K1;21496
Lokaludvalg - Brønshøj-Husum;2010K2;21528
Lokaludvalg - Brønshøj-Husum;2010K3;21434
Lokaludvalg - Brønshøj-Husum;2011K1;21763
Lokaludvalg - Brønshøj-Husum;2011K2;21715
Lokaludvalg - Brønshøj-Husum;2011K3;21701
Lokaludvalg - Brønshøj-Husum;2011K4;22013
Lokaludvalg - Brønshøj-Husum;2012K1;22143
Lokaludvalg - Brønshøj-Husum;2012K2;22173
Lokaludvalg - Brønshøj-Husum;2012K3;22246
Lokaludvalg - Brønshøj-Husum;2012K4;22592
Lokaludvalg - Brønshøj-Husum;2013K1;22589
Lokaludvalg - Brønshøj-Husum;2013K2;22652
Lokaludvalg - Brønshøj-Husum;2013K3;22681
Lokaludvalg - Brønshøj-Husum;2013K4;22937
Lokaludvalg - Brønshøj-Husum;2014K1;23003
Lokaludvalg - Brønshøj-Husum;2014K2;23147
Lokaludvalg - Brønshøj-Husum;2014K3;23099
Lokaludvalg - Brønshøj-Husum;2014K4;23496
Lokaludvalg - Brønshøj-Husum;2015K1;23448
Lokaludvalg - Brønshøj-Husum;2015K2;23485
Lokaludvalg - Brønshøj-Husum;2015K3;23408
Lokaludvalg - Brønshøj-Husum;2015K4;23620
Lokaludvalg - Brønshøj-Husum;2016K1;23702
Lokaludvalg - Brønshøj-Husum;2016K2;23717
Lokaludvalg - Brønshøj-Husum;2016K3;23615
Lokaludvalg - Brønshøj-Husum;2016K4;23919
Lokaludvalg - Brønshøj-Husum;2017K1;23830
Lokaludvalg - Brønshøj-Husum;2017K2;23863
Lokaludvalg - Brønshøj-Husum;2017K3;23746
Lokaludvalg - Brønshøj-Husum;2017K4;23873
Lokaludvalg - Brønshøj-Husum;2018K1;23856
Lokaludvalg - Brønshøj-Husum;2018K2;23773
Lokaludvalg - Brønshøj-Husum;2018K3;23700
Lokaludvalg - Brønshøj-Husum;2018K4;24030
Lokaludvalg - Brønshøj-Husum;2019K1;24033
Lokaludvalg - Brønshøj-Husum;2019K2;24032
Lokaludvalg - Brønshøj-Husum;2019K3;23895
Lokaludvalg - Brønshøj-Husum;2019K4;23843
Lokaludvalg - Brønshøj-Husum;2020K1;23727
Lokaludvalg - Brønshøj-Husum;2020K2;23541
Lokaludvalg - Brønshøj-Husum;2020K3;23424
Lokaludvalg - Brønshøj-Husum;2020K4;23517
Lokaludvalg - Brønshøj-Husum;2021K1;23416
Lokaludvalg - Brønshøj-Husum;2021K2;23315
Lokaludvalg - Brønshøj-Husum;2021K3;23230
Lokaludvalg - Brønshøj-Husum;2021K4;23290
Lokaludvalg - Brønshøj-Husum;2022K1;23292
Lokaludvalg - Brønshøj-Husum;2022K2;23194
Lokaludvalg - Brønshøj-Husum;2022K3;23179
Lokaludvalg - Brønshøj-Husum;2022K4;23270
Lokaludvalg - Brønshøj-Husum;2023K1;23232
Lokaludvalg - Brønshøj-Husum;2023K2;23304
Lokaludvalg - Brønshøj-Husum;2023K3;23254
Lokaludvalg - Brønshøj-Husum;2023K4;23811
Lokaludvalg - Brønshøj-Husum;2024K1;23793
Lokaludvalg - Brønshøj-Husum;2024K2;23768
Lokaludvalg - Brønshøj-Husum;2024K3;23691
Lokaludvalg - Brønshøj-Husum;2024K4;23743
Lokaludvalg - Brønshøj-Husum;2025K1;23774
Lokaludvalg - Bispebjerg;1998K1;29550
Lokaludvalg - Bispebjerg;1999K1;29686
Lokaludvalg - Bispebjerg;2000K1;29837
Lokaludvalg - Bispebjerg;2001K1;29902
Lokaludvalg - Bispebjerg;2002K1;30089
Lokaludvalg - Bispebjerg;2002K2;30073
Lokaludvalg - Bispebjerg;2002K3;29909
Lokaludvalg - Bispebjerg;2002K4;30084
Lokaludvalg - Bispebjerg;2003K1;29962
Lokaludvalg - Bispebjerg;2003K2;30106
Lokaludvalg - Bispebjerg;2003K3;29960
Lokaludvalg - Bispebjerg;2003K4;30110
Lokaludvalg - Bispebjerg;2004K1;30175
Lokaludvalg - Bispebjerg;2004K2;30180
Lokaludvalg - Bispebjerg;2004K3;30151
Lokaludvalg - Bispebjerg;2004K4;30226
Lokaludvalg - Bispebjerg;2005K1;30195
Lokaludvalg - Bispebjerg;2005K2;30090
Lokaludvalg - Bispebjerg;2005K3;30042
Lokaludvalg - Bispebjerg;2005K4;30149
Lokaludvalg - Bispebjerg;2006K1;30131
Lokaludvalg - Bispebjerg;2006K2;30204
Lokaludvalg - Bispebjerg;2006K3;30063
Lokaludvalg - Bispebjerg;2006K4;30449
Lokaludvalg - Bispebjerg;2007K1;30596
Lokaludvalg - Bispebjerg;2007K2;30799
Lokaludvalg - Bispebjerg;2007K3;30691
Lokaludvalg - Bispebjerg;2007K4;31122
Lokaludvalg - Bispebjerg;2008K1;31186
Lokaludvalg - Bispebjerg;2008K2;31294
Lokaludvalg - Bispebjerg;2008K3;31127
Lokaludvalg - Bispebjerg;2008K4;31677
Lokaludvalg - Bispebjerg;2009K1;31639
Lokaludvalg - Bispebjerg;2009K2;31809
Lokaludvalg - Bispebjerg;2009K3;31608
Lokaludvalg - Bispebjerg;2009K4;31999
Lokaludvalg - Bispebjerg;2010K1;32071
Lokaludvalg - Bispebjerg;2010K2;32277
Lokaludvalg - Bispebjerg;2010K3;32125
Lokaludvalg - Bispebjerg;2011K1;32824
Lokaludvalg - Bispebjerg;2011K2;33021
Lokaludvalg - Bispebjerg;2011K3;32841
Lokaludvalg - Bispebjerg;2011K4;33427
Lokaludvalg - Bispebjerg;2012K1;33710
Lokaludvalg - Bispebjerg;2012K2;33828
Lokaludvalg - Bispebjerg;2012K3;33669
Lokaludvalg - Bispebjerg;2012K4;34283
Lokaludvalg - Bispebjerg;2013K1;34325
Lokaludvalg - Bispebjerg;2013K2;34443
Lokaludvalg - Bispebjerg;2013K3;34359
Lokaludvalg - Bispebjerg;2013K4;34948
Lokaludvalg - Bispebjerg;2014K1;34895
Lokaludvalg - Bispebjerg;2014K2;35197
Lokaludvalg - Bispebjerg;2014K3;34983
Lokaludvalg - Bispebjerg;2014K4;35651
Lokaludvalg - Bispebjerg;2015K1;35578
Lokaludvalg - Bispebjerg;2015K2;35781
Lokaludvalg - Bispebjerg;2015K3;35609
Lokaludvalg - Bispebjerg;2015K4;36112
Lokaludvalg - Bispebjerg;2016K1;36286
Lokaludvalg - Bispebjerg;2016K2;36377
Lokaludvalg - Bispebjerg;2016K3;36168
Lokaludvalg - Bispebjerg;2016K4;36746
Lokaludvalg - Bispebjerg;2017K1;36593
Lokaludvalg - Bispebjerg;2017K2;36682
Lokaludvalg - Bispebjerg;2017K3;36275
Lokaludvalg - Bispebjerg;2017K4;36600
Lokaludvalg - Bispebjerg;2018K1;36449
Lokaludvalg - Bispebjerg;2018K2;36601
Lokaludvalg - Bispebjerg;2018K3;36245
Lokaludvalg - Bispebjerg;2018K4;36659
Lokaludvalg - Bispebjerg;2019K1;36461
Lokaludvalg - Bispebjerg;2019K2;36341
Lokaludvalg - Bispebjerg;2019K3;36024
Lokaludvalg - Bispebjerg;2019K4;36248
Lokaludvalg - Bispebjerg;2020K1;36009
Lokaludvalg - Bispebjerg;2020K2;35807
Lokaludvalg - Bispebjerg;2020K3;35513
Lokaludvalg - Bispebjerg;2020K4;35546
Lokaludvalg - Bispebjerg;2021K1;35434
Lokaludvalg - Bispebjerg;2021K2;35111
Lokaludvalg - Bispebjerg;2021K3;35005
Lokaludvalg - Bispebjerg;2021K4;35137
Lokaludvalg - Bispebjerg;2022K1;35113
Lokaludvalg - Bispebjerg;2022K2;35238
Lokaludvalg - Bispebjerg;2022K3;35217
Lokaludvalg - Bispebjerg;2022K4;35461
Lokaludvalg - Bispebjerg;2023K1;35549
Lokaludvalg - Bispebjerg;2023K2;35828
Lokaludvalg - Bispebjerg;2023K3;35684
Lokaludvalg - Bispebjerg;2023K4;36052
Lokaludvalg - Bispebjerg;2024K1;36047
Lokaludvalg - Bispebjerg;2024K2;36272
Lokaludvalg - Bispebjerg;2024K3;36002
Lokaludvalg - Bispebjerg;2024K4;36264
Lokaludvalg - Bispebjerg;2025K1;36240
Lokaludvalg - Amager Øst;1998K1;30512
Lokaludvalg - Amager Øst;1999K1;30711
Lokaludvalg - Amager Øst;2000K1;30656
Lokaludvalg - Amager Øst;2001K1;30913
Lokaludvalg - Amager Øst;2002K1;30878
Lokaludvalg - Amager Øst;2002K2;30855
Lokaludvalg - Amager Øst;2002K3;30701
Lokaludvalg - Amager Øst;2002K4;30746
Lokaludvalg - Amager Øst;2003K1;30771
Lokaludvalg - Amager Øst;2003K2;30734
Lokaludvalg - Amager Øst;2003K3;30596
Lokaludvalg - Amager Øst;2003K4;30836
Lokaludvalg - Amager Øst;2004K1;30901
Lokaludvalg - Amager Øst;2004K2;30967
Lokaludvalg - Amager Øst;2004K3;30901
Lokaludvalg - Amager Øst;2004K4;30989
Lokaludvalg - Amager Øst;2005K1;30891
Lokaludvalg - Amager Øst;2005K2;30909
Lokaludvalg - Amager Øst;2005K3;30627
Lokaludvalg - Amager Øst;2005K4;30939
Lokaludvalg - Amager Øst;2006K1;30865
Lokaludvalg - Amager Øst;2006K2;30847
Lokaludvalg - Amager Øst;2006K3;30556
Lokaludvalg - Amager Øst;2006K4;30765
Lokaludvalg - Amager Øst;2007K1;30688
Lokaludvalg - Amager Øst;2007K2;30759
Lokaludvalg - Amager Øst;2007K3;30541
Lokaludvalg - Amager Øst;2007K4;30919
Lokaludvalg - Amager Øst;2008K1;30935
Lokaludvalg - Amager Øst;2008K2;31018
Lokaludvalg - Amager Øst;2008K3;30946
Lokaludvalg - Amager Øst;2008K4;31408
Lokaludvalg - Amager Øst;2009K1;31455
Lokaludvalg - Amager Øst;2009K2;31582
Lokaludvalg - Amager Øst;2009K3;31545
Lokaludvalg - Amager Øst;2009K4;31821
Lokaludvalg - Amager Øst;2010K1;31663
Lokaludvalg - Amager Øst;2010K2;31749
Lokaludvalg - Amager Øst;2010K3;31677
Lokaludvalg - Amager Øst;2011K1;31861
Lokaludvalg - Amager Øst;2011K2;31946
Lokaludvalg - Amager Øst;2011K3;31808
Lokaludvalg - Amager Øst;2011K4;32170
Lokaludvalg - Amager Øst;2012K1;32198
Lokaludvalg - Amager Øst;2012K2;32386
Lokaludvalg - Amager Øst;2012K3;32212
Lokaludvalg - Amager Øst;2012K4;32693
Lokaludvalg - Amager Øst;2013K1;32748
Lokaludvalg - Amager Øst;2013K2;32824
Lokaludvalg - Amager Øst;2013K3;32640
Lokaludvalg - Amager Øst;2013K4;33258
Lokaludvalg - Amager Øst;2014K1;33230
Lokaludvalg - Amager Øst;2014K2;33294
Lokaludvalg - Amager Øst;2014K3;33238
Lokaludvalg - Amager Øst;2014K4;34191
Lokaludvalg - Amager Øst;2015K1;34278
Lokaludvalg - Amager Øst;2015K2;34561
Lokaludvalg - Amager Øst;2015K3;34394
Lokaludvalg - Amager Øst;2015K4;35027
Lokaludvalg - Amager Øst;2016K1;34858
Lokaludvalg - Amager Øst;2016K2;35012
Lokaludvalg - Amager Øst;2016K3;34937
Lokaludvalg - Amager Øst;2016K4;35497
Lokaludvalg - Amager Øst;2017K1;35288
Lokaludvalg - Amager Øst;2017K2;35461
Lokaludvalg - Amager Øst;2017K3;35256
Lokaludvalg - Amager Øst;2017K4;35689
Lokaludvalg - Amager Øst;2018K1;35715
Lokaludvalg - Amager Øst;2018K2;35784
Lokaludvalg - Amager Øst;2018K3;35854
Lokaludvalg - Amager Øst;2018K4;36458
Lokaludvalg - Amager Øst;2019K1;36374
Lokaludvalg - Amager Øst;2019K2;36503
Lokaludvalg - Amager Øst;2019K3;36333
Lokaludvalg - Amager Øst;2019K4;36941
Lokaludvalg - Amager Øst;2020K1;36701
Lokaludvalg - Amager Øst;2020K2;36813
Lokaludvalg - Amager Øst;2020K3;36826
Lokaludvalg - Amager Øst;2020K4;37447
Lokaludvalg - Amager Øst;2021K1;37529
Lokaludvalg - Amager Øst;2021K2;37552
Lokaludvalg - Amager Øst;2021K3;37561
Lokaludvalg - Amager Øst;2021K4;38105
Lokaludvalg - Amager Øst;2022K1;37851
Lokaludvalg - Amager Øst;2022K2;37924
Lokaludvalg - Amager Øst;2022K3;38062
Lokaludvalg - Amager Øst;2022K4;38457
Lokaludvalg - Amager Øst;2023K1;38456
Lokaludvalg - Amager Øst;2023K2;38830
Lokaludvalg - Amager Øst;2023K3;38497
Lokaludvalg - Amager Øst;2023K4;39049
Lokaludvalg - Amager Øst;2024K1;38897
Lokaludvalg - Amager Øst;2024K2;38933
Lokaludvalg - Amager Øst;2024K3;38666
Lokaludvalg - Amager Øst;2024K4;39077
Lokaludvalg - Amager Øst;2025K1;38914
Lokaludvalg - Amager Vest;1998K1;27932
Lokaludvalg - Amager Vest;1999K1;27912
Lokaludvalg - Amager Vest;2000K1;27931
Lokaludvalg - Amager Vest;2001K1;28085
Lokaludvalg - Amager Vest;2002K1;28135
Lokaludvalg - Amager Vest;2002K2;28092
Lokaludvalg - Amager Vest;2002K3;27954
Lokaludvalg - Amager Vest;2002K4;28080
Lokaludvalg - Amager Vest;2003K1;28043
Lokaludvalg - Amager Vest;2003K2;28052
Lokaludvalg - Amager Vest;2003K3;27844
Lokaludvalg - Amager Vest;2003K4;28100
Lokaludvalg - Amager Vest;2004K1;28212
Lokaludvalg - Amager Vest;2004K2;28230
Lokaludvalg - Amager Vest;2004K3;28426
Lokaludvalg - Amager Vest;2004K4;28732
Lokaludvalg - Amager Vest;2005K1;28656
Lokaludvalg - Amager Vest;2005K2;28794
Lokaludvalg - Amager Vest;2005K3;28834
Lokaludvalg - Amager Vest;2005K4;29472
Lokaludvalg - Amager Vest;2006K1;29700
Lokaludvalg - Amager Vest;2006K2;29819
Lokaludvalg - Amager Vest;2006K3;30070
Lokaludvalg - Amager Vest;2006K4;30900
Lokaludvalg - Amager Vest;2007K1;31141
Lokaludvalg - Amager Vest;2007K2;31523
Lokaludvalg - Amager Vest;2007K3;31841
Lokaludvalg - Amager Vest;2007K4;32228
Lokaludvalg - Amager Vest;2008K1;32414
Lokaludvalg - Amager Vest;2008K2;32673
Lokaludvalg - Amager Vest;2008K3;32729
Lokaludvalg - Amager Vest;2008K4;33285
Lokaludvalg - Amager Vest;2009K1;33311
Lokaludvalg - Amager Vest;2009K2;33539
Lokaludvalg - Amager Vest;2009K3;33531
Lokaludvalg - Amager Vest;2009K4;33983
Lokaludvalg - Amager Vest;2010K1;34018
Lokaludvalg - Amager Vest;2010K2;34278
Lokaludvalg - Amager Vest;2010K3;34252
Lokaludvalg - Amager Vest;2011K1;34575
Lokaludvalg - Amager Vest;2011K2;34774
Lokaludvalg - Amager Vest;2011K3;34751
Lokaludvalg - Amager Vest;2011K4;35406
Lokaludvalg - Amager Vest;2012K1;35457
Lokaludvalg - Amager Vest;2012K2;35737
Lokaludvalg - Amager Vest;2012K3;35685
Lokaludvalg - Amager Vest;2012K4;36291
Lokaludvalg - Amager Vest;2013K1;36568
Lokaludvalg - Amager Vest;2013K2;36919
Lokaludvalg - Amager Vest;2013K3;36825
Lokaludvalg - Amager Vest;2013K4;37277
Lokaludvalg - Amager Vest;2014K1;37306
Lokaludvalg - Amager Vest;2014K2;37491
Lokaludvalg - Amager Vest;2014K3;37346
Lokaludvalg - Amager Vest;2014K4;38003
Lokaludvalg - Amager Vest;2015K1;38030
Lokaludvalg - Amager Vest;2015K2;38313
Lokaludvalg - Amager Vest;2015K3;38367
Lokaludvalg - Amager Vest;2015K4;38830
Lokaludvalg - Amager Vest;2016K1;39001
Lokaludvalg - Amager Vest;2016K2;39291
Lokaludvalg - Amager Vest;2016K3;39041
Lokaludvalg - Amager Vest;2016K4;39931
Lokaludvalg - Amager Vest;2017K1;40066
Lokaludvalg - Amager Vest;2017K2;40597
Lokaludvalg - Amager Vest;2017K3;40733
Lokaludvalg - Amager Vest;2017K4;41655
Lokaludvalg - Amager Vest;2018K1;41684
Lokaludvalg - Amager Vest;2018K2;42274
Lokaludvalg - Amager Vest;2018K3;42291
Lokaludvalg - Amager Vest;2018K4;43485
Lokaludvalg - Amager Vest;2019K1;43859
Lokaludvalg - Amager Vest;2019K2;44716
Lokaludvalg - Amager Vest;2019K3;44932
Lokaludvalg - Amager Vest;2019K4;46537
Lokaludvalg - Amager Vest;2020K1;46433
Lokaludvalg - Amager Vest;2020K2;46645
Lokaludvalg - Amager Vest;2020K3;46756
Lokaludvalg - Amager Vest;2020K4;47690
Lokaludvalg - Amager Vest;2021K1;48018
Lokaludvalg - Amager Vest;2021K2;48454
Lokaludvalg - Amager Vest;2021K3;48783
Lokaludvalg - Amager Vest;2021K4;49932
Lokaludvalg - Amager Vest;2022K1;50270
Lokaludvalg - Amager Vest;2022K2;50960
Lokaludvalg - Amager Vest;2022K3;50739
Lokaludvalg - Amager Vest;2022K4;51383
Lokaludvalg - Amager Vest;2023K1;51410
Lokaludvalg - Amager Vest;2023K2;52035
Lokaludvalg - Amager Vest;2023K3;51413
Lokaludvalg - Amager Vest;2023K4;52395
Lokaludvalg - Amager Vest;2024K1;52262
Lokaludvalg - Amager Vest;2024K2;53017
Lokaludvalg - Amager Vest;2024K3;52540
Lokaludvalg - Amager Vest;2024K4;53713
Lokaludvalg - Amager Vest;2025K1;53582
Lokaludvalg - Uden for inddeling;1998K1;3139
Lokaludvalg - Uden for inddeling;1999K1;2418
Lokaludvalg - Uden for inddeling;2000K1;2908
Lokaludvalg - Uden for inddeling;2001K1;3208
Lokaludvalg - Uden for inddeling;2002K1;2439
Lokaludvalg - Uden for inddeling;2002K2;2621
Lokaludvalg - Uden for inddeling;2002K3;2418
Lokaludvalg - Uden for inddeling;2002K4;2492
Lokaludvalg - Uden for inddeling;2003K1;2635
Lokaludvalg - Uden for inddeling;2003K2;2559
Lokaludvalg - Uden for inddeling;2003K3;2664
Lokaludvalg - Uden for inddeling;2003K4;2589
Lokaludvalg - Uden for inddeling;2004K1;2836
Lokaludvalg - Uden for inddeling;2004K2;2688
Lokaludvalg - Uden for inddeling;2004K3;2826
Lokaludvalg - Uden for inddeling;2004K4;3020
Lokaludvalg - Uden for inddeling;2005K1;3157
Lokaludvalg - Uden for inddeling;2005K2;3265
Lokaludvalg - Uden for inddeling;2005K3;2755
Lokaludvalg - Uden for inddeling;2005K4;2932
Lokaludvalg - Uden for inddeling;2006K1;3099
Lokaludvalg - Uden for inddeling;2006K2;3254
Lokaludvalg - Uden for inddeling;2006K3;3343
Lokaludvalg - Uden for inddeling;2006K4;3229
Lokaludvalg - Uden for inddeling;2007K1;2812
Lokaludvalg - Uden for inddeling;2007K2;2909
Lokaludvalg - Uden for inddeling;2007K3;3005
Lokaludvalg - Uden for inddeling;2007K4;3273
Lokaludvalg - Uden for inddeling;2008K1;3401
Lokaludvalg - Uden for inddeling;2008K2;3489
Lokaludvalg - Uden for inddeling;2008K3;3558
Lokaludvalg - Uden for inddeling;2008K4;3632
Lokaludvalg - Uden for inddeling;2009K1;3706
Lokaludvalg - Uden for inddeling;2009K2;3059
Lokaludvalg - Uden for inddeling;2009K3;3366
Lokaludvalg - Uden for inddeling;2009K4;3639
Lokaludvalg - Uden for inddeling;2010K1;3832
Lokaludvalg - Uden for inddeling;2010K2;4010
Lokaludvalg - Uden for inddeling;2010K3;4157
Lokaludvalg - Uden for inddeling;2011K1;4531
Lokaludvalg - Uden for inddeling;2011K2;4443
Lokaludvalg - Uden for inddeling;2011K3;4446
Lokaludvalg - Uden for inddeling;2011K4;4588
Lokaludvalg - Uden for inddeling;2012K1;3033
Lokaludvalg - Uden for inddeling;2012K2;3130
Lokaludvalg - Uden for inddeling;2012K3;3207
Lokaludvalg - Uden for inddeling;2012K4;3184
Lokaludvalg - Uden for inddeling;2013K1;3221
Lokaludvalg - Uden for inddeling;2013K2;2897
Lokaludvalg - Uden for inddeling;2013K3;2913
Lokaludvalg - Uden for inddeling;2013K4;3047
Lokaludvalg - Uden for inddeling;2014K1;3166
Lokaludvalg - Uden for inddeling;2014K2;3135
Lokaludvalg - Uden for inddeling;2014K3;3345
Lokaludvalg - Uden for inddeling;2014K4;3384
Lokaludvalg - Uden for inddeling;2015K1;3402
Lokaludvalg - Uden for inddeling;2015K2;3037
Lokaludvalg - Uden for inddeling;2015K3;3251
Lokaludvalg - Uden for inddeling;2015K4;3285
Lokaludvalg - Uden for inddeling;2016K1;3317
Lokaludvalg - Uden for inddeling;2016K2;3202
Lokaludvalg - Uden for inddeling;2016K3;3260
Lokaludvalg - Uden for inddeling;2016K4;3190
Lokaludvalg - Uden for inddeling;2017K1;3264
Lokaludvalg - Uden for inddeling;2017K2;3220
Lokaludvalg - Uden for inddeling;2017K3;3154
Lokaludvalg - Uden for inddeling;2017K4;3125
Lokaludvalg - Uden for inddeling;2018K1;3159
Lokaludvalg - Uden for inddeling;2018K2;3137
Lokaludvalg - Uden for inddeling;2018K3;3087
Lokaludvalg - Uden for inddeling;2018K4;2981
Lokaludvalg - Uden for inddeling;2019K1;2830
Lokaludvalg - Uden for inddeling;2019K2;2789
Lokaludvalg - Uden for inddeling;2019K3;2783
Lokaludvalg - Uden for inddeling;2019K4;3138
Lokaludvalg - Uden for inddeling;2020K1;3131
Lokaludvalg - Uden for inddeling;2020K2;3391
Lokaludvalg - Uden for inddeling;2020K3;3443
Lokaludvalg - Uden for inddeling;2020K4;3330
Lokaludvalg - Uden for inddeling;2021K1;3389
Lokaludvalg - Uden for inddeling;2021K2;3320
Lokaludvalg - Uden for inddeling;2021K3;3355
Lokaludvalg - Uden for inddeling;2021K4;3504
Lokaludvalg - Uden for inddeling;2022K1;3423
Lokaludvalg - Uden for inddeling;2022K2;3491
Lokaludvalg - Uden for inddeling;2022K3;3545
Lokaludvalg - Uden for inddeling;2022K4;3748
Lokaludvalg - Uden for inddeling;2023K1;3724
Lokaludvalg - Uden for inddeling;2023K2;3758
Lokaludvalg - Uden for inddeling;2023K3;4031
Lokaludvalg - Uden for inddeling;2023K4;3893
Lokaludvalg - Uden for inddeling;2024K1;3826
Lokaludvalg - Uden for inddeling;2024K2;3707
Lokaludvalg - Uden for inddeling;2024K3;3679
Lokaludvalg - Uden for inddeling;2024K4;3850
Lokaludvalg - Uden for inddeling;2025K1;3617
Indre By - Middelalderbyen;1998K1;3948
Indre By - Middelalderbyen;1999K1;4000
Indre By - Middelalderbyen;2000K1;4005
Indre By - Middelalderbyen;2001K1;4029
Indre By - Middelalderbyen;2002K1;3940
Indre By - Middelalderbyen;2002K2;3967
Indre By - Middelalderbyen;2002K3;3961
Indre By - Middelalderbyen;2002K4;4016
Indre By - Middelalderbyen;2003K1;4022
Indre By - Middelalderbyen;2003K2;4012
Indre By - Middelalderbyen;2003K3;4018
Indre By - Middelalderbyen;2003K4;4002
Indre By - Middelalderbyen;2004K1;4008
Indre By - Middelalderbyen;2004K2;4022
Indre By - Middelalderbyen;2004K3;3970
Indre By - Middelalderbyen;2004K4;4040
Indre By - Middelalderbyen;2005K1;4063
Indre By - Middelalderbyen;2005K2;4051
Indre By - Middelalderbyen;2005K3;4079
Indre By - Middelalderbyen;2005K4;4068
Indre By - Middelalderbyen;2006K1;4097
Indre By - Middelalderbyen;2006K2;4102
Indre By - Middelalderbyen;2006K3;4084
Indre By - Middelalderbyen;2006K4;4131
Indre By - Middelalderbyen;2007K1;4135
Indre By - Middelalderbyen;2007K2;4130
Indre By - Middelalderbyen;2007K3;4076
Indre By - Middelalderbyen;2007K4;4174
Indre By - Middelalderbyen;2008K1;4158
Indre By - Middelalderbyen;2008K2;4229
Indre By - Middelalderbyen;2008K3;4239
Indre By - Middelalderbyen;2008K4;4317
Indre By - Middelalderbyen;2009K1;4336
Indre By - Middelalderbyen;2009K2;4424
Indre By - Middelalderbyen;2009K3;4362
Indre By - Middelalderbyen;2009K4;4481
Indre By - Middelalderbyen;2010K1;4502
Indre By - Middelalderbyen;2010K2;4571
Indre By - Middelalderbyen;2010K3;4488
Indre By - Middelalderbyen;2011K1;4642
Indre By - Middelalderbyen;2011K2;4741
Indre By - Middelalderbyen;2011K3;4663
Indre By - Middelalderbyen;2011K4;4967
Indre By - Middelalderbyen;2012K1;4984
Indre By - Middelalderbyen;2012K2;5029
Indre By - Middelalderbyen;2012K3;4882
Indre By - Middelalderbyen;2012K4;5070
Indre By - Middelalderbyen;2013K1;4999
Indre By - Middelalderbyen;2013K2;5132
Indre By - Middelalderbyen;2013K3;4965
Indre By - Middelalderbyen;2013K4;5208
Indre By - Middelalderbyen;2014K1;5197
Indre By - Middelalderbyen;2014K2;5193
Indre By - Middelalderbyen;2014K3;5052
Indre By - Middelalderbyen;2014K4;5254
Indre By - Middelalderbyen;2015K1;5125
Indre By - Middelalderbyen;2015K2;5333
Indre By - Middelalderbyen;2015K3;5302
Indre By - Middelalderbyen;2015K4;5437
Indre By - Middelalderbyen;2016K1;5441
Indre By - Middelalderbyen;2016K2;5590
Indre By - Middelalderbyen;2016K3;5346
Indre By - Middelalderbyen;2016K4;5596
Indre By - Middelalderbyen;2017K1;5555
Indre By - Middelalderbyen;2017K2;5699
Indre By - Middelalderbyen;2017K3;5502
Indre By - Middelalderbyen;2017K4;5729
Indre By - Middelalderbyen;2018K1;5716
Indre By - Middelalderbyen;2018K2;5799
Indre By - Middelalderbyen;2018K3;5605
Indre By - Middelalderbyen;2018K4;5923
Indre By - Middelalderbyen;2019K1;5809
Indre By - Middelalderbyen;2019K2;5982
Indre By - Middelalderbyen;2019K3;5807
Indre By - Middelalderbyen;2019K4;6087
Indre By - Middelalderbyen;2020K1;5846
Indre By - Middelalderbyen;2020K2;5840
Indre By - Middelalderbyen;2020K3;5828
Indre By - Middelalderbyen;2020K4;6049
Indre By - Middelalderbyen;2021K1;6063
Indre By - Middelalderbyen;2021K2;6084
Indre By - Middelalderbyen;2021K3;6029
Indre By - Middelalderbyen;2021K4;6127
Indre By - Middelalderbyen;2022K1;6148
Indre By - Middelalderbyen;2022K2;6302
Indre By - Middelalderbyen;2022K3;6115
Indre By - Middelalderbyen;2022K4;6337
Indre By - Middelalderbyen;2023K1;6202
Indre By - Middelalderbyen;2023K2;6363
Indre By - Middelalderbyen;2023K3;6205
Indre By - Middelalderbyen;2023K4;6457
Indre By - Middelalderbyen;2024K1;6286
Indre By - Middelalderbyen;2024K2;6361
Indre By - Middelalderbyen;2024K3;6196
Indre By - Middelalderbyen;2024K4;6442
Indre By - Middelalderbyen;2025K1;6296
Indre By - Metropolzonen;1998K1;1092
Indre By - Metropolzonen;1999K1;1123
Indre By - Metropolzonen;2000K1;1126
Indre By - Metropolzonen;2001K1;1093
Indre By - Metropolzonen;2002K1;1105
Indre By - Metropolzonen;2002K2;1114
Indre By - Metropolzonen;2002K3;1089
Indre By - Metropolzonen;2002K4;1092
Indre By - Metropolzonen;2003K1;1091
Indre By - Metropolzonen;2003K2;1098
Indre By - Metropolzonen;2003K3;1105
Indre By - Metropolzonen;2003K4;1096
Indre By - Metropolzonen;2004K1;1067
Indre By - Metropolzonen;2004K2;1063
Indre By - Metropolzonen;2004K3;1086
Indre By - Metropolzonen;2004K4;1107
Indre By - Metropolzonen;2005K1;1117
Indre By - Metropolzonen;2005K2;1129
Indre By - Metropolzonen;2005K3;1116
Indre By - Metropolzonen;2005K4;1140
Indre By - Metropolzonen;2006K1;1151
Indre By - Metropolzonen;2006K2;1205
Indre By - Metropolzonen;2006K3;1248
Indre By - Metropolzonen;2006K4;1269
Indre By - Metropolzonen;2007K1;1290
Indre By - Metropolzonen;2007K2;1282
Indre By - Metropolzonen;2007K3;1286
Indre By - Metropolzonen;2007K4;1348
Indre By - Metropolzonen;2008K1;1360
Indre By - Metropolzonen;2008K2;1354
Indre By - Metropolzonen;2008K3;1369
Indre By - Metropolzonen;2008K4;1387
Indre By - Metropolzonen;2009K1;1402
Indre By - Metropolzonen;2009K2;1383
Indre By - Metropolzonen;2009K3;1376
Indre By - Metropolzonen;2009K4;1408
Indre By - Metropolzonen;2010K1;1401
Indre By - Metropolzonen;2010K2;1399
Indre By - Metropolzonen;2010K3;1373
Indre By - Metropolzonen;2011K1;1400
Indre By - Metropolzonen;2011K2;1422
Indre By - Metropolzonen;2011K3;1431
Indre By - Metropolzonen;2011K4;1470
Indre By - Metropolzonen;2012K1;1480
Indre By - Metropolzonen;2012K2;1505
Indre By - Metropolzonen;2012K3;1476
Indre By - Metropolzonen;2012K4;1485
Indre By - Metropolzonen;2013K1;1480
Indre By - Metropolzonen;2013K2;1478
Indre By - Metropolzonen;2013K3;1475
Indre By - Metropolzonen;2013K4;1521
Indre By - Metropolzonen;2014K1;1512
Indre By - Metropolzonen;2014K2;1540
Indre By - Metropolzonen;2014K3;1526
Indre By - Metropolzonen;2014K4;1555
Indre By - Metropolzonen;2015K1;1543
Indre By - Metropolzonen;2015K2;1519
Indre By - Metropolzonen;2015K3;1513
Indre By - Metropolzonen;2015K4;1568
Indre By - Metropolzonen;2016K1;1602
Indre By - Metropolzonen;2016K2;1634
Indre By - Metropolzonen;2016K3;1613
Indre By - Metropolzonen;2016K4;1624
Indre By - Metropolzonen;2017K1;1637
Indre By - Metropolzonen;2017K2;1639
Indre By - Metropolzonen;2017K3;1616
Indre By - Metropolzonen;2017K4;1672
Indre By - Metropolzonen;2018K1;1666
Indre By - Metropolzonen;2018K2;1713
Indre By - Metropolzonen;2018K3;1728
Indre By - Metropolzonen;2018K4;1775
Indre By - Metropolzonen;2019K1;1795
Indre By - Metropolzonen;2019K2;1798
Indre By - Metropolzonen;2019K3;1789
Indre By - Metropolzonen;2019K4;1766
Indre By - Metropolzonen;2020K1;1741
Indre By - Metropolzonen;2020K2;1746
Indre By - Metropolzonen;2020K3;1705
Indre By - Metropolzonen;2020K4;1805
Indre By - Metropolzonen;2021K1;1811
Indre By - Metropolzonen;2021K2;1824
Indre By - Metropolzonen;2021K3;1806
Indre By - Metropolzonen;2021K4;1832
Indre By - Metropolzonen;2022K1;1817
Indre By - Metropolzonen;2022K2;1846
Indre By - Metropolzonen;2022K3;1813
Indre By - Metropolzonen;2022K4;1848
Indre By - Metropolzonen;2023K1;1835
Indre By - Metropolzonen;2023K2;1844
Indre By - Metropolzonen;2023K3;1851
Indre By - Metropolzonen;2023K4;1879
Indre By - Metropolzonen;2024K1;1843
Indre By - Metropolzonen;2024K2;1846
Indre By - Metropolzonen;2024K3;1844
Indre By - Metropolzonen;2024K4;1859
Indre By - Metropolzonen;2025K1;1927
Indre By - Nansensgade-kvarteret;1998K1;3895
Indre By - Nansensgade-kvarteret;1999K1;3954
Indre By - Nansensgade-kvarteret;2000K1;3962
Indre By - Nansensgade-kvarteret;2001K1;3909
Indre By - Nansensgade-kvarteret;2002K1;3902
Indre By - Nansensgade-kvarteret;2002K2;3893
Indre By - Nansensgade-kvarteret;2002K3;3862
Indre By - Nansensgade-kvarteret;2002K4;3884
Indre By - Nansensgade-kvarteret;2003K1;3882
Indre By - Nansensgade-kvarteret;2003K2;3866
Indre By - Nansensgade-kvarteret;2003K3;3870
Indre By - Nansensgade-kvarteret;2003K4;3886
Indre By - Nansensgade-kvarteret;2004K1;3866
Indre By - Nansensgade-kvarteret;2004K2;3836
Indre By - Nansensgade-kvarteret;2004K3;3826
Indre By - Nansensgade-kvarteret;2004K4;3821
Indre By - Nansensgade-kvarteret;2005K1;3796
Indre By - Nansensgade-kvarteret;2005K2;3785
Indre By - Nansensgade-kvarteret;2005K3;3795
Indre By - Nansensgade-kvarteret;2005K4;3829
Indre By - Nansensgade-kvarteret;2006K1;3776
Indre By - Nansensgade-kvarteret;2006K2;3769
Indre By - Nansensgade-kvarteret;2006K3;3717
Indre By - Nansensgade-kvarteret;2006K4;3716
Indre By - Nansensgade-kvarteret;2007K1;3701
Indre By - Nansensgade-kvarteret;2007K2;3692
Indre By - Nansensgade-kvarteret;2007K3;3682
Indre By - Nansensgade-kvarteret;2007K4;3690
Indre By - Nansensgade-kvarteret;2008K1;3675
Indre By - Nansensgade-kvarteret;2008K2;3667
Indre By - Nansensgade-kvarteret;2008K3;3660
Indre By - Nansensgade-kvarteret;2008K4;3687
Indre By - Nansensgade-kvarteret;2009K1;3685
Indre By - Nansensgade-kvarteret;2009K2;3717
Indre By - Nansensgade-kvarteret;2009K3;3712
Indre By - Nansensgade-kvarteret;2009K4;3759
Indre By - Nansensgade-kvarteret;2010K1;3806
Indre By - Nansensgade-kvarteret;2010K2;3828
Indre By - Nansensgade-kvarteret;2010K3;3838
Indre By - Nansensgade-kvarteret;2011K1;3888
Indre By - Nansensgade-kvarteret;2011K2;3934
Indre By - Nansensgade-kvarteret;2011K3;3918
Indre By - Nansensgade-kvarteret;2011K4;4004
Indre By - Nansensgade-kvarteret;2012K1;4007
Indre By - Nansensgade-kvarteret;2012K2;3994
Indre By - Nansensgade-kvarteret;2012K3;3940
Indre By - Nansensgade-kvarteret;2012K4;4067
Indre By - Nansensgade-kvarteret;2013K1;4023
Indre By - Nansensgade-kvarteret;2013K2;4064
Indre By - Nansensgade-kvarteret;2013K3;4024
Indre By - Nansensgade-kvarteret;2013K4;4119
Indre By - Nansensgade-kvarteret;2014K1;4134
Indre By - Nansensgade-kvarteret;2014K2;4132
Indre By - Nansensgade-kvarteret;2014K3;4102
Indre By - Nansensgade-kvarteret;2014K4;4201
Indre By - Nansensgade-kvarteret;2015K1;4147
Indre By - Nansensgade-kvarteret;2015K2;4157
Indre By - Nansensgade-kvarteret;2015K3;4107
Indre By - Nansensgade-kvarteret;2015K4;4167
Indre By - Nansensgade-kvarteret;2016K1;4171
Indre By - Nansensgade-kvarteret;2016K2;4151
Indre By - Nansensgade-kvarteret;2016K3;4118
Indre By - Nansensgade-kvarteret;2016K4;4161
Indre By - Nansensgade-kvarteret;2017K1;4113
Indre By - Nansensgade-kvarteret;2017K2;4114
Indre By - Nansensgade-kvarteret;2017K3;4092
Indre By - Nansensgade-kvarteret;2017K4;4083
Indre By - Nansensgade-kvarteret;2018K1;4059
Indre By - Nansensgade-kvarteret;2018K2;4101
Indre By - Nansensgade-kvarteret;2018K3;4099
Indre By - Nansensgade-kvarteret;2018K4;4123
Indre By - Nansensgade-kvarteret;2019K1;4149
Indre By - Nansensgade-kvarteret;2019K2;4156
Indre By - Nansensgade-kvarteret;2019K3;4128
Indre By - Nansensgade-kvarteret;2019K4;4148
Indre By - Nansensgade-kvarteret;2020K1;4120
Indre By - Nansensgade-kvarteret;2020K2;4146
Indre By - Nansensgade-kvarteret;2020K3;4127
Indre By - Nansensgade-kvarteret;2020K4;4176
Indre By - Nansensgade-kvarteret;2021K1;4146
Indre By - Nansensgade-kvarteret;2021K2;4159
Indre By - Nansensgade-kvarteret;2021K3;4169
Indre By - Nansensgade-kvarteret;2021K4;4183
Indre By - Nansensgade-kvarteret;2022K1;4184
Indre By - Nansensgade-kvarteret;2022K2;4176
Indre By - Nansensgade-kvarteret;2022K3;4196
Indre By - Nansensgade-kvarteret;2022K4;4245
Indre By - Nansensgade-kvarteret;2023K1;4232
Indre By - Nansensgade-kvarteret;2023K2;4231
Indre By - Nansensgade-kvarteret;2023K3;4193
Indre By - Nansensgade-kvarteret;2023K4;4200
Indre By - Nansensgade-kvarteret;2024K1;4195
Indre By - Nansensgade-kvarteret;2024K2;4199
Indre By - Nansensgade-kvarteret;2024K3;4205
Indre By - Nansensgade-kvarteret;2024K4;4237
Indre By - Nansensgade-kvarteret;2025K1;4219
Indre By - Øster Farimagsgade-kvarteret;1998K1;4058
Indre By - Øster Farimagsgade-kvarteret;1999K1;4041
Indre By - Øster Farimagsgade-kvarteret;2000K1;3976
Indre By - Øster Farimagsgade-kvarteret;2001K1;3990
Indre By - Øster Farimagsgade-kvarteret;2002K1;3933
Indre By - Øster Farimagsgade-kvarteret;2002K2;3920
Indre By - Øster Farimagsgade-kvarteret;2002K3;3884
Indre By - Øster Farimagsgade-kvarteret;2002K4;3946
Indre By - Øster Farimagsgade-kvarteret;2003K1;3939
Indre By - Øster Farimagsgade-kvarteret;2003K2;3947
Indre By - Øster Farimagsgade-kvarteret;2003K3;3922
Indre By - Øster Farimagsgade-kvarteret;2003K4;3954
Indre By - Øster Farimagsgade-kvarteret;2004K1;3921
Indre By - Øster Farimagsgade-kvarteret;2004K2;3933
Indre By - Øster Farimagsgade-kvarteret;2004K3;3905
Indre By - Øster Farimagsgade-kvarteret;2004K4;3939
Indre By - Øster Farimagsgade-kvarteret;2005K1;3949
Indre By - Øster Farimagsgade-kvarteret;2005K2;3967
Indre By - Øster Farimagsgade-kvarteret;2005K3;3924
Indre By - Øster Farimagsgade-kvarteret;2005K4;3928
Indre By - Øster Farimagsgade-kvarteret;2006K1;3884
Indre By - Øster Farimagsgade-kvarteret;2006K2;3920
Indre By - Øster Farimagsgade-kvarteret;2006K3;3925
Indre By - Øster Farimagsgade-kvarteret;2006K4;3919
Indre By - Øster Farimagsgade-kvarteret;2007K1;3880
Indre By - Øster Farimagsgade-kvarteret;2007K2;3920
Indre By - Øster Farimagsgade-kvarteret;2007K3;3872
Indre By - Øster Farimagsgade-kvarteret;2007K4;3927
Indre By - Øster Farimagsgade-kvarteret;2008K1;3916
Indre By - Øster Farimagsgade-kvarteret;2008K2;3915
Indre By - Øster Farimagsgade-kvarteret;2008K3;3885
Indre By - Øster Farimagsgade-kvarteret;2008K4;3922
Indre By - Øster Farimagsgade-kvarteret;2009K1;3951
Indre By - Øster Farimagsgade-kvarteret;2009K2;3968
Indre By - Øster Farimagsgade-kvarteret;2009K3;3994
Indre By - Øster Farimagsgade-kvarteret;2009K4;4049
Indre By - Øster Farimagsgade-kvarteret;2010K1;4051
Indre By - Øster Farimagsgade-kvarteret;2010K2;4048
Indre By - Øster Farimagsgade-kvarteret;2010K3;4053
Indre By - Øster Farimagsgade-kvarteret;2011K1;4058
Indre By - Øster Farimagsgade-kvarteret;2011K2;4063
Indre By - Øster Farimagsgade-kvarteret;2011K3;3991
Indre By - Øster Farimagsgade-kvarteret;2011K4;4092
Indre By - Øster Farimagsgade-kvarteret;2012K1;4092
Indre By - Øster Farimagsgade-kvarteret;2012K2;4072
Indre By - Øster Farimagsgade-kvarteret;2012K3;4027
Indre By - Øster Farimagsgade-kvarteret;2012K4;4089
Indre By - Øster Farimagsgade-kvarteret;2013K1;4079
Indre By - Øster Farimagsgade-kvarteret;2013K2;4093
Indre By - Øster Farimagsgade-kvarteret;2013K3;4079
Indre By - Øster Farimagsgade-kvarteret;2013K4;4184
Indre By - Øster Farimagsgade-kvarteret;2014K1;4159
Indre By - Øster Farimagsgade-kvarteret;2014K2;4147
Indre By - Øster Farimagsgade-kvarteret;2014K3;4098
Indre By - Øster Farimagsgade-kvarteret;2014K4;4170
Indre By - Øster Farimagsgade-kvarteret;2015K1;4146
Indre By - Øster Farimagsgade-kvarteret;2015K2;4145
Indre By - Øster Farimagsgade-kvarteret;2015K3;4138
Indre By - Øster Farimagsgade-kvarteret;2015K4;4234
Indre By - Øster Farimagsgade-kvarteret;2016K1;4234
Indre By - Øster Farimagsgade-kvarteret;2016K2;4216
Indre By - Øster Farimagsgade-kvarteret;2016K3;4185
Indre By - Øster Farimagsgade-kvarteret;2016K4;4286
Indre By - Øster Farimagsgade-kvarteret;2017K1;4223
Indre By - Øster Farimagsgade-kvarteret;2017K2;4253
Indre By - Øster Farimagsgade-kvarteret;2017K3;4203
Indre By - Øster Farimagsgade-kvarteret;2017K4;4277
Indre By - Øster Farimagsgade-kvarteret;2018K1;4250
Indre By - Øster Farimagsgade-kvarteret;2018K2;4231
Indre By - Øster Farimagsgade-kvarteret;2018K3;4150
Indre By - Øster Farimagsgade-kvarteret;2018K4;4204
Indre By - Øster Farimagsgade-kvarteret;2019K1;4204
Indre By - Øster Farimagsgade-kvarteret;2019K2;4255
Indre By - Øster Farimagsgade-kvarteret;2019K3;4173
Indre By - Øster Farimagsgade-kvarteret;2019K4;4227
Indre By - Øster Farimagsgade-kvarteret;2020K1;4193
Indre By - Øster Farimagsgade-kvarteret;2020K2;4157
Indre By - Øster Farimagsgade-kvarteret;2020K3;4156
Indre By - Øster Farimagsgade-kvarteret;2020K4;4183
Indre By - Øster Farimagsgade-kvarteret;2021K1;4178
Indre By - Øster Farimagsgade-kvarteret;2021K2;4170
Indre By - Øster Farimagsgade-kvarteret;2021K3;4131
Indre By - Øster Farimagsgade-kvarteret;2021K4;4138
Indre By - Øster Farimagsgade-kvarteret;2022K1;4125
Indre By - Øster Farimagsgade-kvarteret;2022K2;4157
Indre By - Øster Farimagsgade-kvarteret;2022K3;4178
Indre By - Øster Farimagsgade-kvarteret;2022K4;4200
Indre By - Øster Farimagsgade-kvarteret;2023K1;4179
Indre By - Øster Farimagsgade-kvarteret;2023K2;4194
Indre By - Øster Farimagsgade-kvarteret;2023K3;4165
Indre By - Øster Farimagsgade-kvarteret;2023K4;4235
Indre By - Øster Farimagsgade-kvarteret;2024K1;4180
Indre By - Øster Farimagsgade-kvarteret;2024K2;4194
Indre By - Øster Farimagsgade-kvarteret;2024K3;4159
Indre By - Øster Farimagsgade-kvarteret;2024K4;4228
Indre By - Øster Farimagsgade-kvarteret;2025K1;4187
Indre By - Østerport;1998K1;2555
Indre By - Østerport;1999K1;2623
Indre By - Østerport;2000K1;2568
Indre By - Østerport;2001K1;2558
Indre By - Østerport;2002K1;2522
Indre By - Østerport;2002K2;2525
Indre By - Østerport;2002K3;2524
Indre By - Østerport;2002K4;2527
Indre By - Østerport;2003K1;2518
Indre By - Østerport;2003K2;2513
Indre By - Østerport;2003K3;2505
Indre By - Østerport;2003K4;2518
Indre By - Østerport;2004K1;2511
Indre By - Østerport;2004K2;2521
Indre By - Østerport;2004K3;2497
Indre By - Østerport;2004K4;2510
Indre By - Østerport;2005K1;2510
Indre By - Østerport;2005K2;2501
Indre By - Østerport;2005K3;2509
Indre By - Østerport;2005K4;2523
Indre By - Østerport;2006K1;2505
Indre By - Østerport;2006K2;2537
Indre By - Østerport;2006K3;2511
Indre By - Østerport;2006K4;2543
Indre By - Østerport;2007K1;2556
Indre By - Østerport;2007K2;2561
Indre By - Østerport;2007K3;2542
Indre By - Østerport;2007K4;2545
Indre By - Østerport;2008K1;2510
Indre By - Østerport;2008K2;2521
Indre By - Østerport;2008K3;2513
Indre By - Østerport;2008K4;2511
Indre By - Østerport;2009K1;2546
Indre By - Østerport;2009K2;2550
Indre By - Østerport;2009K3;2560
Indre By - Østerport;2009K4;2589
Indre By - Østerport;2010K1;2568
Indre By - Østerport;2010K2;2590
Indre By - Østerport;2010K3;2589
Indre By - Østerport;2011K1;2621
Indre By - Østerport;2011K2;2651
Indre By - Østerport;2011K3;2660
Indre By - Østerport;2011K4;2669
Indre By - Østerport;2012K1;2637
Indre By - Østerport;2012K2;2658
Indre By - Østerport;2012K3;2646
Indre By - Østerport;2012K4;2675
Indre By - Østerport;2013K1;2675
Indre By - Østerport;2013K2;2675
Indre By - Østerport;2013K3;2674
Indre By - Østerport;2013K4;2698
Indre By - Østerport;2014K1;2701
Indre By - Østerport;2014K2;2610
Indre By - Østerport;2014K3;2557
Indre By - Østerport;2014K4;2559
Indre By - Østerport;2015K1;2539
Indre By - Østerport;2015K2;2540
Indre By - Østerport;2015K3;2536
Indre By - Østerport;2015K4;2573
Indre By - Østerport;2016K1;2549
Indre By - Østerport;2016K2;2559
Indre By - Østerport;2016K3;2542
Indre By - Østerport;2016K4;2576
Indre By - Østerport;2017K1;2575
Indre By - Østerport;2017K2;2566
Indre By - Østerport;2017K3;2546
Indre By - Østerport;2017K4;2565
Indre By - Østerport;2018K1;2555
Indre By - Østerport;2018K2;2572
Indre By - Østerport;2018K3;2563
Indre By - Østerport;2018K4;2574
Indre By - Østerport;2019K1;2571
Indre By - Østerport;2019K2;2589
Indre By - Østerport;2019K3;2581
Indre By - Østerport;2019K4;2574
Indre By - Østerport;2020K1;2526
Indre By - Østerport;2020K2;2564
Indre By - Østerport;2020K3;2535
Indre By - Østerport;2020K4;2577
Indre By - Østerport;2021K1;2592
Indre By - Østerport;2021K2;2613
Indre By - Østerport;2021K3;2606
Indre By - Østerport;2021K4;2622
Indre By - Østerport;2022K1;2626
Indre By - Østerport;2022K2;2616
Indre By - Østerport;2022K3;2627
Indre By - Østerport;2022K4;2633
Indre By - Østerport;2023K1;2617
Indre By - Østerport;2023K2;2617
Indre By - Østerport;2023K3;2618
Indre By - Østerport;2023K4;2621
Indre By - Østerport;2024K1;2616
Indre By - Østerport;2024K2;2643
Indre By - Østerport;2024K3;2640
Indre By - Østerport;2024K4;2642
Indre By - Østerport;2025K1;2640
Indre By - Frederiksstaden;1998K1;5691
Indre By - Frederiksstaden;1999K1;5677
Indre By - Frederiksstaden;2000K1;5638
Indre By - Frederiksstaden;2001K1;5641
Indre By - Frederiksstaden;2002K1;5642
Indre By - Frederiksstaden;2002K2;5611
Indre By - Frederiksstaden;2002K3;5589
Indre By - Frederiksstaden;2002K4;5586
Indre By - Frederiksstaden;2003K1;5591
Indre By - Frederiksstaden;2003K2;5568
Indre By - Frederiksstaden;2003K3;5506
Indre By - Frederiksstaden;2003K4;5577
Indre By - Frederiksstaden;2004K1;5554
Indre By - Frederiksstaden;2004K2;5530
Indre By - Frederiksstaden;2004K3;5485
Indre By - Frederiksstaden;2004K4;5483
Indre By - Frederiksstaden;2005K1;5500
Indre By - Frederiksstaden;2005K2;5500
Indre By - Frederiksstaden;2005K3;5488
Indre By - Frederiksstaden;2005K4;5518
Indre By - Frederiksstaden;2006K1;5523
Indre By - Frederiksstaden;2006K2;5577
Indre By - Frederiksstaden;2006K3;5551
Indre By - Frederiksstaden;2006K4;5617
Indre By - Frederiksstaden;2007K1;5647
Indre By - Frederiksstaden;2007K2;5657
Indre By - Frederiksstaden;2007K3;5587
Indre By - Frederiksstaden;2007K4;5577
Indre By - Frederiksstaden;2008K1;5544
Indre By - Frederiksstaden;2008K2;5558
Indre By - Frederiksstaden;2008K3;5573
Indre By - Frederiksstaden;2008K4;5640
Indre By - Frederiksstaden;2009K1;5647
Indre By - Frederiksstaden;2009K2;5642
Indre By - Frederiksstaden;2009K3;5624
Indre By - Frederiksstaden;2009K4;5686
Indre By - Frederiksstaden;2010K1;5733
Indre By - Frederiksstaden;2010K2;5791
Indre By - Frederiksstaden;2010K3;5822
Indre By - Frederiksstaden;2011K1;5912
Indre By - Frederiksstaden;2011K2;5921
Indre By - Frederiksstaden;2011K3;5932
Indre By - Frederiksstaden;2011K4;6025
Indre By - Frederiksstaden;2012K1;6076
Indre By - Frederiksstaden;2012K2;6098
Indre By - Frederiksstaden;2012K3;6097
Indre By - Frederiksstaden;2012K4;6134
Indre By - Frederiksstaden;2013K1;6135
Indre By - Frederiksstaden;2013K2;6119
Indre By - Frederiksstaden;2013K3;6118
Indre By - Frederiksstaden;2013K4;6227
Indre By - Frederiksstaden;2014K1;6238
Indre By - Frederiksstaden;2014K2;6233
Indre By - Frederiksstaden;2014K3;6135
Indre By - Frederiksstaden;2014K4;6127
Indre By - Frederiksstaden;2015K1;6022
Indre By - Frederiksstaden;2015K2;6058
Indre By - Frederiksstaden;2015K3;6032
Indre By - Frederiksstaden;2015K4;6190
Indre By - Frederiksstaden;2016K1;6209
Indre By - Frederiksstaden;2016K2;6253
Indre By - Frederiksstaden;2016K3;6230
Indre By - Frederiksstaden;2016K4;6763
Indre By - Frederiksstaden;2017K1;6759
Indre By - Frederiksstaden;2017K2;6820
Indre By - Frederiksstaden;2017K3;6743
Indre By - Frederiksstaden;2017K4;6921
Indre By - Frederiksstaden;2018K1;6930
Indre By - Frederiksstaden;2018K2;6952
Indre By - Frederiksstaden;2018K3;6863
Indre By - Frederiksstaden;2018K4;7070
Indre By - Frederiksstaden;2019K1;6962
Indre By - Frederiksstaden;2019K2;7083
Indre By - Frederiksstaden;2019K3;6977
Indre By - Frederiksstaden;2019K4;7103
Indre By - Frederiksstaden;2020K1;6859
Indre By - Frederiksstaden;2020K2;6931
Indre By - Frederiksstaden;2020K3;6840
Indre By - Frederiksstaden;2020K4;6932
Indre By - Frederiksstaden;2021K1;6935
Indre By - Frederiksstaden;2021K2;6895
Indre By - Frederiksstaden;2021K3;6892
Indre By - Frederiksstaden;2021K4;7042
Indre By - Frederiksstaden;2022K1;6972
Indre By - Frederiksstaden;2022K2;7049
Indre By - Frederiksstaden;2022K3;6922
Indre By - Frederiksstaden;2022K4;7042
Indre By - Frederiksstaden;2023K1;6956
Indre By - Frederiksstaden;2023K2;7069
Indre By - Frederiksstaden;2023K3;6902
Indre By - Frederiksstaden;2023K4;7135
Indre By - Frederiksstaden;2024K1;7024
Indre By - Frederiksstaden;2024K2;7186
Indre By - Frederiksstaden;2024K3;7044
Indre By - Frederiksstaden;2024K4;7235
Indre By - Frederiksstaden;2025K1;7068
Indre By - Gammelholm og Nyhavn;1998K1;1676
Indre By - Gammelholm og Nyhavn;1999K1;1709
Indre By - Gammelholm og Nyhavn;2000K1;1677
Indre By - Gammelholm og Nyhavn;2001K1;1710
Indre By - Gammelholm og Nyhavn;2002K1;1759
Indre By - Gammelholm og Nyhavn;2002K2;1745
Indre By - Gammelholm og Nyhavn;2002K3;1722
Indre By - Gammelholm og Nyhavn;2002K4;1729
Indre By - Gammelholm og Nyhavn;2003K1;1741
Indre By - Gammelholm og Nyhavn;2003K2;1730
Indre By - Gammelholm og Nyhavn;2003K3;1718
Indre By - Gammelholm og Nyhavn;2003K4;1750
Indre By - Gammelholm og Nyhavn;2004K1;1745
Indre By - Gammelholm og Nyhavn;2004K2;1733
Indre By - Gammelholm og Nyhavn;2004K3;1764
Indre By - Gammelholm og Nyhavn;2004K4;1799
Indre By - Gammelholm og Nyhavn;2005K1;1791
Indre By - Gammelholm og Nyhavn;2005K2;1800
Indre By - Gammelholm og Nyhavn;2005K3;1777
Indre By - Gammelholm og Nyhavn;2005K4;1805
Indre By - Gammelholm og Nyhavn;2006K1;1770
Indre By - Gammelholm og Nyhavn;2006K2;1800
Indre By - Gammelholm og Nyhavn;2006K3;1764
Indre By - Gammelholm og Nyhavn;2006K4;1788
Indre By - Gammelholm og Nyhavn;2007K1;1795
Indre By - Gammelholm og Nyhavn;2007K2;1826
Indre By - Gammelholm og Nyhavn;2007K3;1816
Indre By - Gammelholm og Nyhavn;2007K4;1814
Indre By - Gammelholm og Nyhavn;2008K1;1799
Indre By - Gammelholm og Nyhavn;2008K2;1856
Indre By - Gammelholm og Nyhavn;2008K3;1853
Indre By - Gammelholm og Nyhavn;2008K4;1912
Indre By - Gammelholm og Nyhavn;2009K1;1913
Indre By - Gammelholm og Nyhavn;2009K2;1956
Indre By - Gammelholm og Nyhavn;2009K3;1938
Indre By - Gammelholm og Nyhavn;2009K4;2006
Indre By - Gammelholm og Nyhavn;2010K1;1966
Indre By - Gammelholm og Nyhavn;2010K2;2043
Indre By - Gammelholm og Nyhavn;2010K3;1990
Indre By - Gammelholm og Nyhavn;2011K1;1904
Indre By - Gammelholm og Nyhavn;2011K2;1957
Indre By - Gammelholm og Nyhavn;2011K3;1914
Indre By - Gammelholm og Nyhavn;2011K4;2020
Indre By - Gammelholm og Nyhavn;2012K1;1989
Indre By - Gammelholm og Nyhavn;2012K2;1963
Indre By - Gammelholm og Nyhavn;2012K3;1946
Indre By - Gammelholm og Nyhavn;2012K4;2026
Indre By - Gammelholm og Nyhavn;2013K1;1994
Indre By - Gammelholm og Nyhavn;2013K2;2060
Indre By - Gammelholm og Nyhavn;2013K3;2031
Indre By - Gammelholm og Nyhavn;2013K4;2081
Indre By - Gammelholm og Nyhavn;2014K1;2058
Indre By - Gammelholm og Nyhavn;2014K2;2034
Indre By - Gammelholm og Nyhavn;2014K3;1985
Indre By - Gammelholm og Nyhavn;2014K4;2002
Indre By - Gammelholm og Nyhavn;2015K1;1952
Indre By - Gammelholm og Nyhavn;2015K2;1995
Indre By - Gammelholm og Nyhavn;2015K3;1972
Indre By - Gammelholm og Nyhavn;2015K4;1990
Indre By - Gammelholm og Nyhavn;2016K1;1992
Indre By - Gammelholm og Nyhavn;2016K2;2049
Indre By - Gammelholm og Nyhavn;2016K3;2022
Indre By - Gammelholm og Nyhavn;2016K4;2067
Indre By - Gammelholm og Nyhavn;2017K1;2047
Indre By - Gammelholm og Nyhavn;2017K2;2071
Indre By - Gammelholm og Nyhavn;2017K3;2041
Indre By - Gammelholm og Nyhavn;2017K4;2110
Indre By - Gammelholm og Nyhavn;2018K1;2136
Indre By - Gammelholm og Nyhavn;2018K2;2158
Indre By - Gammelholm og Nyhavn;2018K3;2087
Indre By - Gammelholm og Nyhavn;2018K4;2114
Indre By - Gammelholm og Nyhavn;2019K1;2086
Indre By - Gammelholm og Nyhavn;2019K2;2124
Indre By - Gammelholm og Nyhavn;2019K3;2076
Indre By - Gammelholm og Nyhavn;2019K4;2113
Indre By - Gammelholm og Nyhavn;2020K1;2040
Indre By - Gammelholm og Nyhavn;2020K2;2041
Indre By - Gammelholm og Nyhavn;2020K3;2033
Indre By - Gammelholm og Nyhavn;2020K4;2035
Indre By - Gammelholm og Nyhavn;2021K1;2031
Indre By - Gammelholm og Nyhavn;2021K2;2010
Indre By - Gammelholm og Nyhavn;2021K3;2001
Indre By - Gammelholm og Nyhavn;2021K4;2013
Indre By - Gammelholm og Nyhavn;2022K1;2013
Indre By - Gammelholm og Nyhavn;2022K2;2058
Indre By - Gammelholm og Nyhavn;2022K3;2035
Indre By - Gammelholm og Nyhavn;2022K4;2053
Indre By - Gammelholm og Nyhavn;2023K1;2026
Indre By - Gammelholm og Nyhavn;2023K2;2049
Indre By - Gammelholm og Nyhavn;2023K3;1997
Indre By - Gammelholm og Nyhavn;2023K4;2054
Indre By - Gammelholm og Nyhavn;2024K1;2048
Indre By - Gammelholm og Nyhavn;2024K2;2144
Indre By - Gammelholm og Nyhavn;2024K3;2108
Indre By - Gammelholm og Nyhavn;2024K4;2177
Indre By - Gammelholm og Nyhavn;2025K1;2127
Christianshavn - Neden Vandet;1998K1;1491
Christianshavn - Neden Vandet;1999K1;1505
Christianshavn - Neden Vandet;2000K1;1502
Christianshavn - Neden Vandet;2001K1;1466
Christianshavn - Neden Vandet;2002K1;1563
Christianshavn - Neden Vandet;2002K2;1566
Christianshavn - Neden Vandet;2002K3;1587
Christianshavn - Neden Vandet;2002K4;1586
Christianshavn - Neden Vandet;2003K1;1565
Christianshavn - Neden Vandet;2003K2;1577
Christianshavn - Neden Vandet;2003K3;1591
Christianshavn - Neden Vandet;2003K4;1622
Christianshavn - Neden Vandet;2004K1;1633
Christianshavn - Neden Vandet;2004K2;1625
Christianshavn - Neden Vandet;2004K3;1628
Christianshavn - Neden Vandet;2004K4;1631
Christianshavn - Neden Vandet;2005K1;1639
Christianshavn - Neden Vandet;2005K2;1621
Christianshavn - Neden Vandet;2005K3;1606
Christianshavn - Neden Vandet;2005K4;1613
Christianshavn - Neden Vandet;2006K1;1594
Christianshavn - Neden Vandet;2006K2;1604
Christianshavn - Neden Vandet;2006K3;1627
Christianshavn - Neden Vandet;2006K4;1645
Christianshavn - Neden Vandet;2007K1;1657
Christianshavn - Neden Vandet;2007K2;1680
Christianshavn - Neden Vandet;2007K3;1690
Christianshavn - Neden Vandet;2007K4;1716
Christianshavn - Neden Vandet;2008K1;1694
Christianshavn - Neden Vandet;2008K2;1703
Christianshavn - Neden Vandet;2008K3;1693
Christianshavn - Neden Vandet;2008K4;1699
Christianshavn - Neden Vandet;2009K1;1705
Christianshavn - Neden Vandet;2009K2;1743
Christianshavn - Neden Vandet;2009K3;1749
Christianshavn - Neden Vandet;2009K4;1747
Christianshavn - Neden Vandet;2010K1;1738
Christianshavn - Neden Vandet;2010K2;1729
Christianshavn - Neden Vandet;2010K3;1727
Christianshavn - Neden Vandet;2011K1;1750
Christianshavn - Neden Vandet;2011K2;1751
Christianshavn - Neden Vandet;2011K3;1760
Christianshavn - Neden Vandet;2011K4;1803
Christianshavn - Neden Vandet;2012K1;1804
Christianshavn - Neden Vandet;2012K2;1808
Christianshavn - Neden Vandet;2012K3;1807
Christianshavn - Neden Vandet;2012K4;1841
Christianshavn - Neden Vandet;2013K1;1819
Christianshavn - Neden Vandet;2013K2;1821
Christianshavn - Neden Vandet;2013K3;1823
Christianshavn - Neden Vandet;2013K4;1846
Christianshavn - Neden Vandet;2014K1;1835
Christianshavn - Neden Vandet;2014K2;1871
Christianshavn - Neden Vandet;2014K3;1832
Christianshavn - Neden Vandet;2014K4;1872
Christianshavn - Neden Vandet;2015K1;1852
Christianshavn - Neden Vandet;2015K2;1886
Christianshavn - Neden Vandet;2015K3;1902
Christianshavn - Neden Vandet;2015K4;1914
Christianshavn - Neden Vandet;2016K1;1913
Christianshavn - Neden Vandet;2016K2;1950
Christianshavn - Neden Vandet;2016K3;1916
Christianshavn - Neden Vandet;2016K4;2024
Christianshavn - Neden Vandet;2017K1;1980
Christianshavn - Neden Vandet;2017K2;2034
Christianshavn - Neden Vandet;2017K3;1949
Christianshavn - Neden Vandet;2017K4;2008
Christianshavn - Neden Vandet;2018K1;1975
Christianshavn - Neden Vandet;2018K2;1972
Christianshavn - Neden Vandet;2018K3;1924
Christianshavn - Neden Vandet;2018K4;1993
Christianshavn - Neden Vandet;2019K1;2011
Christianshavn - Neden Vandet;2019K2;2087
Christianshavn - Neden Vandet;2019K3;2026
Christianshavn - Neden Vandet;2019K4;2090
Christianshavn - Neden Vandet;2020K1;2029
Christianshavn - Neden Vandet;2020K2;2025
Christianshavn - Neden Vandet;2020K3;2012
Christianshavn - Neden Vandet;2020K4;2043
Christianshavn - Neden Vandet;2021K1;2054
Christianshavn - Neden Vandet;2021K2;2068
Christianshavn - Neden Vandet;2021K3;2057
Christianshavn - Neden Vandet;2021K4;2042
Christianshavn - Neden Vandet;2022K1;2037
Christianshavn - Neden Vandet;2022K2;2084
Christianshavn - Neden Vandet;2022K3;2010
Christianshavn - Neden Vandet;2022K4;2024
Christianshavn - Neden Vandet;2023K1;2003
Christianshavn - Neden Vandet;2023K2;2042
Christianshavn - Neden Vandet;2023K3;2001
Christianshavn - Neden Vandet;2023K4;2058
Christianshavn - Neden Vandet;2024K1;2020
Christianshavn - Neden Vandet;2024K2;2061
Christianshavn - Neden Vandet;2024K3;2000
Christianshavn - Neden Vandet;2024K4;2069
Christianshavn - Neden Vandet;2025K1;1999
Christianshavn - Oven Vandet;1998K1;4366
Christianshavn - Oven Vandet;1999K1;4454
Christianshavn - Oven Vandet;2000K1;4403
Christianshavn - Oven Vandet;2001K1;4404
Christianshavn - Oven Vandet;2002K1;4367
Christianshavn - Oven Vandet;2002K2;4373
Christianshavn - Oven Vandet;2002K3;4338
Christianshavn - Oven Vandet;2002K4;4382
Christianshavn - Oven Vandet;2003K1;4366
Christianshavn - Oven Vandet;2003K2;4343
Christianshavn - Oven Vandet;2003K3;4327
Christianshavn - Oven Vandet;2003K4;4355
Christianshavn - Oven Vandet;2004K1;4364
Christianshavn - Oven Vandet;2004K2;4318
Christianshavn - Oven Vandet;2004K3;4293
Christianshavn - Oven Vandet;2004K4;4286
Christianshavn - Oven Vandet;2005K1;4288
Christianshavn - Oven Vandet;2005K2;4276
Christianshavn - Oven Vandet;2005K3;4132
Christianshavn - Oven Vandet;2005K4;4320
Christianshavn - Oven Vandet;2006K1;4322
Christianshavn - Oven Vandet;2006K2;4231
Christianshavn - Oven Vandet;2006K3;4207
Christianshavn - Oven Vandet;2006K4;4249
Christianshavn - Oven Vandet;2007K1;4229
Christianshavn - Oven Vandet;2007K2;4208
Christianshavn - Oven Vandet;2007K3;4175
Christianshavn - Oven Vandet;2007K4;4192
Christianshavn - Oven Vandet;2008K1;4218
Christianshavn - Oven Vandet;2008K2;4230
Christianshavn - Oven Vandet;2008K3;4241
Christianshavn - Oven Vandet;2008K4;4259
Christianshavn - Oven Vandet;2009K1;4246
Christianshavn - Oven Vandet;2009K2;4291
Christianshavn - Oven Vandet;2009K3;4257
Christianshavn - Oven Vandet;2009K4;4296
Christianshavn - Oven Vandet;2010K1;4299
Christianshavn - Oven Vandet;2010K2;4269
Christianshavn - Oven Vandet;2010K3;4257
Christianshavn - Oven Vandet;2011K1;4320
Christianshavn - Oven Vandet;2011K2;4302
Christianshavn - Oven Vandet;2011K3;4309
Christianshavn - Oven Vandet;2011K4;4373
Christianshavn - Oven Vandet;2012K1;4370
Christianshavn - Oven Vandet;2012K2;4387
Christianshavn - Oven Vandet;2012K3;4389
Christianshavn - Oven Vandet;2012K4;4453
Christianshavn - Oven Vandet;2013K1;4444
Christianshavn - Oven Vandet;2013K2;4437
Christianshavn - Oven Vandet;2013K3;4407
Christianshavn - Oven Vandet;2013K4;4469
Christianshavn - Oven Vandet;2014K1;4472
Christianshavn - Oven Vandet;2014K2;4490
Christianshavn - Oven Vandet;2014K3;4497
Christianshavn - Oven Vandet;2014K4;4485
Christianshavn - Oven Vandet;2015K1;4447
Christianshavn - Oven Vandet;2015K2;4453
Christianshavn - Oven Vandet;2015K3;4467
Christianshavn - Oven Vandet;2015K4;4523
Christianshavn - Oven Vandet;2016K1;4507
Christianshavn - Oven Vandet;2016K2;4513
Christianshavn - Oven Vandet;2016K3;4466
Christianshavn - Oven Vandet;2016K4;4490
Christianshavn - Oven Vandet;2017K1;4444
Christianshavn - Oven Vandet;2017K2;4463
Christianshavn - Oven Vandet;2017K3;4486
Christianshavn - Oven Vandet;2017K4;4496
Christianshavn - Oven Vandet;2018K1;4489
Christianshavn - Oven Vandet;2018K2;4499
Christianshavn - Oven Vandet;2018K3;4495
Christianshavn - Oven Vandet;2018K4;4548
Christianshavn - Oven Vandet;2019K1;4528
Christianshavn - Oven Vandet;2019K2;4506
Christianshavn - Oven Vandet;2019K3;4464
Christianshavn - Oven Vandet;2019K4;4453
Christianshavn - Oven Vandet;2020K1;4425
Christianshavn - Oven Vandet;2020K2;4430
Christianshavn - Oven Vandet;2020K3;4412
Christianshavn - Oven Vandet;2020K4;4445
Christianshavn - Oven Vandet;2021K1;4409
Christianshavn - Oven Vandet;2021K2;4356
Christianshavn - Oven Vandet;2021K3;4362
Christianshavn - Oven Vandet;2021K4;4387
Christianshavn - Oven Vandet;2022K1;4386
Christianshavn - Oven Vandet;2022K2;4387
Christianshavn - Oven Vandet;2022K3;4424
Christianshavn - Oven Vandet;2022K4;4401
Christianshavn - Oven Vandet;2023K1;4384
Christianshavn - Oven Vandet;2023K2;4392
Christianshavn - Oven Vandet;2023K3;4381
Christianshavn - Oven Vandet;2023K4;4353
Christianshavn - Oven Vandet;2024K1;4356
Christianshavn - Oven Vandet;2024K2;4361
Christianshavn - Oven Vandet;2024K3;4355
Christianshavn - Oven Vandet;2024K4;4373
Christianshavn - Oven Vandet;2025K1;4395
Christianshavn - Holmen og Refshaleøen;1998K1;107
Christianshavn - Holmen og Refshaleøen;1999K1;169
Christianshavn - Holmen og Refshaleøen;2000K1;158
Christianshavn - Holmen og Refshaleøen;2001K1;204
Christianshavn - Holmen og Refshaleøen;2002K1;263
Christianshavn - Holmen og Refshaleøen;2002K2;265
Christianshavn - Holmen og Refshaleøen;2002K3;271
Christianshavn - Holmen og Refshaleøen;2002K4;279
Christianshavn - Holmen og Refshaleøen;2003K1;324
Christianshavn - Holmen og Refshaleøen;2003K2;374
Christianshavn - Holmen og Refshaleøen;2003K3;466
Christianshavn - Holmen og Refshaleøen;2003K4;462
Christianshavn - Holmen og Refshaleøen;2004K1;461
Christianshavn - Holmen og Refshaleøen;2004K2;467
Christianshavn - Holmen og Refshaleøen;2004K3;474
Christianshavn - Holmen og Refshaleøen;2004K4;481
Christianshavn - Holmen og Refshaleøen;2005K1;483
Christianshavn - Holmen og Refshaleøen;2005K2;481
Christianshavn - Holmen og Refshaleøen;2005K3;481
Christianshavn - Holmen og Refshaleøen;2005K4;474
Christianshavn - Holmen og Refshaleøen;2006K1;512
Christianshavn - Holmen og Refshaleøen;2006K2;524
Christianshavn - Holmen og Refshaleøen;2006K3;535
Christianshavn - Holmen og Refshaleøen;2006K4;536
Christianshavn - Holmen og Refshaleøen;2007K1;545
Christianshavn - Holmen og Refshaleøen;2007K2;546
Christianshavn - Holmen og Refshaleøen;2007K3;554
Christianshavn - Holmen og Refshaleøen;2007K4;560
Christianshavn - Holmen og Refshaleøen;2008K1;564
Christianshavn - Holmen og Refshaleøen;2008K2;558
Christianshavn - Holmen og Refshaleøen;2008K3;572
Christianshavn - Holmen og Refshaleøen;2008K4;572
Christianshavn - Holmen og Refshaleøen;2009K1;570
Christianshavn - Holmen og Refshaleøen;2009K2;572
Christianshavn - Holmen og Refshaleøen;2009K3;569
Christianshavn - Holmen og Refshaleøen;2009K4;584
Christianshavn - Holmen og Refshaleøen;2010K1;580
Christianshavn - Holmen og Refshaleøen;2010K2;580
Christianshavn - Holmen og Refshaleøen;2010K3;578
Christianshavn - Holmen og Refshaleøen;2011K1;593
Christianshavn - Holmen og Refshaleøen;2011K2;596
Christianshavn - Holmen og Refshaleøen;2011K3;600
Christianshavn - Holmen og Refshaleøen;2011K4;610
Christianshavn - Holmen og Refshaleøen;2012K1;634
Christianshavn - Holmen og Refshaleøen;2012K2;644
Christianshavn - Holmen og Refshaleøen;2012K3;659
Christianshavn - Holmen og Refshaleøen;2012K4;663
Christianshavn - Holmen og Refshaleøen;2013K1;664
Christianshavn - Holmen og Refshaleøen;2013K2;683
Christianshavn - Holmen og Refshaleøen;2013K3;660
Christianshavn - Holmen og Refshaleøen;2013K4;658
Christianshavn - Holmen og Refshaleøen;2014K1;663
Christianshavn - Holmen og Refshaleøen;2014K2;749
Christianshavn - Holmen og Refshaleøen;2014K3;853
Christianshavn - Holmen og Refshaleøen;2014K4;1010
Christianshavn - Holmen og Refshaleøen;2015K1;1251
Christianshavn - Holmen og Refshaleøen;2015K2;1413
Christianshavn - Holmen og Refshaleøen;2015K3;1491
Christianshavn - Holmen og Refshaleøen;2015K4;1581
Christianshavn - Holmen og Refshaleøen;2016K1;1593
Christianshavn - Holmen og Refshaleøen;2016K2;1598
Christianshavn - Holmen og Refshaleøen;2016K3;1604
Christianshavn - Holmen og Refshaleøen;2016K4;1620
Christianshavn - Holmen og Refshaleøen;2017K1;1631
Christianshavn - Holmen og Refshaleøen;2017K2;1635
Christianshavn - Holmen og Refshaleøen;2017K3;1632
Christianshavn - Holmen og Refshaleøen;2017K4;1650
Christianshavn - Holmen og Refshaleøen;2018K1;1641
Christianshavn - Holmen og Refshaleøen;2018K2;1654
Christianshavn - Holmen og Refshaleøen;2018K3;1679
Christianshavn - Holmen og Refshaleøen;2018K4;1807
Christianshavn - Holmen og Refshaleøen;2019K1;1848
Christianshavn - Holmen og Refshaleøen;2019K2;1846
Christianshavn - Holmen og Refshaleøen;2019K3;1850
Christianshavn - Holmen og Refshaleøen;2019K4;1865
Christianshavn - Holmen og Refshaleøen;2020K1;1846
Christianshavn - Holmen og Refshaleøen;2020K2;1837
Christianshavn - Holmen og Refshaleøen;2020K3;1833
Christianshavn - Holmen og Refshaleøen;2020K4;1856
Christianshavn - Holmen og Refshaleøen;2021K1;1858
Christianshavn - Holmen og Refshaleøen;2021K2;1860
Christianshavn - Holmen og Refshaleøen;2021K3;1870
Christianshavn - Holmen og Refshaleøen;2021K4;1849
Christianshavn - Holmen og Refshaleøen;2022K1;1848
Christianshavn - Holmen og Refshaleøen;2022K2;1838
Christianshavn - Holmen og Refshaleøen;2022K3;1840
Christianshavn - Holmen og Refshaleøen;2022K4;1892
Christianshavn - Holmen og Refshaleøen;2023K1;1886
Christianshavn - Holmen og Refshaleøen;2023K2;1856
Christianshavn - Holmen og Refshaleøen;2023K3;1855
Christianshavn - Holmen og Refshaleøen;2023K4;1862
Christianshavn - Holmen og Refshaleøen;2024K1;1882
Christianshavn - Holmen og Refshaleøen;2024K2;1959
Christianshavn - Holmen og Refshaleøen;2024K3;1969
Christianshavn - Holmen og Refshaleøen;2024K4;1950
Christianshavn - Holmen og Refshaleøen;2025K1;1952
Østerbro - Nord/Komponistkvarteret;1998K1;2125
Østerbro - Nord/Komponistkvarteret;1999K1;2114
Østerbro - Nord/Komponistkvarteret;2000K1;2095
Østerbro - Nord/Komponistkvarteret;2001K1;2085
Østerbro - Nord/Komponistkvarteret;2002K1;2097
Østerbro - Nord/Komponistkvarteret;2002K2;2100
Østerbro - Nord/Komponistkvarteret;2002K3;2099
Østerbro - Nord/Komponistkvarteret;2002K4;2139
Østerbro - Nord/Komponistkvarteret;2003K1;2150
Østerbro - Nord/Komponistkvarteret;2003K2;2154
Østerbro - Nord/Komponistkvarteret;2003K3;2134
Østerbro - Nord/Komponistkvarteret;2003K4;2133
Østerbro - Nord/Komponistkvarteret;2004K1;2125
Østerbro - Nord/Komponistkvarteret;2004K2;2134
Østerbro - Nord/Komponistkvarteret;2004K3;2106
Østerbro - Nord/Komponistkvarteret;2004K4;2134
Østerbro - Nord/Komponistkvarteret;2005K1;2128
Østerbro - Nord/Komponistkvarteret;2005K2;2118
Østerbro - Nord/Komponistkvarteret;2005K3;2107
Østerbro - Nord/Komponistkvarteret;2005K4;2111
Østerbro - Nord/Komponistkvarteret;2006K1;2087
Østerbro - Nord/Komponistkvarteret;2006K2;2076
Østerbro - Nord/Komponistkvarteret;2006K3;2075
Østerbro - Nord/Komponistkvarteret;2006K4;2037
Østerbro - Nord/Komponistkvarteret;2007K1;2038
Østerbro - Nord/Komponistkvarteret;2007K2;2051
Østerbro - Nord/Komponistkvarteret;2007K3;2045
Østerbro - Nord/Komponistkvarteret;2007K4;2036
Østerbro - Nord/Komponistkvarteret;2008K1;2045
Østerbro - Nord/Komponistkvarteret;2008K2;2038
Østerbro - Nord/Komponistkvarteret;2008K3;2034
Østerbro - Nord/Komponistkvarteret;2008K4;2041
Østerbro - Nord/Komponistkvarteret;2009K1;2034
Østerbro - Nord/Komponistkvarteret;2009K2;2051
Østerbro - Nord/Komponistkvarteret;2009K3;2049
Østerbro - Nord/Komponistkvarteret;2009K4;2079
Østerbro - Nord/Komponistkvarteret;2010K1;2075
Østerbro - Nord/Komponistkvarteret;2010K2;2080
Østerbro - Nord/Komponistkvarteret;2010K3;2073
Østerbro - Nord/Komponistkvarteret;2011K1;2080
Østerbro - Nord/Komponistkvarteret;2011K2;2132
Østerbro - Nord/Komponistkvarteret;2011K3;2111
Østerbro - Nord/Komponistkvarteret;2011K4;2134
Østerbro - Nord/Komponistkvarteret;2012K1;2137
Østerbro - Nord/Komponistkvarteret;2012K2;2135
Østerbro - Nord/Komponistkvarteret;2012K3;2129
Østerbro - Nord/Komponistkvarteret;2012K4;2154
Østerbro - Nord/Komponistkvarteret;2013K1;2143
Østerbro - Nord/Komponistkvarteret;2013K2;2157
Østerbro - Nord/Komponistkvarteret;2013K3;2141
Østerbro - Nord/Komponistkvarteret;2013K4;2149
Østerbro - Nord/Komponistkvarteret;2014K1;2131
Østerbro - Nord/Komponistkvarteret;2014K2;2156
Østerbro - Nord/Komponistkvarteret;2014K3;2145
Østerbro - Nord/Komponistkvarteret;2014K4;2135
Østerbro - Nord/Komponistkvarteret;2015K1;2149
Østerbro - Nord/Komponistkvarteret;2015K2;2135
Østerbro - Nord/Komponistkvarteret;2015K3;2129
Østerbro - Nord/Komponistkvarteret;2015K4;2179
Østerbro - Nord/Komponistkvarteret;2016K1;2152
Østerbro - Nord/Komponistkvarteret;2016K2;2136
Østerbro - Nord/Komponistkvarteret;2016K3;2122
Østerbro - Nord/Komponistkvarteret;2016K4;2145
Østerbro - Nord/Komponistkvarteret;2017K1;2146
Østerbro - Nord/Komponistkvarteret;2017K2;2170
Østerbro - Nord/Komponistkvarteret;2017K3;2151
Østerbro - Nord/Komponistkvarteret;2017K4;2181
Østerbro - Nord/Komponistkvarteret;2018K1;2183
Østerbro - Nord/Komponistkvarteret;2018K2;2207
Østerbro - Nord/Komponistkvarteret;2018K3;2182
Østerbro - Nord/Komponistkvarteret;2018K4;2198
Østerbro - Nord/Komponistkvarteret;2019K1;2198
Østerbro - Nord/Komponistkvarteret;2019K2;2188
Østerbro - Nord/Komponistkvarteret;2019K3;2170
Østerbro - Nord/Komponistkvarteret;2019K4;2153
Østerbro - Nord/Komponistkvarteret;2020K1;2148
Østerbro - Nord/Komponistkvarteret;2020K2;2106
Østerbro - Nord/Komponistkvarteret;2020K3;2072
Østerbro - Nord/Komponistkvarteret;2020K4;2087
Østerbro - Nord/Komponistkvarteret;2021K1;2085
Østerbro - Nord/Komponistkvarteret;2021K2;2059
Østerbro - Nord/Komponistkvarteret;2021K3;2054
Østerbro - Nord/Komponistkvarteret;2021K4;2058
Østerbro - Nord/Komponistkvarteret;2022K1;2079
Østerbro - Nord/Komponistkvarteret;2022K2;2074
Østerbro - Nord/Komponistkvarteret;2022K3;2060
Østerbro - Nord/Komponistkvarteret;2022K4;2074
Østerbro - Nord/Komponistkvarteret;2023K1;2063
Østerbro - Nord/Komponistkvarteret;2023K2;2060
Østerbro - Nord/Komponistkvarteret;2023K3;2058
Østerbro - Nord/Komponistkvarteret;2023K4;2066
Østerbro - Nord/Komponistkvarteret;2024K1;2067
Østerbro - Nord/Komponistkvarteret;2024K2;2067
Østerbro - Nord/Komponistkvarteret;2024K3;2088
Østerbro - Nord/Komponistkvarteret;2024K4;2101
Østerbro - Nord/Komponistkvarteret;2025K1;2080
Østerbro - Svanemøllen Syd/Øst;1998K1;6732
Østerbro - Svanemøllen Syd/Øst;1999K1;6636
Østerbro - Svanemøllen Syd/Øst;2000K1;6549
Østerbro - Svanemøllen Syd/Øst;2001K1;6573
Østerbro - Svanemøllen Syd/Øst;2002K1;6597
Østerbro - Svanemøllen Syd/Øst;2002K2;6593
Østerbro - Svanemøllen Syd/Øst;2002K3;6582
Østerbro - Svanemøllen Syd/Øst;2002K4;6625
Østerbro - Svanemøllen Syd/Øst;2003K1;6588
Østerbro - Svanemøllen Syd/Øst;2003K2;6622
Østerbro - Svanemøllen Syd/Øst;2003K3;6606
Østerbro - Svanemøllen Syd/Øst;2003K4;6636
Østerbro - Svanemøllen Syd/Øst;2004K1;6637
Østerbro - Svanemøllen Syd/Øst;2004K2;6636
Østerbro - Svanemøllen Syd/Øst;2004K3;6602
Østerbro - Svanemøllen Syd/Øst;2004K4;6668
Østerbro - Svanemøllen Syd/Øst;2005K1;6621
Østerbro - Svanemøllen Syd/Øst;2005K2;6603
Østerbro - Svanemøllen Syd/Øst;2005K3;6656
Østerbro - Svanemøllen Syd/Øst;2005K4;6729
Østerbro - Svanemøllen Syd/Øst;2006K1;6706
Østerbro - Svanemøllen Syd/Øst;2006K2;6701
Østerbro - Svanemøllen Syd/Øst;2006K3;6628
Østerbro - Svanemøllen Syd/Øst;2006K4;6646
Østerbro - Svanemøllen Syd/Øst;2007K1;6651
Østerbro - Svanemøllen Syd/Øst;2007K2;6693
Østerbro - Svanemøllen Syd/Øst;2007K3;6601
Østerbro - Svanemøllen Syd/Øst;2007K4;6753
Østerbro - Svanemøllen Syd/Øst;2008K1;6744
Østerbro - Svanemøllen Syd/Øst;2008K2;6747
Østerbro - Svanemøllen Syd/Øst;2008K3;6638
Østerbro - Svanemøllen Syd/Øst;2008K4;6751
Østerbro - Svanemøllen Syd/Øst;2009K1;6624
Østerbro - Svanemøllen Syd/Øst;2009K2;6570
Østerbro - Svanemøllen Syd/Øst;2009K3;6474
Østerbro - Svanemøllen Syd/Øst;2009K4;6595
Østerbro - Svanemøllen Syd/Øst;2010K1;6523
Østerbro - Svanemøllen Syd/Øst;2010K2;6542
Østerbro - Svanemøllen Syd/Øst;2010K3;6456
Østerbro - Svanemøllen Syd/Øst;2011K1;6506
Østerbro - Svanemøllen Syd/Øst;2011K2;6537
Østerbro - Svanemøllen Syd/Øst;2011K3;6487
Østerbro - Svanemøllen Syd/Øst;2011K4;6640
Østerbro - Svanemøllen Syd/Øst;2012K1;6692
Østerbro - Svanemøllen Syd/Øst;2012K2;6739
Østerbro - Svanemøllen Syd/Øst;2012K3;6609
Østerbro - Svanemøllen Syd/Øst;2012K4;6821
Østerbro - Svanemøllen Syd/Øst;2013K1;6744
Østerbro - Svanemøllen Syd/Øst;2013K2;7089
Østerbro - Svanemøllen Syd/Øst;2013K3;6905
Østerbro - Svanemøllen Syd/Øst;2013K4;7119
Østerbro - Svanemøllen Syd/Øst;2014K1;7132
Østerbro - Svanemøllen Syd/Øst;2014K2;7170
Østerbro - Svanemøllen Syd/Øst;2014K3;6998
Østerbro - Svanemøllen Syd/Øst;2014K4;7211
Østerbro - Svanemøllen Syd/Øst;2015K1;7178
Østerbro - Svanemøllen Syd/Øst;2015K2;7295
Østerbro - Svanemøllen Syd/Øst;2015K3;7196
Østerbro - Svanemøllen Syd/Øst;2015K4;7375
Østerbro - Svanemøllen Syd/Øst;2016K1;7330
Østerbro - Svanemøllen Syd/Øst;2016K2;7437
Østerbro - Svanemøllen Syd/Øst;2016K3;7319
Østerbro - Svanemøllen Syd/Øst;2016K4;7500
Østerbro - Svanemøllen Syd/Øst;2017K1;7458
Østerbro - Svanemøllen Syd/Øst;2017K2;7487
Østerbro - Svanemøllen Syd/Øst;2017K3;7375
Østerbro - Svanemøllen Syd/Øst;2017K4;7540
Østerbro - Svanemøllen Syd/Øst;2018K1;7546
Østerbro - Svanemøllen Syd/Øst;2018K2;7541
Østerbro - Svanemøllen Syd/Øst;2018K3;7414
Østerbro - Svanemøllen Syd/Øst;2018K4;7628
Østerbro - Svanemøllen Syd/Øst;2019K1;7572
Østerbro - Svanemøllen Syd/Øst;2019K2;7598
Østerbro - Svanemøllen Syd/Øst;2019K3;7425
Østerbro - Svanemøllen Syd/Øst;2019K4;7531
Østerbro - Svanemøllen Syd/Øst;2020K1;7401
Østerbro - Svanemøllen Syd/Øst;2020K2;7364
Østerbro - Svanemøllen Syd/Øst;2020K3;7253
Østerbro - Svanemøllen Syd/Øst;2020K4;7301
Østerbro - Svanemøllen Syd/Øst;2021K1;7251
Østerbro - Svanemøllen Syd/Øst;2021K2;7127
Østerbro - Svanemøllen Syd/Øst;2021K3;7114
Østerbro - Svanemøllen Syd/Øst;2021K4;7142
Østerbro - Svanemøllen Syd/Øst;2022K1;7177
Østerbro - Svanemøllen Syd/Øst;2022K2;7288
Østerbro - Svanemøllen Syd/Øst;2022K3;7239
Østerbro - Svanemøllen Syd/Øst;2022K4;7225
Østerbro - Svanemøllen Syd/Øst;2023K1;7159
Østerbro - Svanemøllen Syd/Øst;2023K2;7274
Østerbro - Svanemøllen Syd/Øst;2023K3;7208
Østerbro - Svanemøllen Syd/Øst;2023K4;7323
Østerbro - Svanemøllen Syd/Øst;2024K1;7233
Østerbro - Svanemøllen Syd/Øst;2024K2;7325
Østerbro - Svanemøllen Syd/Øst;2024K3;7158
Østerbro - Svanemøllen Syd/Øst;2024K4;7345
Østerbro - Svanemøllen Syd/Øst;2025K1;7163
Østerbro - Århusgade Nord;1998K1;5920
Østerbro - Århusgade Nord;1999K1;5958
Østerbro - Århusgade Nord;2000K1;5963
Østerbro - Århusgade Nord;2001K1;5927
Østerbro - Århusgade Nord;2002K1;5827
Østerbro - Århusgade Nord;2002K2;5844
Østerbro - Århusgade Nord;2002K3;5859
Østerbro - Århusgade Nord;2002K4;5904
Østerbro - Århusgade Nord;2003K1;5891
Østerbro - Århusgade Nord;2003K2;5896
Østerbro - Århusgade Nord;2003K3;5862
Østerbro - Århusgade Nord;2003K4;5884
Østerbro - Århusgade Nord;2004K1;5827
Østerbro - Århusgade Nord;2004K2;5858
Østerbro - Århusgade Nord;2004K3;5855
Østerbro - Århusgade Nord;2004K4;5913
Østerbro - Århusgade Nord;2005K1;5879
Østerbro - Århusgade Nord;2005K2;5884
Østerbro - Århusgade Nord;2005K3;5799
Østerbro - Århusgade Nord;2005K4;5861
Østerbro - Århusgade Nord;2006K1;5809
Østerbro - Århusgade Nord;2006K2;5796
Østerbro - Århusgade Nord;2006K3;5766
Østerbro - Århusgade Nord;2006K4;5773
Østerbro - Århusgade Nord;2007K1;5752
Østerbro - Århusgade Nord;2007K2;5749
Østerbro - Århusgade Nord;2007K3;5704
Østerbro - Århusgade Nord;2007K4;5732
Østerbro - Århusgade Nord;2008K1;5713
Østerbro - Århusgade Nord;2008K2;5722
Østerbro - Århusgade Nord;2008K3;5673
Østerbro - Århusgade Nord;2008K4;5748
Østerbro - Århusgade Nord;2009K1;5747
Østerbro - Århusgade Nord;2009K2;5771
Østerbro - Århusgade Nord;2009K3;5784
Østerbro - Århusgade Nord;2009K4;5869
Østerbro - Århusgade Nord;2010K1;5873
Østerbro - Århusgade Nord;2010K2;5904
Østerbro - Århusgade Nord;2010K3;5868
Østerbro - Århusgade Nord;2011K1;5948
Østerbro - Århusgade Nord;2011K2;5936
Østerbro - Århusgade Nord;2011K3;5929
Østerbro - Århusgade Nord;2011K4;5999
Østerbro - Århusgade Nord;2012K1;6013
Østerbro - Århusgade Nord;2012K2;6043
Østerbro - Århusgade Nord;2012K3;5961
Østerbro - Århusgade Nord;2012K4;6019
Østerbro - Århusgade Nord;2013K1;6001
Østerbro - Århusgade Nord;2013K2;6046
Østerbro - Århusgade Nord;2013K3;6042
Østerbro - Århusgade Nord;2013K4;6151
Østerbro - Århusgade Nord;2014K1;6110
Østerbro - Århusgade Nord;2014K2;6051
Østerbro - Århusgade Nord;2014K3;6011
Østerbro - Århusgade Nord;2014K4;6079
Østerbro - Århusgade Nord;2015K1;6084
Østerbro - Århusgade Nord;2015K2;6080
Østerbro - Århusgade Nord;2015K3;6078
Østerbro - Århusgade Nord;2015K4;6106
Østerbro - Århusgade Nord;2016K1;6082
Østerbro - Århusgade Nord;2016K2;6066
Østerbro - Århusgade Nord;2016K3;6064
Østerbro - Århusgade Nord;2016K4;6121
Østerbro - Århusgade Nord;2017K1;6083
Østerbro - Århusgade Nord;2017K2;6125
Østerbro - Århusgade Nord;2017K3;6088
Østerbro - Århusgade Nord;2017K4;6202
Østerbro - Århusgade Nord;2018K1;6174
Østerbro - Århusgade Nord;2018K2;6153
Østerbro - Århusgade Nord;2018K3;6115
Østerbro - Århusgade Nord;2018K4;6151
Østerbro - Århusgade Nord;2019K1;6146
Østerbro - Århusgade Nord;2019K2;6170
Østerbro - Århusgade Nord;2019K3;6135
Østerbro - Århusgade Nord;2019K4;6166
Østerbro - Århusgade Nord;2020K1;6164
Østerbro - Århusgade Nord;2020K2;6160
Østerbro - Århusgade Nord;2020K3;6161
Østerbro - Århusgade Nord;2020K4;6194
Østerbro - Århusgade Nord;2021K1;6180
Østerbro - Århusgade Nord;2021K2;6127
Østerbro - Århusgade Nord;2021K3;6107
Østerbro - Århusgade Nord;2021K4;6111
Østerbro - Århusgade Nord;2022K1;6085
Østerbro - Århusgade Nord;2022K2;6131
Østerbro - Århusgade Nord;2022K3;6158
Østerbro - Århusgade Nord;2022K4;6143
Østerbro - Århusgade Nord;2023K1;6133
Østerbro - Århusgade Nord;2023K2;6141
Østerbro - Århusgade Nord;2023K3;6151
Østerbro - Århusgade Nord;2023K4;6191
Østerbro - Århusgade Nord;2024K1;6123
Østerbro - Århusgade Nord;2024K2;6133
Østerbro - Århusgade Nord;2024K3;6133
Østerbro - Århusgade Nord;2024K4;6167
Østerbro - Århusgade Nord;2025K1;6134
Østerbro - Århusgade Syd;1998K1;6641
Østerbro - Århusgade Syd;1999K1;6612
Østerbro - Århusgade Syd;2000K1;6573
Østerbro - Århusgade Syd;2001K1;6525
Østerbro - Århusgade Syd;2002K1;6681
Østerbro - Århusgade Syd;2002K2;6729
Østerbro - Århusgade Syd;2002K3;6648
Østerbro - Århusgade Syd;2002K4;6724
Østerbro - Århusgade Syd;2003K1;6696
Østerbro - Århusgade Syd;2003K2;6683
Østerbro - Århusgade Syd;2003K3;6630
Østerbro - Århusgade Syd;2003K4;6661
Østerbro - Århusgade Syd;2004K1;6661
Østerbro - Århusgade Syd;2004K2;6641
Østerbro - Århusgade Syd;2004K3;6598
Østerbro - Århusgade Syd;2004K4;6648
Østerbro - Århusgade Syd;2005K1;6603
Østerbro - Århusgade Syd;2005K2;6639
Østerbro - Århusgade Syd;2005K3;6593
Østerbro - Århusgade Syd;2005K4;6613
Østerbro - Århusgade Syd;2006K1;6613
Østerbro - Århusgade Syd;2006K2;6619
Østerbro - Århusgade Syd;2006K3;6579
Østerbro - Århusgade Syd;2006K4;6611
Østerbro - Århusgade Syd;2007K1;6617
Østerbro - Århusgade Syd;2007K2;6639
Østerbro - Århusgade Syd;2007K3;6610
Østerbro - Århusgade Syd;2007K4;6588
Østerbro - Århusgade Syd;2008K1;6540
Østerbro - Århusgade Syd;2008K2;6533
Østerbro - Århusgade Syd;2008K3;6511
Østerbro - Århusgade Syd;2008K4;6606
Østerbro - Århusgade Syd;2009K1;6606
Østerbro - Århusgade Syd;2009K2;6678
Østerbro - Århusgade Syd;2009K3;6656
Østerbro - Århusgade Syd;2009K4;6743
Østerbro - Århusgade Syd;2010K1;6747
Østerbro - Århusgade Syd;2010K2;6781
Østerbro - Århusgade Syd;2010K3;6763
Østerbro - Århusgade Syd;2011K1;6812
Østerbro - Århusgade Syd;2011K2;6832
Østerbro - Århusgade Syd;2011K3;6797
Østerbro - Århusgade Syd;2011K4;6851
Østerbro - Århusgade Syd;2012K1;6863
Østerbro - Århusgade Syd;2012K2;6855
Østerbro - Århusgade Syd;2012K3;6791
Østerbro - Århusgade Syd;2012K4;6820
Østerbro - Århusgade Syd;2013K1;6852
Østerbro - Århusgade Syd;2013K2;6857
Østerbro - Århusgade Syd;2013K3;6826
Østerbro - Århusgade Syd;2013K4;6925
Østerbro - Århusgade Syd;2014K1;6896
Østerbro - Århusgade Syd;2014K2;6897
Østerbro - Århusgade Syd;2014K3;6907
Østerbro - Århusgade Syd;2014K4;6991
Østerbro - Århusgade Syd;2015K1;6936
Østerbro - Århusgade Syd;2015K2;6950
Østerbro - Århusgade Syd;2015K3;6928
Østerbro - Århusgade Syd;2015K4;7007
Østerbro - Århusgade Syd;2016K1;6980
Østerbro - Århusgade Syd;2016K2;6969
Østerbro - Århusgade Syd;2016K3;6940
Østerbro - Århusgade Syd;2016K4;7055
Østerbro - Århusgade Syd;2017K1;6992
Østerbro - Århusgade Syd;2017K2;7009
Østerbro - Århusgade Syd;2017K3;6991
Østerbro - Århusgade Syd;2017K4;7065
Østerbro - Århusgade Syd;2018K1;7072
Østerbro - Århusgade Syd;2018K2;7051
Østerbro - Århusgade Syd;2018K3;6979
Østerbro - Århusgade Syd;2018K4;7050
Østerbro - Århusgade Syd;2019K1;7025
Østerbro - Århusgade Syd;2019K2;7071
Østerbro - Århusgade Syd;2019K3;7049
Østerbro - Århusgade Syd;2019K4;7070
Østerbro - Århusgade Syd;2020K1;7036
Østerbro - Århusgade Syd;2020K2;6973
Østerbro - Århusgade Syd;2020K3;6931
Østerbro - Århusgade Syd;2020K4;6992
Østerbro - Århusgade Syd;2021K1;6947
Østerbro - Århusgade Syd;2021K2;6916
Østerbro - Århusgade Syd;2021K3;6949
Østerbro - Århusgade Syd;2021K4;6986
Østerbro - Århusgade Syd;2022K1;6978
Østerbro - Århusgade Syd;2022K2;7004
Østerbro - Århusgade Syd;2022K3;6944
Østerbro - Århusgade Syd;2022K4;7015
Østerbro - Århusgade Syd;2023K1;6999
Østerbro - Århusgade Syd;2023K2;6996
Østerbro - Århusgade Syd;2023K3;6966
Østerbro - Århusgade Syd;2023K4;7023
Østerbro - Århusgade Syd;2024K1;7009
Østerbro - Århusgade Syd;2024K2;6965
Østerbro - Århusgade Syd;2024K3;6997
Østerbro - Århusgade Syd;2024K4;7022
Østerbro - Århusgade Syd;2025K1;7000
Østerbro - Rosenvænget;1998K1;5623
Østerbro - Rosenvænget;1999K1;5583
Østerbro - Rosenvænget;2000K1;5555
Østerbro - Rosenvænget;2001K1;5521
Østerbro - Rosenvænget;2002K1;5509
Østerbro - Rosenvænget;2002K2;5514
Østerbro - Rosenvænget;2002K3;5495
Østerbro - Rosenvænget;2002K4;5561
Østerbro - Rosenvænget;2003K1;5507
Østerbro - Rosenvænget;2003K2;5533
Østerbro - Rosenvænget;2003K3;5501
Østerbro - Rosenvænget;2003K4;5507
Østerbro - Rosenvænget;2004K1;5490
Østerbro - Rosenvænget;2004K2;5478
Østerbro - Rosenvænget;2004K3;5451
Østerbro - Rosenvænget;2004K4;5476
Østerbro - Rosenvænget;2005K1;5483
Østerbro - Rosenvænget;2005K2;5471
Østerbro - Rosenvænget;2005K3;5392
Østerbro - Rosenvænget;2005K4;5393
Østerbro - Rosenvænget;2006K1;5385
Østerbro - Rosenvænget;2006K2;5395
Østerbro - Rosenvænget;2006K3;5366
Østerbro - Rosenvænget;2006K4;5378
Østerbro - Rosenvænget;2007K1;5382
Østerbro - Rosenvænget;2007K2;5387
Østerbro - Rosenvænget;2007K3;5410
Østerbro - Rosenvænget;2007K4;5475
Østerbro - Rosenvænget;2008K1;5426
Østerbro - Rosenvænget;2008K2;5423
Østerbro - Rosenvænget;2008K3;5412
Østerbro - Rosenvænget;2008K4;5462
Østerbro - Rosenvænget;2009K1;5468
Østerbro - Rosenvænget;2009K2;5476
Østerbro - Rosenvænget;2009K3;5457
Østerbro - Rosenvænget;2009K4;5505
Østerbro - Rosenvænget;2010K1;5509
Østerbro - Rosenvænget;2010K2;5510
Østerbro - Rosenvænget;2010K3;5479
Østerbro - Rosenvænget;2011K1;5560
Østerbro - Rosenvænget;2011K2;5600
Østerbro - Rosenvænget;2011K3;5597
Østerbro - Rosenvænget;2011K4;5630
Østerbro - Rosenvænget;2012K1;5615
Østerbro - Rosenvænget;2012K2;5588
Østerbro - Rosenvænget;2012K3;5570
Østerbro - Rosenvænget;2012K4;5643
Østerbro - Rosenvænget;2013K1;5645
Østerbro - Rosenvænget;2013K2;5642
Østerbro - Rosenvænget;2013K3;5617
Østerbro - Rosenvænget;2013K4;5685
Østerbro - Rosenvænget;2014K1;5710
Østerbro - Rosenvænget;2014K2;5708
Østerbro - Rosenvænget;2014K3;5647
Østerbro - Rosenvænget;2014K4;5669
Østerbro - Rosenvænget;2015K1;5632
Østerbro - Rosenvænget;2015K2;5677
Østerbro - Rosenvænget;2015K3;5637
Østerbro - Rosenvænget;2015K4;5669
Østerbro - Rosenvænget;2016K1;5646
Østerbro - Rosenvænget;2016K2;5690
Østerbro - Rosenvænget;2016K3;5646
Østerbro - Rosenvænget;2016K4;5689
Østerbro - Rosenvænget;2017K1;5728
Østerbro - Rosenvænget;2017K2;5739
Østerbro - Rosenvænget;2017K3;5725
Østerbro - Rosenvænget;2017K4;5802
Østerbro - Rosenvænget;2018K1;5788
Østerbro - Rosenvænget;2018K2;5779
Østerbro - Rosenvænget;2018K3;5751
Østerbro - Rosenvænget;2018K4;5780
Østerbro - Rosenvænget;2019K1;5756
Østerbro - Rosenvænget;2019K2;5779
Østerbro - Rosenvænget;2019K3;5747
Østerbro - Rosenvænget;2019K4;5742
Østerbro - Rosenvænget;2020K1;5699
Østerbro - Rosenvænget;2020K2;5675
Østerbro - Rosenvænget;2020K3;5682
Østerbro - Rosenvænget;2020K4;5742
Østerbro - Rosenvænget;2021K1;5711
Østerbro - Rosenvænget;2021K2;5704
Østerbro - Rosenvænget;2021K3;5723
Østerbro - Rosenvænget;2021K4;5765
Østerbro - Rosenvænget;2022K1;5775
Østerbro - Rosenvænget;2022K2;5771
Østerbro - Rosenvænget;2022K3;5754
Østerbro - Rosenvænget;2022K4;5820
Østerbro - Rosenvænget;2023K1;5788
Østerbro - Rosenvænget;2023K2;5809
Østerbro - Rosenvænget;2023K3;5804
Østerbro - Rosenvænget;2023K4;5858
Østerbro - Rosenvænget;2024K1;5820
Østerbro - Rosenvænget;2024K2;5851
Østerbro - Rosenvænget;2024K3;5848
Østerbro - Rosenvænget;2024K4;5900
Østerbro - Rosenvænget;2025K1;5872
Østerbro - Ny Ryvang;1998K1;1712
Østerbro - Ny Ryvang;1999K1;1719
Østerbro - Ny Ryvang;2000K1;1722
Østerbro - Ny Ryvang;2001K1;1698
Østerbro - Ny Ryvang;2002K1;1714
Østerbro - Ny Ryvang;2002K2;1721
Østerbro - Ny Ryvang;2002K3;1696
Østerbro - Ny Ryvang;2002K4;1716
Østerbro - Ny Ryvang;2003K1;1732
Østerbro - Ny Ryvang;2003K2;1732
Østerbro - Ny Ryvang;2003K3;1750
Østerbro - Ny Ryvang;2003K4;1715
Østerbro - Ny Ryvang;2004K1;1701
Østerbro - Ny Ryvang;2004K2;1683
Østerbro - Ny Ryvang;2004K3;1687
Østerbro - Ny Ryvang;2004K4;1681
Østerbro - Ny Ryvang;2005K1;1655
Østerbro - Ny Ryvang;2005K2;1660
Østerbro - Ny Ryvang;2005K3;1661
Østerbro - Ny Ryvang;2005K4;1629
Østerbro - Ny Ryvang;2006K1;1601
Østerbro - Ny Ryvang;2006K2;1601
Østerbro - Ny Ryvang;2006K3;1587
Østerbro - Ny Ryvang;2006K4;1600
Østerbro - Ny Ryvang;2007K1;1602
Østerbro - Ny Ryvang;2007K2;1613
Østerbro - Ny Ryvang;2007K3;1608
Østerbro - Ny Ryvang;2007K4;1624
Østerbro - Ny Ryvang;2008K1;1617
Østerbro - Ny Ryvang;2008K2;1604
Østerbro - Ny Ryvang;2008K3;1595
Østerbro - Ny Ryvang;2008K4;1591
Østerbro - Ny Ryvang;2009K1;1590
Østerbro - Ny Ryvang;2009K2;1599
Østerbro - Ny Ryvang;2009K3;1581
Østerbro - Ny Ryvang;2009K4;1593
Østerbro - Ny Ryvang;2010K1;1580
Østerbro - Ny Ryvang;2010K2;1592
Østerbro - Ny Ryvang;2010K3;1648
Østerbro - Ny Ryvang;2011K1;1707
Østerbro - Ny Ryvang;2011K2;1722
Østerbro - Ny Ryvang;2011K3;1712
Østerbro - Ny Ryvang;2011K4;1723
Østerbro - Ny Ryvang;2012K1;1747
Østerbro - Ny Ryvang;2012K2;1762
Østerbro - Ny Ryvang;2012K3;1767
Østerbro - Ny Ryvang;2012K4;1750
Østerbro - Ny Ryvang;2013K1;1769
Østerbro - Ny Ryvang;2013K2;1776
Østerbro - Ny Ryvang;2013K3;1783
Østerbro - Ny Ryvang;2013K4;1822
Østerbro - Ny Ryvang;2014K1;1822
Østerbro - Ny Ryvang;2014K2;1835
Østerbro - Ny Ryvang;2014K3;1829
Østerbro - Ny Ryvang;2014K4;1817
Østerbro - Ny Ryvang;2015K1;1836
Østerbro - Ny Ryvang;2015K2;1845
Østerbro - Ny Ryvang;2015K3;1847
Østerbro - Ny Ryvang;2015K4;1866
Østerbro - Ny Ryvang;2016K1;1888
Østerbro - Ny Ryvang;2016K2;1859
Østerbro - Ny Ryvang;2016K3;1864
Østerbro - Ny Ryvang;2016K4;1871
Østerbro - Ny Ryvang;2017K1;1851
Østerbro - Ny Ryvang;2017K2;1855
Østerbro - Ny Ryvang;2017K3;1837
Østerbro - Ny Ryvang;2017K4;1902
Østerbro - Ny Ryvang;2018K1;1860
Østerbro - Ny Ryvang;2018K2;1885
Østerbro - Ny Ryvang;2018K3;1868
Østerbro - Ny Ryvang;2018K4;1867
Østerbro - Ny Ryvang;2019K1;1850
Østerbro - Ny Ryvang;2019K2;1856
Østerbro - Ny Ryvang;2019K3;1856
Østerbro - Ny Ryvang;2019K4;1824
Østerbro - Ny Ryvang;2020K1;1846
Østerbro - Ny Ryvang;2020K2;1848
Østerbro - Ny Ryvang;2020K3;1833
Østerbro - Ny Ryvang;2020K4;1961
Østerbro - Ny Ryvang;2021K1;1962
Østerbro - Ny Ryvang;2021K2;1979
Østerbro - Ny Ryvang;2021K3;1957
Østerbro - Ny Ryvang;2021K4;1959
Østerbro - Ny Ryvang;2022K1;1985
Østerbro - Ny Ryvang;2022K2;1975
Østerbro - Ny Ryvang;2022K3;1976
Østerbro - Ny Ryvang;2022K4;1970
Østerbro - Ny Ryvang;2023K1;1951
Østerbro - Ny Ryvang;2023K2;1951
Østerbro - Ny Ryvang;2023K3;1937
Østerbro - Ny Ryvang;2023K4;1951
Østerbro - Ny Ryvang;2024K1;1966
Østerbro - Ny Ryvang;2024K2;1974
Østerbro - Ny Ryvang;2024K3;1983
Østerbro - Ny Ryvang;2024K4;1992
Østerbro - Ny Ryvang;2025K1;1989
Østerbro - Nord;1998K1;2527
Østerbro - Nord;1999K1;2552
Østerbro - Nord;2000K1;2556
Østerbro - Nord;2001K1;2525
Østerbro - Nord;2002K1;2449
Østerbro - Nord;2002K2;2459
Østerbro - Nord;2002K3;2424
Østerbro - Nord;2002K4;2422
Østerbro - Nord;2003K1;2420
Østerbro - Nord;2003K2;2398
Østerbro - Nord;2003K3;2402
Østerbro - Nord;2003K4;2411
Østerbro - Nord;2004K1;2400
Østerbro - Nord;2004K2;2393
Østerbro - Nord;2004K3;2390
Østerbro - Nord;2004K4;2426
Østerbro - Nord;2005K1;2443
Østerbro - Nord;2005K2;2473
Østerbro - Nord;2005K3;2463
Østerbro - Nord;2005K4;2487
Østerbro - Nord;2006K1;2457
Østerbro - Nord;2006K2;2464
Østerbro - Nord;2006K3;2440
Østerbro - Nord;2006K4;2444
Østerbro - Nord;2007K1;2451
Østerbro - Nord;2007K2;2452
Østerbro - Nord;2007K3;2430
Østerbro - Nord;2007K4;2446
Østerbro - Nord;2008K1;2448
Østerbro - Nord;2008K2;2459
Østerbro - Nord;2008K3;2430
Østerbro - Nord;2008K4;2455
Østerbro - Nord;2009K1;2433
Østerbro - Nord;2009K2;2447
Østerbro - Nord;2009K3;2452
Østerbro - Nord;2009K4;2449
Østerbro - Nord;2010K1;2448
Østerbro - Nord;2010K2;2465
Østerbro - Nord;2010K3;2431
Østerbro - Nord;2011K1;2468
Østerbro - Nord;2011K2;2488
Østerbro - Nord;2011K3;2484
Østerbro - Nord;2011K4;2517
Østerbro - Nord;2012K1;2508
Østerbro - Nord;2012K2;2514
Østerbro - Nord;2012K3;2519
Østerbro - Nord;2012K4;2568
Østerbro - Nord;2013K1;2574
Østerbro - Nord;2013K2;2566
Østerbro - Nord;2013K3;2567
Østerbro - Nord;2013K4;2608
Østerbro - Nord;2014K1;2590
Østerbro - Nord;2014K2;2616
Østerbro - Nord;2014K3;2596
Østerbro - Nord;2014K4;2584
Østerbro - Nord;2015K1;2579
Østerbro - Nord;2015K2;2594
Østerbro - Nord;2015K3;2583
Østerbro - Nord;2015K4;2631
Østerbro - Nord;2016K1;2646
Østerbro - Nord;2016K2;2630
Østerbro - Nord;2016K3;2592
Østerbro - Nord;2016K4;2621
Østerbro - Nord;2017K1;2611
Østerbro - Nord;2017K2;2635
Østerbro - Nord;2017K3;2635
Østerbro - Nord;2017K4;2664
Østerbro - Nord;2018K1;2652
Østerbro - Nord;2018K2;2646
Østerbro - Nord;2018K3;2634
Østerbro - Nord;2018K4;2654
Østerbro - Nord;2019K1;2650
Østerbro - Nord;2019K2;2718
Østerbro - Nord;2019K3;2724
Østerbro - Nord;2019K4;2764
Østerbro - Nord;2020K1;2757
Østerbro - Nord;2020K2;2859
Østerbro - Nord;2020K3;2853
Østerbro - Nord;2020K4;2914
Østerbro - Nord;2021K1;2905
Østerbro - Nord;2021K2;2909
Østerbro - Nord;2021K3;2900
Østerbro - Nord;2021K4;2914
Østerbro - Nord;2022K1;2925
Østerbro - Nord;2022K2;2923
Østerbro - Nord;2022K3;2913
Østerbro - Nord;2022K4;2914
Østerbro - Nord;2023K1;2923
Østerbro - Nord;2023K2;2904
Østerbro - Nord;2023K3;2902
Østerbro - Nord;2023K4;2899
Østerbro - Nord;2024K1;2903
Østerbro - Nord;2024K2;2878
Østerbro - Nord;2024K3;2886
Østerbro - Nord;2024K4;2895
Østerbro - Nord;2025K1;2879
Østerbro - Nordhavn;1998K1;248
Østerbro - Nordhavn;1999K1;249
Østerbro - Nordhavn;2000K1;301
Østerbro - Nordhavn;2001K1;310
Østerbro - Nordhavn;2002K1;320
Østerbro - Nordhavn;2002K2;323
Østerbro - Nordhavn;2002K3;322
Østerbro - Nordhavn;2002K4;318
Østerbro - Nordhavn;2003K1;370
Østerbro - Nordhavn;2003K2;374
Østerbro - Nordhavn;2003K3;368
Østerbro - Nordhavn;2003K4;391
Østerbro - Nordhavn;2004K1;389
Østerbro - Nordhavn;2004K2;382
Østerbro - Nordhavn;2004K3;381
Østerbro - Nordhavn;2004K4;374
Østerbro - Nordhavn;2005K1;378
Østerbro - Nordhavn;2005K2;383
Østerbro - Nordhavn;2005K3;391
Østerbro - Nordhavn;2005K4;392
Østerbro - Nordhavn;2006K1;394
Østerbro - Nordhavn;2006K2;441
Østerbro - Nordhavn;2006K3;491
Østerbro - Nordhavn;2006K4;515
Østerbro - Nordhavn;2007K1;540
Østerbro - Nordhavn;2007K2;540
Østerbro - Nordhavn;2007K3;546
Østerbro - Nordhavn;2007K4;598
Østerbro - Nordhavn;2008K1;621
Østerbro - Nordhavn;2008K2;651
Østerbro - Nordhavn;2008K3;682
Østerbro - Nordhavn;2008K4;704
Østerbro - Nordhavn;2009K1;740
Østerbro - Nordhavn;2009K2;766
Østerbro - Nordhavn;2009K3;752
Østerbro - Nordhavn;2009K4;776
Østerbro - Nordhavn;2010K1;771
Østerbro - Nordhavn;2010K2;792
Østerbro - Nordhavn;2010K3;801
Østerbro - Nordhavn;2011K1;822
Østerbro - Nordhavn;2011K2;843
Østerbro - Nordhavn;2011K3;828
Østerbro - Nordhavn;2011K4;833
Østerbro - Nordhavn;2012K1;866
Østerbro - Nordhavn;2012K2;859
Østerbro - Nordhavn;2012K3;844
Østerbro - Nordhavn;2012K4;856
Østerbro - Nordhavn;2013K1;867
Østerbro - Nordhavn;2013K2;893
Østerbro - Nordhavn;2013K3;895
Østerbro - Nordhavn;2013K4;915
Østerbro - Nordhavn;2014K1;907
Østerbro - Nordhavn;2014K2;929
Østerbro - Nordhavn;2014K3;903
Østerbro - Nordhavn;2014K4;922
Østerbro - Nordhavn;2015K1;922
Østerbro - Nordhavn;2015K2;932
Østerbro - Nordhavn;2015K3;931
Østerbro - Nordhavn;2015K4;969
Østerbro - Nordhavn;2016K1;1165
Østerbro - Nordhavn;2016K2;1274
Østerbro - Nordhavn;2016K3;1390
Østerbro - Nordhavn;2016K4;1532
Østerbro - Nordhavn;2017K1;1715
Østerbro - Nordhavn;2017K2;1869
Østerbro - Nordhavn;2017K3;1961
Østerbro - Nordhavn;2017K4;2042
Østerbro - Nordhavn;2018K1;2135
Østerbro - Nordhavn;2018K2;2144
Østerbro - Nordhavn;2018K3;2186
Østerbro - Nordhavn;2018K4;2234
Østerbro - Nordhavn;2019K1;2236
Østerbro - Nordhavn;2019K2;2279
Østerbro - Nordhavn;2019K3;2320
Østerbro - Nordhavn;2019K4;2362
Østerbro - Nordhavn;2020K1;2400
Østerbro - Nordhavn;2020K2;2541
Østerbro - Nordhavn;2020K3;2574
Østerbro - Nordhavn;2020K4;2671
Østerbro - Nordhavn;2021K1;2702
Østerbro - Nordhavn;2021K2;2725
Østerbro - Nordhavn;2021K3;2729
Østerbro - Nordhavn;2021K4;2793
Østerbro - Nordhavn;2022K1;2831
Østerbro - Nordhavn;2022K2;3019
Østerbro - Nordhavn;2022K3;3094
Østerbro - Nordhavn;2022K4;3182
Østerbro - Nordhavn;2023K1;3159
Østerbro - Nordhavn;2023K2;3180
Østerbro - Nordhavn;2023K3;3182
Østerbro - Nordhavn;2023K4;3262
Østerbro - Nordhavn;2024K1;3380
Østerbro - Nordhavn;2024K2;3419
Østerbro - Nordhavn;2024K3;3417
Østerbro - Nordhavn;2024K4;3502
Østerbro - Nordhavn;2025K1;3489
Østerbro - Lyngbyvej Vest;1998K1;2836
Østerbro - Lyngbyvej Vest;1999K1;2853
Østerbro - Lyngbyvej Vest;2000K1;2845
Østerbro - Lyngbyvej Vest;2001K1;2804
Østerbro - Lyngbyvej Vest;2002K1;2814
Østerbro - Lyngbyvej Vest;2002K2;2815
Østerbro - Lyngbyvej Vest;2002K3;2832
Østerbro - Lyngbyvej Vest;2002K4;2882
Østerbro - Lyngbyvej Vest;2003K1;2918
Østerbro - Lyngbyvej Vest;2003K2;2893
Østerbro - Lyngbyvej Vest;2003K3;2892
Østerbro - Lyngbyvej Vest;2003K4;2937
Østerbro - Lyngbyvej Vest;2004K1;2943
Østerbro - Lyngbyvej Vest;2004K2;2938
Østerbro - Lyngbyvej Vest;2004K3;2932
Østerbro - Lyngbyvej Vest;2004K4;2933
Østerbro - Lyngbyvej Vest;2005K1;2942
Østerbro - Lyngbyvej Vest;2005K2;2949
Østerbro - Lyngbyvej Vest;2005K3;2921
Østerbro - Lyngbyvej Vest;2005K4;2915
Østerbro - Lyngbyvej Vest;2006K1;2920
Østerbro - Lyngbyvej Vest;2006K2;2908
Østerbro - Lyngbyvej Vest;2006K3;2880
Østerbro - Lyngbyvej Vest;2006K4;2867
Østerbro - Lyngbyvej Vest;2007K1;2834
Østerbro - Lyngbyvej Vest;2007K2;2889
Østerbro - Lyngbyvej Vest;2007K3;2873
Østerbro - Lyngbyvej Vest;2007K4;2916
Østerbro - Lyngbyvej Vest;2008K1;2890
Østerbro - Lyngbyvej Vest;2008K2;2888
Østerbro - Lyngbyvej Vest;2008K3;2840
Østerbro - Lyngbyvej Vest;2008K4;2881
Østerbro - Lyngbyvej Vest;2009K1;2900
Østerbro - Lyngbyvej Vest;2009K2;2899
Østerbro - Lyngbyvej Vest;2009K3;2887
Østerbro - Lyngbyvej Vest;2009K4;2898
Østerbro - Lyngbyvej Vest;2010K1;2899
Østerbro - Lyngbyvej Vest;2010K2;2909
Østerbro - Lyngbyvej Vest;2010K3;2904
Østerbro - Lyngbyvej Vest;2011K1;2932
Østerbro - Lyngbyvej Vest;2011K2;2945
Østerbro - Lyngbyvej Vest;2011K3;2970
Østerbro - Lyngbyvej Vest;2011K4;3011
Østerbro - Lyngbyvej Vest;2012K1;3012
Østerbro - Lyngbyvej Vest;2012K2;3045
Østerbro - Lyngbyvej Vest;2012K3;3043
Østerbro - Lyngbyvej Vest;2012K4;3076
Østerbro - Lyngbyvej Vest;2013K1;3084
Østerbro - Lyngbyvej Vest;2013K2;3108
Østerbro - Lyngbyvej Vest;2013K3;3079
Østerbro - Lyngbyvej Vest;2013K4;3090
Østerbro - Lyngbyvej Vest;2014K1;3087
Østerbro - Lyngbyvej Vest;2014K2;3114
Østerbro - Lyngbyvej Vest;2014K3;3093
Østerbro - Lyngbyvej Vest;2014K4;3115
Østerbro - Lyngbyvej Vest;2015K1;3093
Østerbro - Lyngbyvej Vest;2015K2;3077
Østerbro - Lyngbyvej Vest;2015K3;3083
Østerbro - Lyngbyvej Vest;2015K4;3120
Østerbro - Lyngbyvej Vest;2016K1;3108
Østerbro - Lyngbyvej Vest;2016K2;3147
Østerbro - Lyngbyvej Vest;2016K3;3116
Østerbro - Lyngbyvej Vest;2016K4;3122
Østerbro - Lyngbyvej Vest;2017K1;3088
Østerbro - Lyngbyvej Vest;2017K2;3107
Østerbro - Lyngbyvej Vest;2017K3;3119
Østerbro - Lyngbyvej Vest;2017K4;3164
Østerbro - Lyngbyvej Vest;2018K1;3140
Østerbro - Lyngbyvej Vest;2018K2;3148
Østerbro - Lyngbyvej Vest;2018K3;3153
Østerbro - Lyngbyvej Vest;2018K4;3180
Østerbro - Lyngbyvej Vest;2019K1;3177
Østerbro - Lyngbyvej Vest;2019K2;3172
Østerbro - Lyngbyvej Vest;2019K3;3131
Østerbro - Lyngbyvej Vest;2019K4;3216
Østerbro - Lyngbyvej Vest;2020K1;3278
Østerbro - Lyngbyvej Vest;2020K2;3230
Østerbro - Lyngbyvej Vest;2020K3;3241
Østerbro - Lyngbyvej Vest;2020K4;3212
Østerbro - Lyngbyvej Vest;2021K1;3188
Østerbro - Lyngbyvej Vest;2021K2;3318
Østerbro - Lyngbyvej Vest;2021K3;3353
Østerbro - Lyngbyvej Vest;2021K4;3465
Østerbro - Lyngbyvej Vest;2022K1;3489
Østerbro - Lyngbyvej Vest;2022K2;3497
Østerbro - Lyngbyvej Vest;2022K3;3499
Østerbro - Lyngbyvej Vest;2022K4;3530
Østerbro - Lyngbyvej Vest;2023K1;3514
Østerbro - Lyngbyvej Vest;2023K2;3491
Østerbro - Lyngbyvej Vest;2023K3;3516
Østerbro - Lyngbyvej Vest;2023K4;3515
Østerbro - Lyngbyvej Vest;2024K1;3499
Østerbro - Lyngbyvej Vest;2024K2;3470
Østerbro - Lyngbyvej Vest;2024K3;3404
Østerbro - Lyngbyvej Vest;2024K4;3381
Østerbro - Lyngbyvej Vest;2025K1;3349
Østerbro - Lyngbyvej Øst/Klimakvarteret;1998K1;4109
Østerbro - Lyngbyvej Øst/Klimakvarteret;1999K1;4152
Østerbro - Lyngbyvej Øst/Klimakvarteret;2000K1;4089
Østerbro - Lyngbyvej Øst/Klimakvarteret;2001K1;4091
Østerbro - Lyngbyvej Øst/Klimakvarteret;2002K1;4002
Østerbro - Lyngbyvej Øst/Klimakvarteret;2002K2;4017
Østerbro - Lyngbyvej Øst/Klimakvarteret;2002K3;3997
Østerbro - Lyngbyvej Øst/Klimakvarteret;2002K4;4043
Østerbro - Lyngbyvej Øst/Klimakvarteret;2003K1;4015
Østerbro - Lyngbyvej Øst/Klimakvarteret;2003K2;4021
Østerbro - Lyngbyvej Øst/Klimakvarteret;2003K3;3992
Østerbro - Lyngbyvej Øst/Klimakvarteret;2003K4;4007
Østerbro - Lyngbyvej Øst/Klimakvarteret;2004K1;4015
Østerbro - Lyngbyvej Øst/Klimakvarteret;2004K2;4017
Østerbro - Lyngbyvej Øst/Klimakvarteret;2004K3;3970
Østerbro - Lyngbyvej Øst/Klimakvarteret;2004K4;4020
Østerbro - Lyngbyvej Øst/Klimakvarteret;2005K1;4018
Østerbro - Lyngbyvej Øst/Klimakvarteret;2005K2;4034
Østerbro - Lyngbyvej Øst/Klimakvarteret;2005K3;3994
Østerbro - Lyngbyvej Øst/Klimakvarteret;2005K4;4025
Østerbro - Lyngbyvej Øst/Klimakvarteret;2006K1;4007
Østerbro - Lyngbyvej Øst/Klimakvarteret;2006K2;3998
Østerbro - Lyngbyvej Øst/Klimakvarteret;2006K3;3975
Østerbro - Lyngbyvej Øst/Klimakvarteret;2006K4;3996
Østerbro - Lyngbyvej Øst/Klimakvarteret;2007K1;3998
Østerbro - Lyngbyvej Øst/Klimakvarteret;2007K2;4009
Østerbro - Lyngbyvej Øst/Klimakvarteret;2007K3;4002
Østerbro - Lyngbyvej Øst/Klimakvarteret;2007K4;4038
Østerbro - Lyngbyvej Øst/Klimakvarteret;2008K1;4050
Østerbro - Lyngbyvej Øst/Klimakvarteret;2008K2;4069
Østerbro - Lyngbyvej Øst/Klimakvarteret;2008K3;4034
Østerbro - Lyngbyvej Øst/Klimakvarteret;2008K4;4073
Østerbro - Lyngbyvej Øst/Klimakvarteret;2009K1;4075
Østerbro - Lyngbyvej Øst/Klimakvarteret;2009K2;4090
Østerbro - Lyngbyvej Øst/Klimakvarteret;2009K3;4084
Østerbro - Lyngbyvej Øst/Klimakvarteret;2009K4;4145
Østerbro - Lyngbyvej Øst/Klimakvarteret;2010K1;4157
Østerbro - Lyngbyvej Øst/Klimakvarteret;2010K2;4163
Østerbro - Lyngbyvej Øst/Klimakvarteret;2010K3;4123
Østerbro - Lyngbyvej Øst/Klimakvarteret;2011K1;4159
Østerbro - Lyngbyvej Øst/Klimakvarteret;2011K2;4140
Østerbro - Lyngbyvej Øst/Klimakvarteret;2011K3;4162
Østerbro - Lyngbyvej Øst/Klimakvarteret;2011K4;4198
Østerbro - Lyngbyvej Øst/Klimakvarteret;2012K1;4239
Østerbro - Lyngbyvej Øst/Klimakvarteret;2012K2;4240
Østerbro - Lyngbyvej Øst/Klimakvarteret;2012K3;4255
Østerbro - Lyngbyvej Øst/Klimakvarteret;2012K4;4304
Østerbro - Lyngbyvej Øst/Klimakvarteret;2013K1;4303
Østerbro - Lyngbyvej Øst/Klimakvarteret;2013K2;4301
Østerbro - Lyngbyvej Øst/Klimakvarteret;2013K3;4305
Østerbro - Lyngbyvej Øst/Klimakvarteret;2013K4;4315
Østerbro - Lyngbyvej Øst/Klimakvarteret;2014K1;4339
Østerbro - Lyngbyvej Øst/Klimakvarteret;2014K2;4399
Østerbro - Lyngbyvej Øst/Klimakvarteret;2014K3;4359
Østerbro - Lyngbyvej Øst/Klimakvarteret;2014K4;4434
Østerbro - Lyngbyvej Øst/Klimakvarteret;2015K1;4415
Østerbro - Lyngbyvej Øst/Klimakvarteret;2015K2;4438
Østerbro - Lyngbyvej Øst/Klimakvarteret;2015K3;4435
Østerbro - Lyngbyvej Øst/Klimakvarteret;2015K4;4509
Østerbro - Lyngbyvej Øst/Klimakvarteret;2016K1;4511
Østerbro - Lyngbyvej Øst/Klimakvarteret;2016K2;4493
Østerbro - Lyngbyvej Øst/Klimakvarteret;2016K3;4458
Østerbro - Lyngbyvej Øst/Klimakvarteret;2016K4;4529
Østerbro - Lyngbyvej Øst/Klimakvarteret;2017K1;4546
Østerbro - Lyngbyvej Øst/Klimakvarteret;2017K2;4504
Østerbro - Lyngbyvej Øst/Klimakvarteret;2017K3;4518
Østerbro - Lyngbyvej Øst/Klimakvarteret;2017K4;4552
Østerbro - Lyngbyvej Øst/Klimakvarteret;2018K1;4572
Østerbro - Lyngbyvej Øst/Klimakvarteret;2018K2;4556
Østerbro - Lyngbyvej Øst/Klimakvarteret;2018K3;4532
Østerbro - Lyngbyvej Øst/Klimakvarteret;2018K4;4550
Østerbro - Lyngbyvej Øst/Klimakvarteret;2019K1;4547
Østerbro - Lyngbyvej Øst/Klimakvarteret;2019K2;4534
Østerbro - Lyngbyvej Øst/Klimakvarteret;2019K3;4492
Østerbro - Lyngbyvej Øst/Klimakvarteret;2019K4;4568
Østerbro - Lyngbyvej Øst/Klimakvarteret;2020K1;4540
Østerbro - Lyngbyvej Øst/Klimakvarteret;2020K2;4530
Østerbro - Lyngbyvej Øst/Klimakvarteret;2020K3;4560
Østerbro - Lyngbyvej Øst/Klimakvarteret;2020K4;4598
Østerbro - Lyngbyvej Øst/Klimakvarteret;2021K1;4573
Østerbro - Lyngbyvej Øst/Klimakvarteret;2021K2;4552
Østerbro - Lyngbyvej Øst/Klimakvarteret;2021K3;4527
Østerbro - Lyngbyvej Øst/Klimakvarteret;2021K4;4521
Østerbro - Lyngbyvej Øst/Klimakvarteret;2022K1;4500
Østerbro - Lyngbyvej Øst/Klimakvarteret;2022K2;4503
Østerbro - Lyngbyvej Øst/Klimakvarteret;2022K3;4488
Østerbro - Lyngbyvej Øst/Klimakvarteret;2022K4;4510
Østerbro - Lyngbyvej Øst/Klimakvarteret;2023K1;4534
Østerbro - Lyngbyvej Øst/Klimakvarteret;2023K2;4553
Østerbro - Lyngbyvej Øst/Klimakvarteret;2023K3;4513
Østerbro - Lyngbyvej Øst/Klimakvarteret;2023K4;4557
Østerbro - Lyngbyvej Øst/Klimakvarteret;2024K1;4549
Østerbro - Lyngbyvej Øst/Klimakvarteret;2024K2;4571
Østerbro - Lyngbyvej Øst/Klimakvarteret;2024K3;4552
Østerbro - Lyngbyvej Øst/Klimakvarteret;2024K4;4586
Østerbro - Lyngbyvej Øst/Klimakvarteret;2025K1;4554
Østerbro - Fælled;1998K1;5312
Østerbro - Fælled;1999K1;5297
Østerbro - Fælled;2000K1;5283
Østerbro - Fælled;2001K1;5203
Østerbro - Fælled;2002K1;5164
Østerbro - Fælled;2002K2;5162
Østerbro - Fælled;2002K3;5119
Østerbro - Fælled;2002K4;5045
Østerbro - Fælled;2003K1;5047
Østerbro - Fælled;2003K2;5068
Østerbro - Fælled;2003K3;5050
Østerbro - Fælled;2003K4;5037
Østerbro - Fælled;2004K1;5031
Østerbro - Fælled;2004K2;5069
Østerbro - Fælled;2004K3;5091
Østerbro - Fælled;2004K4;5110
Østerbro - Fælled;2005K1;5102
Østerbro - Fælled;2005K2;5094
Østerbro - Fælled;2005K3;5075
Østerbro - Fælled;2005K4;5058
Østerbro - Fælled;2006K1;5056
Østerbro - Fælled;2006K2;5009
Østerbro - Fælled;2006K3;5021
Østerbro - Fælled;2006K4;5062
Østerbro - Fælled;2007K1;5032
Østerbro - Fælled;2007K2;5013
Østerbro - Fælled;2007K3;4939
Østerbro - Fælled;2007K4;4980
Østerbro - Fælled;2008K1;5058
Østerbro - Fælled;2008K2;5063
Østerbro - Fælled;2008K3;5036
Østerbro - Fælled;2008K4;5057
Østerbro - Fælled;2009K1;5071
Østerbro - Fælled;2009K2;5090
Østerbro - Fælled;2009K3;5057
Østerbro - Fælled;2009K4;5128
Østerbro - Fælled;2010K1;5132
Østerbro - Fælled;2010K2;5151
Østerbro - Fælled;2010K3;5117
Østerbro - Fælled;2011K1;5179
Østerbro - Fælled;2011K2;5186
Østerbro - Fælled;2011K3;5173
Østerbro - Fælled;2011K4;5230
Østerbro - Fælled;2012K1;5216
Østerbro - Fælled;2012K2;5245
Østerbro - Fælled;2012K3;5193
Østerbro - Fælled;2012K4;5276
Østerbro - Fælled;2013K1;5288
Østerbro - Fælled;2013K2;5267
Østerbro - Fælled;2013K3;5196
Østerbro - Fælled;2013K4;5206
Østerbro - Fælled;2014K1;5162
Østerbro - Fælled;2014K2;5183
Østerbro - Fælled;2014K3;5166
Østerbro - Fælled;2014K4;5186
Østerbro - Fælled;2015K1;5181
Østerbro - Fælled;2015K2;5194
Østerbro - Fælled;2015K3;5180
Østerbro - Fælled;2015K4;5277
Østerbro - Fælled;2016K1;5245
Østerbro - Fælled;2016K2;5306
Østerbro - Fælled;2016K3;5267
Østerbro - Fælled;2016K4;5315
Østerbro - Fælled;2017K1;5355
Østerbro - Fælled;2017K2;5366
Østerbro - Fælled;2017K3;5334
Østerbro - Fælled;2017K4;5348
Østerbro - Fælled;2018K1;5316
Østerbro - Fælled;2018K2;5329
Østerbro - Fælled;2018K3;5317
Østerbro - Fælled;2018K4;5314
Østerbro - Fælled;2019K1;5328
Østerbro - Fælled;2019K2;5322
Østerbro - Fælled;2019K3;5300
Østerbro - Fælled;2019K4;5307
Østerbro - Fælled;2020K1;5284
Østerbro - Fælled;2020K2;5273
Østerbro - Fælled;2020K3;5240
Østerbro - Fælled;2020K4;5249
Østerbro - Fælled;2021K1;5235
Østerbro - Fælled;2021K2;5226
Østerbro - Fælled;2021K3;5204
Østerbro - Fælled;2021K4;5213
Østerbro - Fælled;2022K1;5203
Østerbro - Fælled;2022K2;5210
Østerbro - Fælled;2022K3;5223
Østerbro - Fælled;2022K4;5247
Østerbro - Fælled;2023K1;5272
Østerbro - Fælled;2023K2;5248
Østerbro - Fælled;2023K3;5224
Østerbro - Fælled;2023K4;5293
Østerbro - Fælled;2024K1;5279
Østerbro - Fælled;2024K2;5237
Østerbro - Fælled;2024K3;5249
Østerbro - Fælled;2024K4;5262
Østerbro - Fælled;2025K1;5289
Nørrebro - Blågårdskvarteret/Assistens/Rantzausgade;1998K1;8072
Nørrebro - Blågårdskvarteret/Assistens/Rantzausgade;1999K1;8326
Nørrebro - Blågårdskvarteret/Assistens/Rantzausgade;2000K1;8301
Nørrebro - Blågårdskvarteret/Assistens/Rantzausgade;2001K1;8363
Nørrebro - Blågårdskvarteret/Assistens/Rantzausgade;2002K1;8377
Nørrebro - Blågårdskvarteret/Assistens/Rantzausgade;2002K2;8348
Nørrebro - Blågårdskvarteret/Assistens/Rantzausgade;2002K3;8293
Nørrebro - Blågårdskvarteret/Assistens/Rantzausgade;2002K4;8292
Nørrebro - Blågårdskvarteret/Assistens/Rantzausgade;2003K1;8250
Nørrebro - Blågårdskvarteret/Assistens/Rantzausgade;2003K2;8282
Nørrebro - Blågårdskvarteret/Assistens/Rantzausgade;2003K3;8227
Nørrebro - Blågårdskvarteret/Assistens/Rantzausgade;2003K4;8264
Nørrebro - Blågårdskvarteret/Assistens/Rantzausgade;2004K1;8215
Nørrebro - Blågårdskvarteret/Assistens/Rantzausgade;2004K2;8272
Nørrebro - Blågårdskvarteret/Assistens/Rantzausgade;2004K3;8213
Nørrebro - Blågårdskvarteret/Assistens/Rantzausgade;2004K4;8229
Nørrebro - Blågårdskvarteret/Assistens/Rantzausgade;2005K1;8154
Nørrebro - Blågårdskvarteret/Assistens/Rantzausgade;2005K2;8184
Nørrebro - Blågårdskvarteret/Assistens/Rantzausgade;2005K3;8128
Nørrebro - Blågårdskvarteret/Assistens/Rantzausgade;2005K4;8184
Nørrebro - Blågårdskvarteret/Assistens/Rantzausgade;2006K1;8172
Nørrebro - Blågårdskvarteret/Assistens/Rantzausgade;2006K2;8147
Nørrebro - Blågårdskvarteret/Assistens/Rantzausgade;2006K3;8135
Nørrebro - Blågårdskvarteret/Assistens/Rantzausgade;2006K4;8247
Nørrebro - Blågårdskvarteret/Assistens/Rantzausgade;2007K1;8207
Nørrebro - Blågårdskvarteret/Assistens/Rantzausgade;2007K2;8229
Nørrebro - Blågårdskvarteret/Assistens/Rantzausgade;2007K3;8183
Nørrebro - Blågårdskvarteret/Assistens/Rantzausgade;2007K4;8174
Nørrebro - Blågårdskvarteret/Assistens/Rantzausgade;2008K1;8167
Nørrebro - Blågårdskvarteret/Assistens/Rantzausgade;2008K2;8182
Nørrebro - Blågårdskvarteret/Assistens/Rantzausgade;2008K3;8169
Nørrebro - Blågårdskvarteret/Assistens/Rantzausgade;2008K4;8333
Nørrebro - Blågårdskvarteret/Assistens/Rantzausgade;2009K1;8365
Nørrebro - Blågårdskvarteret/Assistens/Rantzausgade;2009K2;8381
Nørrebro - Blågårdskvarteret/Assistens/Rantzausgade;2009K3;8385
Nørrebro - Blågårdskvarteret/Assistens/Rantzausgade;2009K4;8548
Nørrebro - Blågårdskvarteret/Assistens/Rantzausgade;2010K1;8515
Nørrebro - Blågårdskvarteret/Assistens/Rantzausgade;2010K2;8552
Nørrebro - Blågårdskvarteret/Assistens/Rantzausgade;2010K3;8556
Nørrebro - Blågårdskvarteret/Assistens/Rantzausgade;2011K1;8704
Nørrebro - Blågårdskvarteret/Assistens/Rantzausgade;2011K2;8792
Nørrebro - Blågårdskvarteret/Assistens/Rantzausgade;2011K3;8759
Nørrebro - Blågårdskvarteret/Assistens/Rantzausgade;2011K4;8884
Nørrebro - Blågårdskvarteret/Assistens/Rantzausgade;2012K1;8822
Nørrebro - Blågårdskvarteret/Assistens/Rantzausgade;2012K2;8773
Nørrebro - Blågårdskvarteret/Assistens/Rantzausgade;2012K3;8824
Nørrebro - Blågårdskvarteret/Assistens/Rantzausgade;2012K4;8984
Nørrebro - Blågårdskvarteret/Assistens/Rantzausgade;2013K1;8946
Nørrebro - Blågårdskvarteret/Assistens/Rantzausgade;2013K2;8991
Nørrebro - Blågårdskvarteret/Assistens/Rantzausgade;2013K3;8938
Nørrebro - Blågårdskvarteret/Assistens/Rantzausgade;2013K4;9062
Nørrebro - Blågårdskvarteret/Assistens/Rantzausgade;2014K1;9086
Nørrebro - Blågårdskvarteret/Assistens/Rantzausgade;2014K2;9140
Nørrebro - Blågårdskvarteret/Assistens/Rantzausgade;2014K3;9067
Nørrebro - Blågårdskvarteret/Assistens/Rantzausgade;2014K4;9220
Nørrebro - Blågårdskvarteret/Assistens/Rantzausgade;2015K1;9159
Nørrebro - Blågårdskvarteret/Assistens/Rantzausgade;2015K2;9257
Nørrebro - Blågårdskvarteret/Assistens/Rantzausgade;2015K3;9132
Nørrebro - Blågårdskvarteret/Assistens/Rantzausgade;2015K4;9277
Nørrebro - Blågårdskvarteret/Assistens/Rantzausgade;2016K1;9238
Nørrebro - Blågårdskvarteret/Assistens/Rantzausgade;2016K2;9269
Nørrebro - Blågårdskvarteret/Assistens/Rantzausgade;2016K3;9163
Nørrebro - Blågårdskvarteret/Assistens/Rantzausgade;2016K4;9200
Nørrebro - Blågårdskvarteret/Assistens/Rantzausgade;2017K1;9133
Nørrebro - Blågårdskvarteret/Assistens/Rantzausgade;2017K2;9076
Nørrebro - Blågårdskvarteret/Assistens/Rantzausgade;2017K3;9029
Nørrebro - Blågårdskvarteret/Assistens/Rantzausgade;2017K4;9128
Nørrebro - Blågårdskvarteret/Assistens/Rantzausgade;2018K1;9094
Nørrebro - Blågårdskvarteret/Assistens/Rantzausgade;2018K2;9105
Nørrebro - Blågårdskvarteret/Assistens/Rantzausgade;2018K3;9072
Nørrebro - Blågårdskvarteret/Assistens/Rantzausgade;2018K4;9123
Nørrebro - Blågårdskvarteret/Assistens/Rantzausgade;2019K1;9090
Nørrebro - Blågårdskvarteret/Assistens/Rantzausgade;2019K2;9080
Nørrebro - Blågårdskvarteret/Assistens/Rantzausgade;2019K3;9028
Nørrebro - Blågårdskvarteret/Assistens/Rantzausgade;2019K4;9106
Nørrebro - Blågårdskvarteret/Assistens/Rantzausgade;2020K1;8926
Nørrebro - Blågårdskvarteret/Assistens/Rantzausgade;2020K2;8912
Nørrebro - Blågårdskvarteret/Assistens/Rantzausgade;2020K3;8914
Nørrebro - Blågårdskvarteret/Assistens/Rantzausgade;2020K4;8975
Nørrebro - Blågårdskvarteret/Assistens/Rantzausgade;2021K1;8895
Nørrebro - Blågårdskvarteret/Assistens/Rantzausgade;2021K2;8854
Nørrebro - Blågårdskvarteret/Assistens/Rantzausgade;2021K3;8843
Nørrebro - Blågårdskvarteret/Assistens/Rantzausgade;2021K4;8946
Nørrebro - Blågårdskvarteret/Assistens/Rantzausgade;2022K1;8921
Nørrebro - Blågårdskvarteret/Assistens/Rantzausgade;2022K2;8949
Nørrebro - Blågårdskvarteret/Assistens/Rantzausgade;2022K3;8951
Nørrebro - Blågårdskvarteret/Assistens/Rantzausgade;2022K4;8974
Nørrebro - Blågårdskvarteret/Assistens/Rantzausgade;2023K1;9023
Nørrebro - Blågårdskvarteret/Assistens/Rantzausgade;2023K2;9010
Nørrebro - Blågårdskvarteret/Assistens/Rantzausgade;2023K3;8977
Nørrebro - Blågårdskvarteret/Assistens/Rantzausgade;2023K4;9035
Nørrebro - Blågårdskvarteret/Assistens/Rantzausgade;2024K1;9028
Nørrebro - Blågårdskvarteret/Assistens/Rantzausgade;2024K2;9061
Nørrebro - Blågårdskvarteret/Assistens/Rantzausgade;2024K3;9047
Nørrebro - Blågårdskvarteret/Assistens/Rantzausgade;2024K4;9057
Nørrebro - Blågårdskvarteret/Assistens/Rantzausgade;2025K1;9018
Nørrebro - Guldbergskvarteret/Panum/Ravnsborggade;1998K1;12556
Nørrebro - Guldbergskvarteret/Panum/Ravnsborggade;1999K1;12751
Nørrebro - Guldbergskvarteret/Panum/Ravnsborggade;2000K1;12722
Nørrebro - Guldbergskvarteret/Panum/Ravnsborggade;2001K1;12698
Nørrebro - Guldbergskvarteret/Panum/Ravnsborggade;2002K1;12494
Nørrebro - Guldbergskvarteret/Panum/Ravnsborggade;2002K2;12513
Nørrebro - Guldbergskvarteret/Panum/Ravnsborggade;2002K3;12480
Nørrebro - Guldbergskvarteret/Panum/Ravnsborggade;2002K4;12516
Nørrebro - Guldbergskvarteret/Panum/Ravnsborggade;2003K1;12515
Nørrebro - Guldbergskvarteret/Panum/Ravnsborggade;2003K2;12561
Nørrebro - Guldbergskvarteret/Panum/Ravnsborggade;2003K3;12477
Nørrebro - Guldbergskvarteret/Panum/Ravnsborggade;2003K4;12499
Nørrebro - Guldbergskvarteret/Panum/Ravnsborggade;2004K1;12463
Nørrebro - Guldbergskvarteret/Panum/Ravnsborggade;2004K2;12434
Nørrebro - Guldbergskvarteret/Panum/Ravnsborggade;2004K3;12358
Nørrebro - Guldbergskvarteret/Panum/Ravnsborggade;2004K4;12376
Nørrebro - Guldbergskvarteret/Panum/Ravnsborggade;2005K1;12316
Nørrebro - Guldbergskvarteret/Panum/Ravnsborggade;2005K2;12286
Nørrebro - Guldbergskvarteret/Panum/Ravnsborggade;2005K3;12158
Nørrebro - Guldbergskvarteret/Panum/Ravnsborggade;2005K4;12145
Nørrebro - Guldbergskvarteret/Panum/Ravnsborggade;2006K1;12085
Nørrebro - Guldbergskvarteret/Panum/Ravnsborggade;2006K2;12061
Nørrebro - Guldbergskvarteret/Panum/Ravnsborggade;2006K3;11942
Nørrebro - Guldbergskvarteret/Panum/Ravnsborggade;2006K4;11999
Nørrebro - Guldbergskvarteret/Panum/Ravnsborggade;2007K1;11960
Nørrebro - Guldbergskvarteret/Panum/Ravnsborggade;2007K2;11967
Nørrebro - Guldbergskvarteret/Panum/Ravnsborggade;2007K3;11947
Nørrebro - Guldbergskvarteret/Panum/Ravnsborggade;2007K4;12119
Nørrebro - Guldbergskvarteret/Panum/Ravnsborggade;2008K1;12044
Nørrebro - Guldbergskvarteret/Panum/Ravnsborggade;2008K2;11976
Nørrebro - Guldbergskvarteret/Panum/Ravnsborggade;2008K3;11927
Nørrebro - Guldbergskvarteret/Panum/Ravnsborggade;2008K4;12069
Nørrebro - Guldbergskvarteret/Panum/Ravnsborggade;2009K1;12085
Nørrebro - Guldbergskvarteret/Panum/Ravnsborggade;2009K2;12197
Nørrebro - Guldbergskvarteret/Panum/Ravnsborggade;2009K3;12142
Nørrebro - Guldbergskvarteret/Panum/Ravnsborggade;2009K4;12312
Nørrebro - Guldbergskvarteret/Panum/Ravnsborggade;2010K1;12311
Nørrebro - Guldbergskvarteret/Panum/Ravnsborggade;2010K2;12261
Nørrebro - Guldbergskvarteret/Panum/Ravnsborggade;2010K3;12280
Nørrebro - Guldbergskvarteret/Panum/Ravnsborggade;2011K1;12469
Nørrebro - Guldbergskvarteret/Panum/Ravnsborggade;2011K2;12552
Nørrebro - Guldbergskvarteret/Panum/Ravnsborggade;2011K3;12500
Nørrebro - Guldbergskvarteret/Panum/Ravnsborggade;2011K4;12593
Nørrebro - Guldbergskvarteret/Panum/Ravnsborggade;2012K1;12588
Nørrebro - Guldbergskvarteret/Panum/Ravnsborggade;2012K2;12690
Nørrebro - Guldbergskvarteret/Panum/Ravnsborggade;2012K3;12710
Nørrebro - Guldbergskvarteret/Panum/Ravnsborggade;2012K4;12910
Nørrebro - Guldbergskvarteret/Panum/Ravnsborggade;2013K1;12888
Nørrebro - Guldbergskvarteret/Panum/Ravnsborggade;2013K2;12715
Nørrebro - Guldbergskvarteret/Panum/Ravnsborggade;2013K3;12683
Nørrebro - Guldbergskvarteret/Panum/Ravnsborggade;2013K4;12913
Nørrebro - Guldbergskvarteret/Panum/Ravnsborggade;2014K1;12839
Nørrebro - Guldbergskvarteret/Panum/Ravnsborggade;2014K2;12816
Nørrebro - Guldbergskvarteret/Panum/Ravnsborggade;2014K3;12917
Nørrebro - Guldbergskvarteret/Panum/Ravnsborggade;2014K4;13111
Nørrebro - Guldbergskvarteret/Panum/Ravnsborggade;2015K1;13036
Nørrebro - Guldbergskvarteret/Panum/Ravnsborggade;2015K2;13128
Nørrebro - Guldbergskvarteret/Panum/Ravnsborggade;2015K3;13080
Nørrebro - Guldbergskvarteret/Panum/Ravnsborggade;2015K4;13164
Nørrebro - Guldbergskvarteret/Panum/Ravnsborggade;2016K1;13199
Nørrebro - Guldbergskvarteret/Panum/Ravnsborggade;2016K2;13090
Nørrebro - Guldbergskvarteret/Panum/Ravnsborggade;2016K3;12940
Nørrebro - Guldbergskvarteret/Panum/Ravnsborggade;2016K4;13193
Nørrebro - Guldbergskvarteret/Panum/Ravnsborggade;2017K1;13157
Nørrebro - Guldbergskvarteret/Panum/Ravnsborggade;2017K2;13154
Nørrebro - Guldbergskvarteret/Panum/Ravnsborggade;2017K3;13088
Nørrebro - Guldbergskvarteret/Panum/Ravnsborggade;2017K4;13183
Nørrebro - Guldbergskvarteret/Panum/Ravnsborggade;2018K1;13208
Nørrebro - Guldbergskvarteret/Panum/Ravnsborggade;2018K2;13111
Nørrebro - Guldbergskvarteret/Panum/Ravnsborggade;2018K3;12968
Nørrebro - Guldbergskvarteret/Panum/Ravnsborggade;2018K4;13049
Nørrebro - Guldbergskvarteret/Panum/Ravnsborggade;2019K1;12977
Nørrebro - Guldbergskvarteret/Panum/Ravnsborggade;2019K2;13003
Nørrebro - Guldbergskvarteret/Panum/Ravnsborggade;2019K3;12959
Nørrebro - Guldbergskvarteret/Panum/Ravnsborggade;2019K4;13039
Nørrebro - Guldbergskvarteret/Panum/Ravnsborggade;2020K1;12921
Nørrebro - Guldbergskvarteret/Panum/Ravnsborggade;2020K2;12690
Nørrebro - Guldbergskvarteret/Panum/Ravnsborggade;2020K3;12570
Nørrebro - Guldbergskvarteret/Panum/Ravnsborggade;2020K4;12638
Nørrebro - Guldbergskvarteret/Panum/Ravnsborggade;2021K1;12600
Nørrebro - Guldbergskvarteret/Panum/Ravnsborggade;2021K2;12586
Nørrebro - Guldbergskvarteret/Panum/Ravnsborggade;2021K3;12536
Nørrebro - Guldbergskvarteret/Panum/Ravnsborggade;2021K4;12627
Nørrebro - Guldbergskvarteret/Panum/Ravnsborggade;2022K1;12612
Nørrebro - Guldbergskvarteret/Panum/Ravnsborggade;2022K2;12595
Nørrebro - Guldbergskvarteret/Panum/Ravnsborggade;2022K3;12643
Nørrebro - Guldbergskvarteret/Panum/Ravnsborggade;2022K4;12723
Nørrebro - Guldbergskvarteret/Panum/Ravnsborggade;2023K1;12688
Nørrebro - Guldbergskvarteret/Panum/Ravnsborggade;2023K2;12771
Nørrebro - Guldbergskvarteret/Panum/Ravnsborggade;2023K3;12757
Nørrebro - Guldbergskvarteret/Panum/Ravnsborggade;2023K4;12944
Nørrebro - Guldbergskvarteret/Panum/Ravnsborggade;2024K1;12913
Nørrebro - Guldbergskvarteret/Panum/Ravnsborggade;2024K2;12949
Nørrebro - Guldbergskvarteret/Panum/Ravnsborggade;2024K3;12994
Nørrebro - Guldbergskvarteret/Panum/Ravnsborggade;2024K4;13014
Nørrebro - Guldbergskvarteret/Panum/Ravnsborggade;2025K1;13040
Nørrebro - Stefansgade/Nørrebroparken/Lundtoftegade;1998K1;11062
Nørrebro - Stefansgade/Nørrebroparken/Lundtoftegade;1999K1;11136
Nørrebro - Stefansgade/Nørrebroparken/Lundtoftegade;2000K1;11124
Nørrebro - Stefansgade/Nørrebroparken/Lundtoftegade;2001K1;11086
Nørrebro - Stefansgade/Nørrebroparken/Lundtoftegade;2002K1;11163
Nørrebro - Stefansgade/Nørrebroparken/Lundtoftegade;2002K2;11110
Nørrebro - Stefansgade/Nørrebroparken/Lundtoftegade;2002K3;11014
Nørrebro - Stefansgade/Nørrebroparken/Lundtoftegade;2002K4;11031
Nørrebro - Stefansgade/Nørrebroparken/Lundtoftegade;2003K1;10989
Nørrebro - Stefansgade/Nørrebroparken/Lundtoftegade;2003K2;11008
Nørrebro - Stefansgade/Nørrebroparken/Lundtoftegade;2003K3;10941
Nørrebro - Stefansgade/Nørrebroparken/Lundtoftegade;2003K4;11034
Nørrebro - Stefansgade/Nørrebroparken/Lundtoftegade;2004K1;10947
Nørrebro - Stefansgade/Nørrebroparken/Lundtoftegade;2004K2;10971
Nørrebro - Stefansgade/Nørrebroparken/Lundtoftegade;2004K3;10929
Nørrebro - Stefansgade/Nørrebroparken/Lundtoftegade;2004K4;10969
Nørrebro - Stefansgade/Nørrebroparken/Lundtoftegade;2005K1;10986
Nørrebro - Stefansgade/Nørrebroparken/Lundtoftegade;2005K2;10958
Nørrebro - Stefansgade/Nørrebroparken/Lundtoftegade;2005K3;10855
Nørrebro - Stefansgade/Nørrebroparken/Lundtoftegade;2005K4;10891
Nørrebro - Stefansgade/Nørrebroparken/Lundtoftegade;2006K1;10816
Nørrebro - Stefansgade/Nørrebroparken/Lundtoftegade;2006K2;10802
Nørrebro - Stefansgade/Nørrebroparken/Lundtoftegade;2006K3;10719
Nørrebro - Stefansgade/Nørrebroparken/Lundtoftegade;2006K4;10723
Nørrebro - Stefansgade/Nørrebroparken/Lundtoftegade;2007K1;10681
Nørrebro - Stefansgade/Nørrebroparken/Lundtoftegade;2007K2;10706
Nørrebro - Stefansgade/Nørrebroparken/Lundtoftegade;2007K3;10591
Nørrebro - Stefansgade/Nørrebroparken/Lundtoftegade;2007K4;10624
Nørrebro - Stefansgade/Nørrebroparken/Lundtoftegade;2008K1;10623
Nørrebro - Stefansgade/Nørrebroparken/Lundtoftegade;2008K2;10604
Nørrebro - Stefansgade/Nørrebroparken/Lundtoftegade;2008K3;10548
Nørrebro - Stefansgade/Nørrebroparken/Lundtoftegade;2008K4;10656
Nørrebro - Stefansgade/Nørrebroparken/Lundtoftegade;2009K1;10669
Nørrebro - Stefansgade/Nørrebroparken/Lundtoftegade;2009K2;10734
Nørrebro - Stefansgade/Nørrebroparken/Lundtoftegade;2009K3;10730
Nørrebro - Stefansgade/Nørrebroparken/Lundtoftegade;2009K4;10922
Nørrebro - Stefansgade/Nørrebroparken/Lundtoftegade;2010K1;10894
Nørrebro - Stefansgade/Nørrebroparken/Lundtoftegade;2010K2;10967
Nørrebro - Stefansgade/Nørrebroparken/Lundtoftegade;2010K3;10922
Nørrebro - Stefansgade/Nørrebroparken/Lundtoftegade;2011K1;11084
Nørrebro - Stefansgade/Nørrebroparken/Lundtoftegade;2011K2;11134
Nørrebro - Stefansgade/Nørrebroparken/Lundtoftegade;2011K3;11060
Nørrebro - Stefansgade/Nørrebroparken/Lundtoftegade;2011K4;11321
Nørrebro - Stefansgade/Nørrebroparken/Lundtoftegade;2012K1;11317
Nørrebro - Stefansgade/Nørrebroparken/Lundtoftegade;2012K2;11404
Nørrebro - Stefansgade/Nørrebroparken/Lundtoftegade;2012K3;11396
Nørrebro - Stefansgade/Nørrebroparken/Lundtoftegade;2012K4;11541
Nørrebro - Stefansgade/Nørrebroparken/Lundtoftegade;2013K1;11498
Nørrebro - Stefansgade/Nørrebroparken/Lundtoftegade;2013K2;11507
Nørrebro - Stefansgade/Nørrebroparken/Lundtoftegade;2013K3;11507
Nørrebro - Stefansgade/Nørrebroparken/Lundtoftegade;2013K4;11601
Nørrebro - Stefansgade/Nørrebroparken/Lundtoftegade;2014K1;11577
Nørrebro - Stefansgade/Nørrebroparken/Lundtoftegade;2014K2;11593
Nørrebro - Stefansgade/Nørrebroparken/Lundtoftegade;2014K3;11530
Nørrebro - Stefansgade/Nørrebroparken/Lundtoftegade;2014K4;11734
Nørrebro - Stefansgade/Nørrebroparken/Lundtoftegade;2015K1;11664
Nørrebro - Stefansgade/Nørrebroparken/Lundtoftegade;2015K2;11689
Nørrebro - Stefansgade/Nørrebroparken/Lundtoftegade;2015K3;11633
Nørrebro - Stefansgade/Nørrebroparken/Lundtoftegade;2015K4;11780
Nørrebro - Stefansgade/Nørrebroparken/Lundtoftegade;2016K1;11743
Nørrebro - Stefansgade/Nørrebroparken/Lundtoftegade;2016K2;11719
Nørrebro - Stefansgade/Nørrebroparken/Lundtoftegade;2016K3;11657
Nørrebro - Stefansgade/Nørrebroparken/Lundtoftegade;2016K4;11697
Nørrebro - Stefansgade/Nørrebroparken/Lundtoftegade;2017K1;11690
Nørrebro - Stefansgade/Nørrebroparken/Lundtoftegade;2017K2;11727
Nørrebro - Stefansgade/Nørrebroparken/Lundtoftegade;2017K3;11630
Nørrebro - Stefansgade/Nørrebroparken/Lundtoftegade;2017K4;11885
Nørrebro - Stefansgade/Nørrebroparken/Lundtoftegade;2018K1;11786
Nørrebro - Stefansgade/Nørrebroparken/Lundtoftegade;2018K2;11736
Nørrebro - Stefansgade/Nørrebroparken/Lundtoftegade;2018K3;11658
Nørrebro - Stefansgade/Nørrebroparken/Lundtoftegade;2018K4;11734
Nørrebro - Stefansgade/Nørrebroparken/Lundtoftegade;2019K1;11724
Nørrebro - Stefansgade/Nørrebroparken/Lundtoftegade;2019K2;11672
Nørrebro - Stefansgade/Nørrebroparken/Lundtoftegade;2019K3;11536
Nørrebro - Stefansgade/Nørrebroparken/Lundtoftegade;2019K4;11568
Nørrebro - Stefansgade/Nørrebroparken/Lundtoftegade;2020K1;11489
Nørrebro - Stefansgade/Nørrebroparken/Lundtoftegade;2020K2;11463
Nørrebro - Stefansgade/Nørrebroparken/Lundtoftegade;2020K3;11361
Nørrebro - Stefansgade/Nørrebroparken/Lundtoftegade;2020K4;11383
Nørrebro - Stefansgade/Nørrebroparken/Lundtoftegade;2021K1;11257
Nørrebro - Stefansgade/Nørrebroparken/Lundtoftegade;2021K2;11164
Nørrebro - Stefansgade/Nørrebroparken/Lundtoftegade;2021K3;11102
Nørrebro - Stefansgade/Nørrebroparken/Lundtoftegade;2021K4;11119
Nørrebro - Stefansgade/Nørrebroparken/Lundtoftegade;2022K1;11072
Nørrebro - Stefansgade/Nørrebroparken/Lundtoftegade;2022K2;11059
Nørrebro - Stefansgade/Nørrebroparken/Lundtoftegade;2022K3;11072
Nørrebro - Stefansgade/Nørrebroparken/Lundtoftegade;2022K4;11171
Nørrebro - Stefansgade/Nørrebroparken/Lundtoftegade;2023K1;11130
Nørrebro - Stefansgade/Nørrebroparken/Lundtoftegade;2023K2;11115
Nørrebro - Stefansgade/Nørrebroparken/Lundtoftegade;2023K3;11107
Nørrebro - Stefansgade/Nørrebroparken/Lundtoftegade;2023K4;11108
Nørrebro - Stefansgade/Nørrebroparken/Lundtoftegade;2024K1;11038
Nørrebro - Stefansgade/Nørrebroparken/Lundtoftegade;2024K2;11056
Nørrebro - Stefansgade/Nørrebroparken/Lundtoftegade;2024K3;11007
Nørrebro - Stefansgade/Nørrebroparken/Lundtoftegade;2024K4;11066
Nørrebro - Stefansgade/Nørrebroparken/Lundtoftegade;2025K1;11094
Nørrebro - Mimersgade-kvarteret/ Nørrebro St.;1998K1;9697
Nørrebro - Mimersgade-kvarteret/ Nørrebro St.;1999K1;9812
Nørrebro - Mimersgade-kvarteret/ Nørrebro St.;2000K1;9690
Nørrebro - Mimersgade-kvarteret/ Nørrebro St.;2001K1;9767
Nørrebro - Mimersgade-kvarteret/ Nørrebro St.;2002K1;9843
Nørrebro - Mimersgade-kvarteret/ Nørrebro St.;2002K2;9881
Nørrebro - Mimersgade-kvarteret/ Nørrebro St.;2002K3;9848
Nørrebro - Mimersgade-kvarteret/ Nørrebro St.;2002K4;9931
Nørrebro - Mimersgade-kvarteret/ Nørrebro St.;2003K1;9901
Nørrebro - Mimersgade-kvarteret/ Nørrebro St.;2003K2;9894
Nørrebro - Mimersgade-kvarteret/ Nørrebro St.;2003K3;9841
Nørrebro - Mimersgade-kvarteret/ Nørrebro St.;2003K4;9863
Nørrebro - Mimersgade-kvarteret/ Nørrebro St.;2004K1;9837
Nørrebro - Mimersgade-kvarteret/ Nørrebro St.;2004K2;9867
Nørrebro - Mimersgade-kvarteret/ Nørrebro St.;2004K3;9774
Nørrebro - Mimersgade-kvarteret/ Nørrebro St.;2004K4;9833
Nørrebro - Mimersgade-kvarteret/ Nørrebro St.;2005K1;9834
Nørrebro - Mimersgade-kvarteret/ Nørrebro St.;2005K2;9863
Nørrebro - Mimersgade-kvarteret/ Nørrebro St.;2005K3;9744
Nørrebro - Mimersgade-kvarteret/ Nørrebro St.;2005K4;9810
Nørrebro - Mimersgade-kvarteret/ Nørrebro St.;2006K1;9760
Nørrebro - Mimersgade-kvarteret/ Nørrebro St.;2006K2;9716
Nørrebro - Mimersgade-kvarteret/ Nørrebro St.;2006K3;9619
Nørrebro - Mimersgade-kvarteret/ Nørrebro St.;2006K4;9700
Nørrebro - Mimersgade-kvarteret/ Nørrebro St.;2007K1;9610
Nørrebro - Mimersgade-kvarteret/ Nørrebro St.;2007K2;9596
Nørrebro - Mimersgade-kvarteret/ Nørrebro St.;2007K3;9573
Nørrebro - Mimersgade-kvarteret/ Nørrebro St.;2007K4;9687
Nørrebro - Mimersgade-kvarteret/ Nørrebro St.;2008K1;9630
Nørrebro - Mimersgade-kvarteret/ Nørrebro St.;2008K2;9676
Nørrebro - Mimersgade-kvarteret/ Nørrebro St.;2008K3;9669
Nørrebro - Mimersgade-kvarteret/ Nørrebro St.;2008K4;9744
Nørrebro - Mimersgade-kvarteret/ Nørrebro St.;2009K1;9777
Nørrebro - Mimersgade-kvarteret/ Nørrebro St.;2009K2;9836
Nørrebro - Mimersgade-kvarteret/ Nørrebro St.;2009K3;9880
Nørrebro - Mimersgade-kvarteret/ Nørrebro St.;2009K4;10020
Nørrebro - Mimersgade-kvarteret/ Nørrebro St.;2010K1;10077
Nørrebro - Mimersgade-kvarteret/ Nørrebro St.;2010K2;10088
Nørrebro - Mimersgade-kvarteret/ Nørrebro St.;2010K3;10067
Nørrebro - Mimersgade-kvarteret/ Nørrebro St.;2011K1;10143
Nørrebro - Mimersgade-kvarteret/ Nørrebro St.;2011K2;10153
Nørrebro - Mimersgade-kvarteret/ Nørrebro St.;2011K3;10130
Nørrebro - Mimersgade-kvarteret/ Nørrebro St.;2011K4;10380
Nørrebro - Mimersgade-kvarteret/ Nørrebro St.;2012K1;10423
Nørrebro - Mimersgade-kvarteret/ Nørrebro St.;2012K2;10492
Nørrebro - Mimersgade-kvarteret/ Nørrebro St.;2012K3;10496
Nørrebro - Mimersgade-kvarteret/ Nørrebro St.;2012K4;10656
Nørrebro - Mimersgade-kvarteret/ Nørrebro St.;2013K1;10671
Nørrebro - Mimersgade-kvarteret/ Nørrebro St.;2013K2;10745
Nørrebro - Mimersgade-kvarteret/ Nørrebro St.;2013K3;10683
Nørrebro - Mimersgade-kvarteret/ Nørrebro St.;2013K4;10887
Nørrebro - Mimersgade-kvarteret/ Nørrebro St.;2014K1;10846
Nørrebro - Mimersgade-kvarteret/ Nørrebro St.;2014K2;10909
Nørrebro - Mimersgade-kvarteret/ Nørrebro St.;2014K3;10863
Nørrebro - Mimersgade-kvarteret/ Nørrebro St.;2014K4;10987
Nørrebro - Mimersgade-kvarteret/ Nørrebro St.;2015K1;10919
Nørrebro - Mimersgade-kvarteret/ Nørrebro St.;2015K2;10941
Nørrebro - Mimersgade-kvarteret/ Nørrebro St.;2015K3;10828
Nørrebro - Mimersgade-kvarteret/ Nørrebro St.;2015K4;10969
Nørrebro - Mimersgade-kvarteret/ Nørrebro St.;2016K1;10892
Nørrebro - Mimersgade-kvarteret/ Nørrebro St.;2016K2;10874
Nørrebro - Mimersgade-kvarteret/ Nørrebro St.;2016K3;10892
Nørrebro - Mimersgade-kvarteret/ Nørrebro St.;2016K4;10942
Nørrebro - Mimersgade-kvarteret/ Nørrebro St.;2017K1;10860
Nørrebro - Mimersgade-kvarteret/ Nørrebro St.;2017K2;11050
Nørrebro - Mimersgade-kvarteret/ Nørrebro St.;2017K3;10974
Nørrebro - Mimersgade-kvarteret/ Nørrebro St.;2017K4;11087
Nørrebro - Mimersgade-kvarteret/ Nørrebro St.;2018K1;10999
Nørrebro - Mimersgade-kvarteret/ Nørrebro St.;2018K2;11135
Nørrebro - Mimersgade-kvarteret/ Nørrebro St.;2018K3;11165
Nørrebro - Mimersgade-kvarteret/ Nørrebro St.;2018K4;11282
Nørrebro - Mimersgade-kvarteret/ Nørrebro St.;2019K1;11248
Nørrebro - Mimersgade-kvarteret/ Nørrebro St.;2019K2;11361
Nørrebro - Mimersgade-kvarteret/ Nørrebro St.;2019K3;11265
Nørrebro - Mimersgade-kvarteret/ Nørrebro St.;2019K4;11320
Nørrebro - Mimersgade-kvarteret/ Nørrebro St.;2020K1;11394
Nørrebro - Mimersgade-kvarteret/ Nørrebro St.;2020K2;11359
Nørrebro - Mimersgade-kvarteret/ Nørrebro St.;2020K3;11299
Nørrebro - Mimersgade-kvarteret/ Nørrebro St.;2020K4;11371
Nørrebro - Mimersgade-kvarteret/ Nørrebro St.;2021K1;11340
Nørrebro - Mimersgade-kvarteret/ Nørrebro St.;2021K2;11298
Nørrebro - Mimersgade-kvarteret/ Nørrebro St.;2021K3;11214
Nørrebro - Mimersgade-kvarteret/ Nørrebro St.;2021K4;11288
Nørrebro - Mimersgade-kvarteret/ Nørrebro St.;2022K1;11249
Nørrebro - Mimersgade-kvarteret/ Nørrebro St.;2022K2;11261
Nørrebro - Mimersgade-kvarteret/ Nørrebro St.;2022K3;11149
Nørrebro - Mimersgade-kvarteret/ Nørrebro St.;2022K4;11159
Nørrebro - Mimersgade-kvarteret/ Nørrebro St.;2023K1;11140
Nørrebro - Mimersgade-kvarteret/ Nørrebro St.;2023K2;11147
Nørrebro - Mimersgade-kvarteret/ Nørrebro St.;2023K3;11088
Nørrebro - Mimersgade-kvarteret/ Nørrebro St.;2023K4;11071
Nørrebro - Mimersgade-kvarteret/ Nørrebro St.;2024K1;11046
Nørrebro - Mimersgade-kvarteret/ Nørrebro St.;2024K2;11049
Nørrebro - Mimersgade-kvarteret/ Nørrebro St.;2024K3;11032
Nørrebro - Mimersgade-kvarteret/ Nørrebro St.;2024K4;11123
Nørrebro - Mimersgade-kvarteret/ Nørrebro St.;2025K1;11161
Nørrebro - Haraldsgade-kvarteret;1998K1;5249
Nørrebro - Haraldsgade-kvarteret;1999K1;5308
Nørrebro - Haraldsgade-kvarteret;2000K1;5271
Nørrebro - Haraldsgade-kvarteret;2001K1;5295
Nørrebro - Haraldsgade-kvarteret;2002K1;5341
Nørrebro - Haraldsgade-kvarteret;2002K2;5334
Nørrebro - Haraldsgade-kvarteret;2002K3;5321
Nørrebro - Haraldsgade-kvarteret;2002K4;5363
Nørrebro - Haraldsgade-kvarteret;2003K1;5362
Nørrebro - Haraldsgade-kvarteret;2003K2;5364
Nørrebro - Haraldsgade-kvarteret;2003K3;5290
Nørrebro - Haraldsgade-kvarteret;2003K4;5346
Nørrebro - Haraldsgade-kvarteret;2004K1;5341
Nørrebro - Haraldsgade-kvarteret;2004K2;5349
Nørrebro - Haraldsgade-kvarteret;2004K3;5296
Nørrebro - Haraldsgade-kvarteret;2004K4;5412
Nørrebro - Haraldsgade-kvarteret;2005K1;5419
Nørrebro - Haraldsgade-kvarteret;2005K2;5408
Nørrebro - Haraldsgade-kvarteret;2005K3;5352
Nørrebro - Haraldsgade-kvarteret;2005K4;5353
Nørrebro - Haraldsgade-kvarteret;2006K1;5395
Nørrebro - Haraldsgade-kvarteret;2006K2;5379
Nørrebro - Haraldsgade-kvarteret;2006K3;5389
Nørrebro - Haraldsgade-kvarteret;2006K4;5426
Nørrebro - Haraldsgade-kvarteret;2007K1;5431
Nørrebro - Haraldsgade-kvarteret;2007K2;5429
Nørrebro - Haraldsgade-kvarteret;2007K3;5396
Nørrebro - Haraldsgade-kvarteret;2007K4;5475
Nørrebro - Haraldsgade-kvarteret;2008K1;5585
Nørrebro - Haraldsgade-kvarteret;2008K2;5520
Nørrebro - Haraldsgade-kvarteret;2008K3;5493
Nørrebro - Haraldsgade-kvarteret;2008K4;5548
Nørrebro - Haraldsgade-kvarteret;2009K1;5574
Nørrebro - Haraldsgade-kvarteret;2009K2;5595
Nørrebro - Haraldsgade-kvarteret;2009K3;5619
Nørrebro - Haraldsgade-kvarteret;2009K4;5631
Nørrebro - Haraldsgade-kvarteret;2010K1;5635
Nørrebro - Haraldsgade-kvarteret;2010K2;5659
Nørrebro - Haraldsgade-kvarteret;2010K3;5695
Nørrebro - Haraldsgade-kvarteret;2011K1;5859
Nørrebro - Haraldsgade-kvarteret;2011K2;5876
Nørrebro - Haraldsgade-kvarteret;2011K3;5897
Nørrebro - Haraldsgade-kvarteret;2011K4;5964
Nørrebro - Haraldsgade-kvarteret;2012K1;5949
Nørrebro - Haraldsgade-kvarteret;2012K2;5928
Nørrebro - Haraldsgade-kvarteret;2012K3;5922
Nørrebro - Haraldsgade-kvarteret;2012K4;6020
Nørrebro - Haraldsgade-kvarteret;2013K1;5985
Nørrebro - Haraldsgade-kvarteret;2013K2;6044
Nørrebro - Haraldsgade-kvarteret;2013K3;6106
Nørrebro - Haraldsgade-kvarteret;2013K4;6234
Nørrebro - Haraldsgade-kvarteret;2014K1;6280
Nørrebro - Haraldsgade-kvarteret;2014K2;6301
Nørrebro - Haraldsgade-kvarteret;2014K3;6270
Nørrebro - Haraldsgade-kvarteret;2014K4;6388
Nørrebro - Haraldsgade-kvarteret;2015K1;6388
Nørrebro - Haraldsgade-kvarteret;2015K2;6350
Nørrebro - Haraldsgade-kvarteret;2015K3;6302
Nørrebro - Haraldsgade-kvarteret;2015K4;6343
Nørrebro - Haraldsgade-kvarteret;2016K1;6364
Nørrebro - Haraldsgade-kvarteret;2016K2;6361
Nørrebro - Haraldsgade-kvarteret;2016K3;6299
Nørrebro - Haraldsgade-kvarteret;2016K4;6368
Nørrebro - Haraldsgade-kvarteret;2017K1;6325
Nørrebro - Haraldsgade-kvarteret;2017K2;6339
Nørrebro - Haraldsgade-kvarteret;2017K3;6297
Nørrebro - Haraldsgade-kvarteret;2017K4;6379
Nørrebro - Haraldsgade-kvarteret;2018K1;6331
Nørrebro - Haraldsgade-kvarteret;2018K2;6315
Nørrebro - Haraldsgade-kvarteret;2018K3;6310
Nørrebro - Haraldsgade-kvarteret;2018K4;6327
Nørrebro - Haraldsgade-kvarteret;2019K1;6310
Nørrebro - Haraldsgade-kvarteret;2019K2;6359
Nørrebro - Haraldsgade-kvarteret;2019K3;6293
Nørrebro - Haraldsgade-kvarteret;2019K4;6299
Nørrebro - Haraldsgade-kvarteret;2020K1;6288
Nørrebro - Haraldsgade-kvarteret;2020K2;6257
Nørrebro - Haraldsgade-kvarteret;2020K3;6209
Nørrebro - Haraldsgade-kvarteret;2020K4;6206
Nørrebro - Haraldsgade-kvarteret;2021K1;6209
Nørrebro - Haraldsgade-kvarteret;2021K2;6226
Nørrebro - Haraldsgade-kvarteret;2021K3;6169
Nørrebro - Haraldsgade-kvarteret;2021K4;6200
Nørrebro - Haraldsgade-kvarteret;2022K1;6349
Nørrebro - Haraldsgade-kvarteret;2022K2;6384
Nørrebro - Haraldsgade-kvarteret;2022K3;6345
Nørrebro - Haraldsgade-kvarteret;2022K4;6330
Nørrebro - Haraldsgade-kvarteret;2023K1;6331
Nørrebro - Haraldsgade-kvarteret;2023K2;6342
Nørrebro - Haraldsgade-kvarteret;2023K3;6562
Nørrebro - Haraldsgade-kvarteret;2023K4;6605
Nørrebro - Haraldsgade-kvarteret;2024K1;6612
Nørrebro - Haraldsgade-kvarteret;2024K2;6617
Nørrebro - Haraldsgade-kvarteret;2024K3;6602
Nørrebro - Haraldsgade-kvarteret;2024K4;6697
Nørrebro - Haraldsgade-kvarteret;2025K1;6694
Vesterbro - Vest;1998K1;4746
Vesterbro - Vest;1999K1;4610
Vesterbro - Vest;2000K1;4584
Vesterbro - Vest;2001K1;4495
Vesterbro - Vest;2002K1;4538
Vesterbro - Vest;2002K2;4578
Vesterbro - Vest;2002K3;4552
Vesterbro - Vest;2002K4;4567
Vesterbro - Vest;2003K1;4581
Vesterbro - Vest;2003K2;4562
Vesterbro - Vest;2003K3;4552
Vesterbro - Vest;2003K4;4552
Vesterbro - Vest;2004K1;4561
Vesterbro - Vest;2004K2;4567
Vesterbro - Vest;2004K3;4541
Vesterbro - Vest;2004K4;4490
Vesterbro - Vest;2005K1;4449
Vesterbro - Vest;2005K2;4416
Vesterbro - Vest;2005K3;4418
Vesterbro - Vest;2005K4;4431
Vesterbro - Vest;2006K1;4463
Vesterbro - Vest;2006K2;4502
Vesterbro - Vest;2006K3;4501
Vesterbro - Vest;2006K4;4546
Vesterbro - Vest;2007K1;4551
Vesterbro - Vest;2007K2;4531
Vesterbro - Vest;2007K3;4513
Vesterbro - Vest;2007K4;4468
Vesterbro - Vest;2008K1;4473
Vesterbro - Vest;2008K2;4482
Vesterbro - Vest;2008K3;4452
Vesterbro - Vest;2008K4;4502
Vesterbro - Vest;2009K1;4496
Vesterbro - Vest;2009K2;4542
Vesterbro - Vest;2009K3;4537
Vesterbro - Vest;2009K4;4599
Vesterbro - Vest;2010K1;4617
Vesterbro - Vest;2010K2;4610
Vesterbro - Vest;2010K3;4574
Vesterbro - Vest;2011K1;4647
Vesterbro - Vest;2011K2;4634
Vesterbro - Vest;2011K3;4592
Vesterbro - Vest;2011K4;4660
Vesterbro - Vest;2012K1;4651
Vesterbro - Vest;2012K2;4645
Vesterbro - Vest;2012K3;4617
Vesterbro - Vest;2012K4;4667
Vesterbro - Vest;2013K1;4677
Vesterbro - Vest;2013K2;4694
Vesterbro - Vest;2013K3;4663
Vesterbro - Vest;2013K4;4663
Vesterbro - Vest;2014K1;4676
Vesterbro - Vest;2014K2;4702
Vesterbro - Vest;2014K3;4692
Vesterbro - Vest;2014K4;4741
Vesterbro - Vest;2015K1;4720
Vesterbro - Vest;2015K2;4733
Vesterbro - Vest;2015K3;4735
Vesterbro - Vest;2015K4;4801
Vesterbro - Vest;2016K1;4761
Vesterbro - Vest;2016K2;4739
Vesterbro - Vest;2016K3;4738
Vesterbro - Vest;2016K4;4806
Vesterbro - Vest;2017K1;4789
Vesterbro - Vest;2017K2;4802
Vesterbro - Vest;2017K3;4775
Vesterbro - Vest;2017K4;4827
Vesterbro - Vest;2018K1;4974
Vesterbro - Vest;2018K2;4970
Vesterbro - Vest;2018K3;5024
Vesterbro - Vest;2018K4;5061
Vesterbro - Vest;2019K1;5159
Vesterbro - Vest;2019K2;5146
Vesterbro - Vest;2019K3;5180
Vesterbro - Vest;2019K4;5255
Vesterbro - Vest;2020K1;5273
Vesterbro - Vest;2020K2;5268
Vesterbro - Vest;2020K3;5246
Vesterbro - Vest;2020K4;5286
Vesterbro - Vest;2021K1;5283
Vesterbro - Vest;2021K2;5298
Vesterbro - Vest;2021K3;5337
Vesterbro - Vest;2021K4;5524
Vesterbro - Vest;2022K1;5683
Vesterbro - Vest;2022K2;5837
Vesterbro - Vest;2022K3;6012
Vesterbro - Vest;2022K4;6296
Vesterbro - Vest;2023K1;6478
Vesterbro - Vest;2023K2;6631
Vesterbro - Vest;2023K3;6747
Vesterbro - Vest;2023K4;6814
Vesterbro - Vest;2024K1;6796
Vesterbro - Vest;2024K2;6789
Vesterbro - Vest;2024K3;6730
Vesterbro - Vest;2024K4;6802
Vesterbro - Vest;2025K1;6788
Vesterbro - Central;1998K1;14541
Vesterbro - Central;1999K1;14578
Vesterbro - Central;2000K1;14593
Vesterbro - Central;2001K1;14500
Vesterbro - Central;2002K1;14435
Vesterbro - Central;2002K2;14330
Vesterbro - Central;2002K3;14190
Vesterbro - Central;2002K4;14262
Vesterbro - Central;2003K1;14193
Vesterbro - Central;2003K2;14133
Vesterbro - Central;2003K3;13996
Vesterbro - Central;2003K4;14078
Vesterbro - Central;2004K1;14051
Vesterbro - Central;2004K2;14016
Vesterbro - Central;2004K3;13889
Vesterbro - Central;2004K4;13981
Vesterbro - Central;2005K1;13972
Vesterbro - Central;2005K2;13966
Vesterbro - Central;2005K3;13864
Vesterbro - Central;2005K4;13886
Vesterbro - Central;2006K1;13792
Vesterbro - Central;2006K2;13725
Vesterbro - Central;2006K3;13601
Vesterbro - Central;2006K4;13705
Vesterbro - Central;2007K1;13702
Vesterbro - Central;2007K2;13712
Vesterbro - Central;2007K3;13604
Vesterbro - Central;2007K4;13662
Vesterbro - Central;2008K1;13571
Vesterbro - Central;2008K2;13597
Vesterbro - Central;2008K3;13516
Vesterbro - Central;2008K4;13671
Vesterbro - Central;2009K1;13663
Vesterbro - Central;2009K2;13733
Vesterbro - Central;2009K3;13762
Vesterbro - Central;2009K4;13935
Vesterbro - Central;2010K1;13956
Vesterbro - Central;2010K2;14044
Vesterbro - Central;2010K3;14011
Vesterbro - Central;2011K1;14134
Vesterbro - Central;2011K2;14184
Vesterbro - Central;2011K3;14182
Vesterbro - Central;2011K4;14275
Vesterbro - Central;2012K1;14269
Vesterbro - Central;2012K2;14316
Vesterbro - Central;2012K3;14280
Vesterbro - Central;2012K4;14306
Vesterbro - Central;2013K1;14342
Vesterbro - Central;2013K2;14348
Vesterbro - Central;2013K3;14346
Vesterbro - Central;2013K4;14544
Vesterbro - Central;2014K1;14466
Vesterbro - Central;2014K2;14431
Vesterbro - Central;2014K3;14414
Vesterbro - Central;2014K4;14550
Vesterbro - Central;2015K1;14470
Vesterbro - Central;2015K2;14460
Vesterbro - Central;2015K3;14380
Vesterbro - Central;2015K4;14515
Vesterbro - Central;2016K1;14483
Vesterbro - Central;2016K2;14420
Vesterbro - Central;2016K3;14374
Vesterbro - Central;2016K4;14482
Vesterbro - Central;2017K1;14450
Vesterbro - Central;2017K2;14448
Vesterbro - Central;2017K3;14418
Vesterbro - Central;2017K4;14442
Vesterbro - Central;2018K1;14413
Vesterbro - Central;2018K2;14449
Vesterbro - Central;2018K3;14369
Vesterbro - Central;2018K4;14408
Vesterbro - Central;2019K1;14368
Vesterbro - Central;2019K2;14308
Vesterbro - Central;2019K3;14176
Vesterbro - Central;2019K4;14229
Vesterbro - Central;2020K1;14168
Vesterbro - Central;2020K2;14142
Vesterbro - Central;2020K3;14099
Vesterbro - Central;2020K4;14183
Vesterbro - Central;2021K1;14070
Vesterbro - Central;2021K2;14004
Vesterbro - Central;2021K3;13998
Vesterbro - Central;2021K4;14110
Vesterbro - Central;2022K1;14005
Vesterbro - Central;2022K2;14006
Vesterbro - Central;2022K3;14012
Vesterbro - Central;2022K4;14119
Vesterbro - Central;2023K1;14114
Vesterbro - Central;2023K2;14017
Vesterbro - Central;2023K3;13911
Vesterbro - Central;2023K4;14091
Vesterbro - Central;2024K1;13993
Vesterbro - Central;2024K2;13996
Vesterbro - Central;2024K3;13910
Vesterbro - Central;2024K4;13974
Vesterbro - Central;2025K1;13918
Vesterbro - Øst;1998K1;4453
Vesterbro - Øst;1999K1;4330
Vesterbro - Øst;2000K1;4403
Vesterbro - Øst;2001K1;4577
Vesterbro - Øst;2002K1;4567
Vesterbro - Øst;2002K2;4524
Vesterbro - Øst;2002K3;4506
Vesterbro - Øst;2002K4;4506
Vesterbro - Øst;2003K1;4500
Vesterbro - Øst;2003K2;4531
Vesterbro - Øst;2003K3;4498
Vesterbro - Øst;2003K4;4519
Vesterbro - Øst;2004K1;4511
Vesterbro - Øst;2004K2;4494
Vesterbro - Øst;2004K3;4455
Vesterbro - Øst;2004K4;4446
Vesterbro - Øst;2005K1;4421
Vesterbro - Øst;2005K2;4386
Vesterbro - Øst;2005K3;4360
Vesterbro - Øst;2005K4;4394
Vesterbro - Øst;2006K1;4422
Vesterbro - Øst;2006K2;4436
Vesterbro - Øst;2006K3;4468
Vesterbro - Øst;2006K4;4540
Vesterbro - Øst;2007K1;4499
Vesterbro - Øst;2007K2;4461
Vesterbro - Øst;2007K3;4440
Vesterbro - Øst;2007K4;4454
Vesterbro - Øst;2008K1;4426
Vesterbro - Øst;2008K2;4444
Vesterbro - Øst;2008K3;4480
Vesterbro - Øst;2008K4;4486
Vesterbro - Øst;2009K1;4537
Vesterbro - Øst;2009K2;4604
Vesterbro - Øst;2009K3;4589
Vesterbro - Øst;2009K4;4653
Vesterbro - Øst;2010K1;4658
Vesterbro - Øst;2010K2;4666
Vesterbro - Øst;2010K3;4672
Vesterbro - Øst;2011K1;4761
Vesterbro - Øst;2011K2;4758
Vesterbro - Øst;2011K3;4781
Vesterbro - Øst;2011K4;4905
Vesterbro - Øst;2012K1;4975
Vesterbro - Øst;2012K2;4993
Vesterbro - Øst;2012K3;4933
Vesterbro - Øst;2012K4;5017
Vesterbro - Øst;2013K1;4990
Vesterbro - Øst;2013K2;4983
Vesterbro - Øst;2013K3;4975
Vesterbro - Øst;2013K4;5027
Vesterbro - Øst;2014K1;5030
Vesterbro - Øst;2014K2;4958
Vesterbro - Øst;2014K3;4947
Vesterbro - Øst;2014K4;5006
Vesterbro - Øst;2015K1;4966
Vesterbro - Øst;2015K2;4999
Vesterbro - Øst;2015K3;4925
Vesterbro - Øst;2015K4;5033
Vesterbro - Øst;2016K1;4996
Vesterbro - Øst;2016K2;5015
Vesterbro - Øst;2016K3;4971
Vesterbro - Øst;2016K4;5017
Vesterbro - Øst;2017K1;4982
Vesterbro - Øst;2017K2;5016
Vesterbro - Øst;2017K3;4923
Vesterbro - Øst;2017K4;5028
Vesterbro - Øst;2018K1;4990
Vesterbro - Øst;2018K2;4970
Vesterbro - Øst;2018K3;4873
Vesterbro - Øst;2018K4;4948
Vesterbro - Øst;2019K1;4891
Vesterbro - Øst;2019K2;4960
Vesterbro - Øst;2019K3;4889
Vesterbro - Øst;2019K4;4906
Vesterbro - Øst;2020K1;4840
Vesterbro - Øst;2020K2;4796
Vesterbro - Øst;2020K3;4778
Vesterbro - Øst;2020K4;4895
Vesterbro - Øst;2021K1;4912
Vesterbro - Øst;2021K2;4898
Vesterbro - Øst;2021K3;4866
Vesterbro - Øst;2021K4;5009
Vesterbro - Øst;2022K1;4958
Vesterbro - Øst;2022K2;5001
Vesterbro - Øst;2022K3;4953
Vesterbro - Øst;2022K4;4959
Vesterbro - Øst;2023K1;4971
Vesterbro - Øst;2023K2;5007
Vesterbro - Øst;2023K3;5012
Vesterbro - Øst;2023K4;5039
Vesterbro - Øst;2024K1;5054
Vesterbro - Øst;2024K2;5014
Vesterbro - Øst;2024K3;4975
Vesterbro - Øst;2024K4;5019
Vesterbro - Øst;2025K1;5023
Vesterbro - Syd;1998K1;58
Vesterbro - Syd;1999K1;57
Vesterbro - Syd;2000K1;60
Vesterbro - Syd;2001K1;58
Vesterbro - Syd;2002K1;66
Vesterbro - Syd;2002K2;66
Vesterbro - Syd;2002K3;68
Vesterbro - Syd;2002K4;70
Vesterbro - Syd;2003K1;70
Vesterbro - Syd;2003K2;69
Vesterbro - Syd;2003K3;71
Vesterbro - Syd;2003K4;72
Vesterbro - Syd;2004K1;73
Vesterbro - Syd;2004K2;74
Vesterbro - Syd;2004K3;75
Vesterbro - Syd;2004K4;78
Vesterbro - Syd;2005K1;79
Vesterbro - Syd;2005K2;77
Vesterbro - Syd;2005K3;74
Vesterbro - Syd;2005K4;73
Vesterbro - Syd;2006K1;72
Vesterbro - Syd;2006K2;75
Vesterbro - Syd;2006K3;71
Vesterbro - Syd;2006K4;77
Vesterbro - Syd;2007K1;79
Vesterbro - Syd;2007K2;75
Vesterbro - Syd;2007K3;77
Vesterbro - Syd;2007K4;82
Vesterbro - Syd;2008K1;83
Vesterbro - Syd;2008K2;97
Vesterbro - Syd;2008K3;118
Vesterbro - Syd;2008K4;156
Vesterbro - Syd;2009K1;192
Vesterbro - Syd;2009K2;211
Vesterbro - Syd;2009K3;236
Vesterbro - Syd;2009K4;290
Vesterbro - Syd;2010K1;324
Vesterbro - Syd;2010K2;353
Vesterbro - Syd;2010K3;401
Vesterbro - Syd;2011K1;425
Vesterbro - Syd;2011K2;425
Vesterbro - Syd;2011K3;426
Vesterbro - Syd;2011K4;419
Vesterbro - Syd;2012K1;410
Vesterbro - Syd;2012K2;413
Vesterbro - Syd;2012K3;425
Vesterbro - Syd;2012K4;457
Vesterbro - Syd;2013K1;470
Vesterbro - Syd;2013K2;490
Vesterbro - Syd;2013K3;535
Vesterbro - Syd;2013K4;584
Vesterbro - Syd;2014K1;624
Vesterbro - Syd;2014K2;727
Vesterbro - Syd;2014K3;797
Vesterbro - Syd;2014K4;866
Vesterbro - Syd;2015K1;894
Vesterbro - Syd;2015K2;927
Vesterbro - Syd;2015K3;942
Vesterbro - Syd;2015K4;982
Vesterbro - Syd;2016K1;980
Vesterbro - Syd;2016K2;979
Vesterbro - Syd;2016K3;1207
Vesterbro - Syd;2016K4;1243
Vesterbro - Syd;2017K1;1286
Vesterbro - Syd;2017K2;1294
Vesterbro - Syd;2017K3;1212
Vesterbro - Syd;2017K4;1183
Vesterbro - Syd;2018K1;1298
Vesterbro - Syd;2018K2;1312
Vesterbro - Syd;2018K3;1313
Vesterbro - Syd;2018K4;1302
Vesterbro - Syd;2019K1;1293
Vesterbro - Syd;2019K2;1336
Vesterbro - Syd;2019K3;1412
Vesterbro - Syd;2019K4;1501
Vesterbro - Syd;2020K1;1530
Vesterbro - Syd;2020K2;1426
Vesterbro - Syd;2020K3;1487
Vesterbro - Syd;2020K4;1775
Vesterbro - Syd;2021K1;2004
Vesterbro - Syd;2021K2;2207
Vesterbro - Syd;2021K3;2353
Vesterbro - Syd;2021K4;2510
Vesterbro - Syd;2022K1;2548
Vesterbro - Syd;2022K2;2531
Vesterbro - Syd;2022K3;2544
Vesterbro - Syd;2022K4;3026
Vesterbro - Syd;2023K1;3073
Vesterbro - Syd;2023K2;3049
Vesterbro - Syd;2023K3;3008
Vesterbro - Syd;2023K4;3056
Vesterbro - Syd;2024K1;3003
Vesterbro - Syd;2024K2;3015
Vesterbro - Syd;2024K3;3052
Vesterbro - Syd;2024K4;3077
Vesterbro - Syd;2025K1;3045
Kgs. Enghave - Bavnehøj;1998K1;2789
Kgs. Enghave - Bavnehøj;1999K1;2861
Kgs. Enghave - Bavnehøj;2000K1;2834
Kgs. Enghave - Bavnehøj;2001K1;2830
Kgs. Enghave - Bavnehøj;2002K1;2813
Kgs. Enghave - Bavnehøj;2002K2;2795
Kgs. Enghave - Bavnehøj;2002K3;2763
Kgs. Enghave - Bavnehøj;2002K4;2791
Kgs. Enghave - Bavnehøj;2003K1;2786
Kgs. Enghave - Bavnehøj;2003K2;2770
Kgs. Enghave - Bavnehøj;2003K3;2763
Kgs. Enghave - Bavnehøj;2003K4;2777
Kgs. Enghave - Bavnehøj;2004K1;2791
Kgs. Enghave - Bavnehøj;2004K2;2790
Kgs. Enghave - Bavnehøj;2004K3;2782
Kgs. Enghave - Bavnehøj;2004K4;2820
Kgs. Enghave - Bavnehøj;2005K1;2809
Kgs. Enghave - Bavnehøj;2005K2;2807
Kgs. Enghave - Bavnehøj;2005K3;2794
Kgs. Enghave - Bavnehøj;2005K4;2815
Kgs. Enghave - Bavnehøj;2006K1;2801
Kgs. Enghave - Bavnehøj;2006K2;2808
Kgs. Enghave - Bavnehøj;2006K3;2765
Kgs. Enghave - Bavnehøj;2006K4;2782
Kgs. Enghave - Bavnehøj;2007K1;2767
Kgs. Enghave - Bavnehøj;2007K2;2777
Kgs. Enghave - Bavnehøj;2007K3;2771
Kgs. Enghave - Bavnehøj;2007K4;2795
Kgs. Enghave - Bavnehøj;2008K1;2817
Kgs. Enghave - Bavnehøj;2008K2;2814
Kgs. Enghave - Bavnehøj;2008K3;2793
Kgs. Enghave - Bavnehøj;2008K4;2827
Kgs. Enghave - Bavnehøj;2009K1;2813
Kgs. Enghave - Bavnehøj;2009K2;2844
Kgs. Enghave - Bavnehøj;2009K3;2826
Kgs. Enghave - Bavnehøj;2009K4;2834
Kgs. Enghave - Bavnehøj;2010K1;2838
Kgs. Enghave - Bavnehøj;2010K2;2829
Kgs. Enghave - Bavnehøj;2010K3;2812
Kgs. Enghave - Bavnehøj;2011K1;2888
Kgs. Enghave - Bavnehøj;2011K2;2917
Kgs. Enghave - Bavnehøj;2011K3;2893
Kgs. Enghave - Bavnehøj;2011K4;2966
Kgs. Enghave - Bavnehøj;2012K1;2962
Kgs. Enghave - Bavnehøj;2012K2;2981
Kgs. Enghave - Bavnehøj;2012K3;2956
Kgs. Enghave - Bavnehøj;2012K4;3029
Kgs. Enghave - Bavnehøj;2013K1;3007
Kgs. Enghave - Bavnehøj;2013K2;3019
Kgs. Enghave - Bavnehøj;2013K3;2955
Kgs. Enghave - Bavnehøj;2013K4;3075
Kgs. Enghave - Bavnehøj;2014K1;3047
Kgs. Enghave - Bavnehøj;2014K2;3034
Kgs. Enghave - Bavnehøj;2014K3;2981
Kgs. Enghave - Bavnehøj;2014K4;3075
Kgs. Enghave - Bavnehøj;2015K1;3072
Kgs. Enghave - Bavnehøj;2015K2;3059
Kgs. Enghave - Bavnehøj;2015K3;3007
Kgs. Enghave - Bavnehøj;2015K4;3076
Kgs. Enghave - Bavnehøj;2016K1;3050
Kgs. Enghave - Bavnehøj;2016K2;3087
Kgs. Enghave - Bavnehøj;2016K3;3051
Kgs. Enghave - Bavnehøj;2016K4;3029
Kgs. Enghave - Bavnehøj;2017K1;2977
Kgs. Enghave - Bavnehøj;2017K2;2964
Kgs. Enghave - Bavnehøj;2017K3;2959
Kgs. Enghave - Bavnehøj;2017K4;2977
Kgs. Enghave - Bavnehøj;2018K1;2959
Kgs. Enghave - Bavnehøj;2018K2;2953
Kgs. Enghave - Bavnehøj;2018K3;2931
Kgs. Enghave - Bavnehøj;2018K4;2964
Kgs. Enghave - Bavnehøj;2019K1;2949
Kgs. Enghave - Bavnehøj;2019K2;2985
Kgs. Enghave - Bavnehøj;2019K3;2945
Kgs. Enghave - Bavnehøj;2019K4;2959
Kgs. Enghave - Bavnehøj;2020K1;2949
Kgs. Enghave - Bavnehøj;2020K2;2962
Kgs. Enghave - Bavnehøj;2020K3;2929
Kgs. Enghave - Bavnehøj;2020K4;2926
Kgs. Enghave - Bavnehøj;2021K1;2925
Kgs. Enghave - Bavnehøj;2021K2;2929
Kgs. Enghave - Bavnehøj;2021K3;2921
Kgs. Enghave - Bavnehøj;2021K4;2933
Kgs. Enghave - Bavnehøj;2022K1;2920
Kgs. Enghave - Bavnehøj;2022K2;2921
Kgs. Enghave - Bavnehøj;2022K3;2890
Kgs. Enghave - Bavnehøj;2022K4;2915
Kgs. Enghave - Bavnehøj;2023K1;2903
Kgs. Enghave - Bavnehøj;2023K2;2912
Kgs. Enghave - Bavnehøj;2023K3;2891
Kgs. Enghave - Bavnehøj;2023K4;2905
Kgs. Enghave - Bavnehøj;2024K1;2913
Kgs. Enghave - Bavnehøj;2024K2;2914
Kgs. Enghave - Bavnehøj;2024K3;2916
Kgs. Enghave - Bavnehøj;2024K4;2927
Kgs. Enghave - Bavnehøj;2025K1;2928
Kgs. Enghave - Gl. Sydhavn;1998K1;7591
Kgs. Enghave - Gl. Sydhavn;1999K1;7748
Kgs. Enghave - Gl. Sydhavn;2000K1;7708
Kgs. Enghave - Gl. Sydhavn;2001K1;7798
Kgs. Enghave - Gl. Sydhavn;2002K1;7779
Kgs. Enghave - Gl. Sydhavn;2002K2;7706
Kgs. Enghave - Gl. Sydhavn;2002K3;7702
Kgs. Enghave - Gl. Sydhavn;2002K4;7674
Kgs. Enghave - Gl. Sydhavn;2003K1;7669
Kgs. Enghave - Gl. Sydhavn;2003K2;7685
Kgs. Enghave - Gl. Sydhavn;2003K3;7639
Kgs. Enghave - Gl. Sydhavn;2003K4;7657
Kgs. Enghave - Gl. Sydhavn;2004K1;7620
Kgs. Enghave - Gl. Sydhavn;2004K2;7617
Kgs. Enghave - Gl. Sydhavn;2004K3;7613
Kgs. Enghave - Gl. Sydhavn;2004K4;7677
Kgs. Enghave - Gl. Sydhavn;2005K1;7654
Kgs. Enghave - Gl. Sydhavn;2005K2;7647
Kgs. Enghave - Gl. Sydhavn;2005K3;7580
Kgs. Enghave - Gl. Sydhavn;2005K4;7564
Kgs. Enghave - Gl. Sydhavn;2006K1;7540
Kgs. Enghave - Gl. Sydhavn;2006K2;7523
Kgs. Enghave - Gl. Sydhavn;2006K3;7536
Kgs. Enghave - Gl. Sydhavn;2006K4;7542
Kgs. Enghave - Gl. Sydhavn;2007K1;7517
Kgs. Enghave - Gl. Sydhavn;2007K2;7493
Kgs. Enghave - Gl. Sydhavn;2007K3;7437
Kgs. Enghave - Gl. Sydhavn;2007K4;7486
Kgs. Enghave - Gl. Sydhavn;2008K1;7464
Kgs. Enghave - Gl. Sydhavn;2008K2;7483
Kgs. Enghave - Gl. Sydhavn;2008K3;7500
Kgs. Enghave - Gl. Sydhavn;2008K4;7493
Kgs. Enghave - Gl. Sydhavn;2009K1;7509
Kgs. Enghave - Gl. Sydhavn;2009K2;7573
Kgs. Enghave - Gl. Sydhavn;2009K3;7568
Kgs. Enghave - Gl. Sydhavn;2009K4;7647
Kgs. Enghave - Gl. Sydhavn;2010K1;7637
Kgs. Enghave - Gl. Sydhavn;2010K2;7640
Kgs. Enghave - Gl. Sydhavn;2010K3;7623
Kgs. Enghave - Gl. Sydhavn;2011K1;7703
Kgs. Enghave - Gl. Sydhavn;2011K2;7719
Kgs. Enghave - Gl. Sydhavn;2011K3;7761
Kgs. Enghave - Gl. Sydhavn;2011K4;7844
Kgs. Enghave - Gl. Sydhavn;2012K1;7860
Kgs. Enghave - Gl. Sydhavn;2012K2;7812
Kgs. Enghave - Gl. Sydhavn;2012K3;7804
Kgs. Enghave - Gl. Sydhavn;2012K4;7817
Kgs. Enghave - Gl. Sydhavn;2013K1;7902
Kgs. Enghave - Gl. Sydhavn;2013K2;7875
Kgs. Enghave - Gl. Sydhavn;2013K3;7854
Kgs. Enghave - Gl. Sydhavn;2013K4;7923
Kgs. Enghave - Gl. Sydhavn;2014K1;7952
Kgs. Enghave - Gl. Sydhavn;2014K2;8011
Kgs. Enghave - Gl. Sydhavn;2014K3;8039
Kgs. Enghave - Gl. Sydhavn;2014K4;8096
Kgs. Enghave - Gl. Sydhavn;2015K1;8059
Kgs. Enghave - Gl. Sydhavn;2015K2;8025
Kgs. Enghave - Gl. Sydhavn;2015K3;8007
Kgs. Enghave - Gl. Sydhavn;2015K4;8082
Kgs. Enghave - Gl. Sydhavn;2016K1;8060
Kgs. Enghave - Gl. Sydhavn;2016K2;8082
Kgs. Enghave - Gl. Sydhavn;2016K3;8003
Kgs. Enghave - Gl. Sydhavn;2016K4;8035
Kgs. Enghave - Gl. Sydhavn;2017K1;8074
Kgs. Enghave - Gl. Sydhavn;2017K2;8088
Kgs. Enghave - Gl. Sydhavn;2017K3;8059
Kgs. Enghave - Gl. Sydhavn;2017K4;8067
Kgs. Enghave - Gl. Sydhavn;2018K1;8081
Kgs. Enghave - Gl. Sydhavn;2018K2;8060
Kgs. Enghave - Gl. Sydhavn;2018K3;8025
Kgs. Enghave - Gl. Sydhavn;2018K4;8097
Kgs. Enghave - Gl. Sydhavn;2019K1;8073
Kgs. Enghave - Gl. Sydhavn;2019K2;8017
Kgs. Enghave - Gl. Sydhavn;2019K3;7989
Kgs. Enghave - Gl. Sydhavn;2019K4;7978
Kgs. Enghave - Gl. Sydhavn;2020K1;7955
Kgs. Enghave - Gl. Sydhavn;2020K2;7898
Kgs. Enghave - Gl. Sydhavn;2020K3;7893
Kgs. Enghave - Gl. Sydhavn;2020K4;7930
Kgs. Enghave - Gl. Sydhavn;2021K1;7857
Kgs. Enghave - Gl. Sydhavn;2021K2;7817
Kgs. Enghave - Gl. Sydhavn;2021K3;7800
Kgs. Enghave - Gl. Sydhavn;2021K4;7849
Kgs. Enghave - Gl. Sydhavn;2022K1;7821
Kgs. Enghave - Gl. Sydhavn;2022K2;7795
Kgs. Enghave - Gl. Sydhavn;2022K3;7798
Kgs. Enghave - Gl. Sydhavn;2022K4;7772
Kgs. Enghave - Gl. Sydhavn;2023K1;7952
Kgs. Enghave - Gl. Sydhavn;2023K2;7997
Kgs. Enghave - Gl. Sydhavn;2023K3;8264
Kgs. Enghave - Gl. Sydhavn;2023K4;8544
Kgs. Enghave - Gl. Sydhavn;2024K1;8643
Kgs. Enghave - Gl. Sydhavn;2024K2;8740
Kgs. Enghave - Gl. Sydhavn;2024K3;9018
Kgs. Enghave - Gl. Sydhavn;2024K4;9695
Kgs. Enghave - Gl. Sydhavn;2025K1;9846
Kgs. Enghave - Holmene;1998K1;5
Kgs. Enghave - Holmene;1999K1;4
Kgs. Enghave - Holmene;2000K1;4
Kgs. Enghave - Holmene;2001K1;3
Kgs. Enghave - Holmene;2002K1;5
Kgs. Enghave - Holmene;2002K2;6
Kgs. Enghave - Holmene;2002K3;5
Kgs. Enghave - Holmene;2002K4;5
Kgs. Enghave - Holmene;2003K1;5
Kgs. Enghave - Holmene;2003K2;5
Kgs. Enghave - Holmene;2003K3;5
Kgs. Enghave - Holmene;2003K4;3
Kgs. Enghave - Holmene;2004K1;3
Kgs. Enghave - Holmene;2004K2;5
Kgs. Enghave - Holmene;2004K3;5
Kgs. Enghave - Holmene;2004K4;11
Kgs. Enghave - Holmene;2005K1;45
Kgs. Enghave - Holmene;2005K2;83
Kgs. Enghave - Holmene;2005K3;127
Kgs. Enghave - Holmene;2005K4;156
Kgs. Enghave - Holmene;2006K1;163
Kgs. Enghave - Holmene;2006K2;165
Kgs. Enghave - Holmene;2006K3;204
Kgs. Enghave - Holmene;2006K4;389
Kgs. Enghave - Holmene;2007K1;587
Kgs. Enghave - Holmene;2007K2;698
Kgs. Enghave - Holmene;2007K3;786
Kgs. Enghave - Holmene;2007K4;933
Kgs. Enghave - Holmene;2008K1;990
Kgs. Enghave - Holmene;2008K2;1111
Kgs. Enghave - Holmene;2008K3;1350
Kgs. Enghave - Holmene;2008K4;1586
Kgs. Enghave - Holmene;2009K1;1707
Kgs. Enghave - Holmene;2009K2;1774
Kgs. Enghave - Holmene;2009K3;1778
Kgs. Enghave - Holmene;2009K4;1873
Kgs. Enghave - Holmene;2010K1;1986
Kgs. Enghave - Holmene;2010K2;2036
Kgs. Enghave - Holmene;2010K3;2068
Kgs. Enghave - Holmene;2011K1;2268
Kgs. Enghave - Holmene;2011K2;2259
Kgs. Enghave - Holmene;2011K3;2256
Kgs. Enghave - Holmene;2011K4;2315
Kgs. Enghave - Holmene;2012K1;2311
Kgs. Enghave - Holmene;2012K2;2299
Kgs. Enghave - Holmene;2012K3;2283
Kgs. Enghave - Holmene;2012K4;2313
Kgs. Enghave - Holmene;2013K1;2314
Kgs. Enghave - Holmene;2013K2;2326
Kgs. Enghave - Holmene;2013K3;2330
Kgs. Enghave - Holmene;2013K4;2412
Kgs. Enghave - Holmene;2014K1;2398
Kgs. Enghave - Holmene;2014K2;2417
Kgs. Enghave - Holmene;2014K3;2505
Kgs. Enghave - Holmene;2014K4;2747
Kgs. Enghave - Holmene;2015K1;2765
Kgs. Enghave - Holmene;2015K2;2814
Kgs. Enghave - Holmene;2015K3;2815
Kgs. Enghave - Holmene;2015K4;3070
Kgs. Enghave - Holmene;2016K1;3296
Kgs. Enghave - Holmene;2016K2;3704
Kgs. Enghave - Holmene;2016K3;3949
Kgs. Enghave - Holmene;2016K4;4119
Kgs. Enghave - Holmene;2017K1;4431
Kgs. Enghave - Holmene;2017K2;4744
Kgs. Enghave - Holmene;2017K3;4917
Kgs. Enghave - Holmene;2017K4;5528
Kgs. Enghave - Holmene;2018K1;5879
Kgs. Enghave - Holmene;2018K2;6178
Kgs. Enghave - Holmene;2018K3;6376
Kgs. Enghave - Holmene;2018K4;6856
Kgs. Enghave - Holmene;2019K1;6929
Kgs. Enghave - Holmene;2019K2;7133
Kgs. Enghave - Holmene;2019K3;7520
Kgs. Enghave - Holmene;2019K4;8072
Kgs. Enghave - Holmene;2020K1;8471
Kgs. Enghave - Holmene;2020K2;8707
Kgs. Enghave - Holmene;2020K3;8752
Kgs. Enghave - Holmene;2020K4;9124
Kgs. Enghave - Holmene;2021K1;9331
Kgs. Enghave - Holmene;2021K2;9596
Kgs. Enghave - Holmene;2021K3;9863
Kgs. Enghave - Holmene;2021K4;10170
Kgs. Enghave - Holmene;2022K1;10191
Kgs. Enghave - Holmene;2022K2;10092
Kgs. Enghave - Holmene;2022K3;9984
Kgs. Enghave - Holmene;2022K4;9912
Kgs. Enghave - Holmene;2023K1;9916
Kgs. Enghave - Holmene;2023K2;9908
Kgs. Enghave - Holmene;2023K3;9838
Kgs. Enghave - Holmene;2023K4;9903
Kgs. Enghave - Holmene;2024K1;9841
Kgs. Enghave - Holmene;2024K2;9997
Kgs. Enghave - Holmene;2024K3;9983
Kgs. Enghave - Holmene;2024K4;10047
Kgs. Enghave - Holmene;2025K1;10103
Valby - Gl. Valby;1998K1;6443
Valby - Gl. Valby;1999K1;6436
Valby - Gl. Valby;2000K1;6392
Valby - Gl. Valby;2001K1;6363
Valby - Gl. Valby;2002K1;6366
Valby - Gl. Valby;2002K2;6373
Valby - Gl. Valby;2002K3;6324
Valby - Gl. Valby;2002K4;6350
Valby - Gl. Valby;2003K1;6358
Valby - Gl. Valby;2003K2;6360
Valby - Gl. Valby;2003K3;6338
Valby - Gl. Valby;2003K4;6419
Valby - Gl. Valby;2004K1;6405
Valby - Gl. Valby;2004K2;6375
Valby - Gl. Valby;2004K3;6361
Valby - Gl. Valby;2004K4;6382
Valby - Gl. Valby;2005K1;6431
Valby - Gl. Valby;2005K2;6477
Valby - Gl. Valby;2005K3;6503
Valby - Gl. Valby;2005K4;6472
Valby - Gl. Valby;2006K1;6344
Valby - Gl. Valby;2006K2;6332
Valby - Gl. Valby;2006K3;6338
Valby - Gl. Valby;2006K4;6343
Valby - Gl. Valby;2007K1;6353
Valby - Gl. Valby;2007K2;6338
Valby - Gl. Valby;2007K3;6348
Valby - Gl. Valby;2007K4;6373
Valby - Gl. Valby;2008K1;6382
Valby - Gl. Valby;2008K2;6323
Valby - Gl. Valby;2008K3;6317
Valby - Gl. Valby;2008K4;6457
Valby - Gl. Valby;2009K1;6465
Valby - Gl. Valby;2009K2;6489
Valby - Gl. Valby;2009K3;6538
Valby - Gl. Valby;2009K4;6580
Valby - Gl. Valby;2010K1;6566
Valby - Gl. Valby;2010K2;6502
Valby - Gl. Valby;2010K3;6446
Valby - Gl. Valby;2011K1;6552
Valby - Gl. Valby;2011K2;6658
Valby - Gl. Valby;2011K3;6616
Valby - Gl. Valby;2011K4;6666
Valby - Gl. Valby;2012K1;6727
Valby - Gl. Valby;2012K2;6739
Valby - Gl. Valby;2012K3;6697
Valby - Gl. Valby;2012K4;6815
Valby - Gl. Valby;2013K1;6844
Valby - Gl. Valby;2013K2;6877
Valby - Gl. Valby;2013K3;6852
Valby - Gl. Valby;2013K4;6940
Valby - Gl. Valby;2014K1;6943
Valby - Gl. Valby;2014K2;6944
Valby - Gl. Valby;2014K3;6914
Valby - Gl. Valby;2014K4;7017
Valby - Gl. Valby;2015K1;6999
Valby - Gl. Valby;2015K2;7009
Valby - Gl. Valby;2015K3;7013
Valby - Gl. Valby;2015K4;7134
Valby - Gl. Valby;2016K1;7286
Valby - Gl. Valby;2016K2;7326
Valby - Gl. Valby;2016K3;7302
Valby - Gl. Valby;2016K4;7369
Valby - Gl. Valby;2017K1;7369
Valby - Gl. Valby;2017K2;7381
Valby - Gl. Valby;2017K3;7351
Valby - Gl. Valby;2017K4;7446
Valby - Gl. Valby;2018K1;7404
Valby - Gl. Valby;2018K2;7373
Valby - Gl. Valby;2018K3;7361
Valby - Gl. Valby;2018K4;7418
Valby - Gl. Valby;2019K1;7415
Valby - Gl. Valby;2019K2;7402
Valby - Gl. Valby;2019K3;7422
Valby - Gl. Valby;2019K4;7485
Valby - Gl. Valby;2020K1;7470
Valby - Gl. Valby;2020K2;7422
Valby - Gl. Valby;2020K3;7405
Valby - Gl. Valby;2020K4;7450
Valby - Gl. Valby;2021K1;7431
Valby - Gl. Valby;2021K2;7394
Valby - Gl. Valby;2021K3;7379
Valby - Gl. Valby;2021K4;7455
Valby - Gl. Valby;2022K1;7489
Valby - Gl. Valby;2022K2;7461
Valby - Gl. Valby;2022K3;7469
Valby - Gl. Valby;2022K4;7529
Valby - Gl. Valby;2023K1;7646
Valby - Gl. Valby;2023K2;7663
Valby - Gl. Valby;2023K3;7631
Valby - Gl. Valby;2023K4;7697
Valby - Gl. Valby;2024K1;7681
Valby - Gl. Valby;2024K2;7675
Valby - Gl. Valby;2024K3;7643
Valby - Gl. Valby;2024K4;7677
Valby - Gl. Valby;2025K1;7667
Valby - Syd;1998K1;7984
Valby - Syd;1999K1;8015
Valby - Syd;2000K1;7968
Valby - Syd;2001K1;7946
Valby - Syd;2002K1;7990
Valby - Syd;2002K2;7980
Valby - Syd;2002K3;7979
Valby - Syd;2002K4;8047
Valby - Syd;2003K1;7976
Valby - Syd;2003K2;7991
Valby - Syd;2003K3;7962
Valby - Syd;2003K4;7998
Valby - Syd;2004K1;7996
Valby - Syd;2004K2;7976
Valby - Syd;2004K3;7927
Valby - Syd;2004K4;7951
Valby - Syd;2005K1;7963
Valby - Syd;2005K2;7939
Valby - Syd;2005K3;7871
Valby - Syd;2005K4;7898
Valby - Syd;2006K1;7851
Valby - Syd;2006K2;7802
Valby - Syd;2006K3;7726
Valby - Syd;2006K4;7756
Valby - Syd;2007K1;7711
Valby - Syd;2007K2;7677
Valby - Syd;2007K3;7724
Valby - Syd;2007K4;7803
Valby - Syd;2008K1;7888
Valby - Syd;2008K2;8032
Valby - Syd;2008K3;8039
Valby - Syd;2008K4;8112
Valby - Syd;2009K1;8115
Valby - Syd;2009K2;8096
Valby - Syd;2009K3;8095
Valby - Syd;2009K4;8200
Valby - Syd;2010K1;8191
Valby - Syd;2010K2;8212
Valby - Syd;2010K3;8232
Valby - Syd;2011K1;8466
Valby - Syd;2011K2;8536
Valby - Syd;2011K3;8503
Valby - Syd;2011K4;8614
Valby - Syd;2012K1;8581
Valby - Syd;2012K2;8601
Valby - Syd;2012K3;8588
Valby - Syd;2012K4;8750
Valby - Syd;2013K1;8801
Valby - Syd;2013K2;8958
Valby - Syd;2013K3;9014
Valby - Syd;2013K4;9075
Valby - Syd;2014K1;9123
Valby - Syd;2014K2;9219
Valby - Syd;2014K3;9193
Valby - Syd;2014K4;9316
Valby - Syd;2015K1;9353
Valby - Syd;2015K2;9437
Valby - Syd;2015K3;9480
Valby - Syd;2015K4;9636
Valby - Syd;2016K1;9692
Valby - Syd;2016K2;9728
Valby - Syd;2016K3;9769
Valby - Syd;2016K4;10056
Valby - Syd;2017K1;10160
Valby - Syd;2017K2;10284
Valby - Syd;2017K3;10301
Valby - Syd;2017K4;10430
Valby - Syd;2018K1;10687
Valby - Syd;2018K2;10927
Valby - Syd;2018K3;10896
Valby - Syd;2018K4;11367
Valby - Syd;2019K1;11496
Valby - Syd;2019K2;11566
Valby - Syd;2019K3;11629
Valby - Syd;2019K4;11880
Valby - Syd;2020K1;11922
Valby - Syd;2020K2;11960
Valby - Syd;2020K3;11904
Valby - Syd;2020K4;12162
Valby - Syd;2021K1;12038
Valby - Syd;2021K2;12226
Valby - Syd;2021K3;12161
Valby - Syd;2021K4;12523
Valby - Syd;2022K1;12710
Valby - Syd;2022K2;12795
Valby - Syd;2022K3;13118
Valby - Syd;2022K4;13366
Valby - Syd;2023K1;13509
Valby - Syd;2023K2;13427
Valby - Syd;2023K3;13284
Valby - Syd;2023K4;13198
Valby - Syd;2024K1;13191
Valby - Syd;2024K2;13029
Valby - Syd;2024K3;13002
Valby - Syd;2024K4;13069
Valby - Syd;2025K1;12987
Valby - Ålholm;1998K1;5242
Valby - Ålholm;1999K1;5239
Valby - Ålholm;2000K1;5226
Valby - Ålholm;2001K1;5229
Valby - Ålholm;2002K1;5190
Valby - Ålholm;2002K2;5204
Valby - Ålholm;2002K3;5188
Valby - Ålholm;2002K4;5163
Valby - Ålholm;2003K1;5134
Valby - Ålholm;2003K2;5171
Valby - Ålholm;2003K3;5138
Valby - Ålholm;2003K4;5192
Valby - Ålholm;2004K1;5173
Valby - Ålholm;2004K2;5205
Valby - Ålholm;2004K3;5208
Valby - Ålholm;2004K4;5213
Valby - Ålholm;2005K1;5203
Valby - Ålholm;2005K2;5180
Valby - Ålholm;2005K3;5150
Valby - Ålholm;2005K4;5163
Valby - Ålholm;2006K1;5169
Valby - Ålholm;2006K2;5150
Valby - Ålholm;2006K3;5128
Valby - Ålholm;2006K4;5134
Valby - Ålholm;2007K1;5140
Valby - Ålholm;2007K2;5119
Valby - Ålholm;2007K3;5088
Valby - Ålholm;2007K4;5116
Valby - Ålholm;2008K1;5120
Valby - Ålholm;2008K2;5118
Valby - Ålholm;2008K3;5145
Valby - Ålholm;2008K4;5178
Valby - Ålholm;2009K1;5201
Valby - Ålholm;2009K2;5202
Valby - Ålholm;2009K3;5214
Valby - Ålholm;2009K4;5265
Valby - Ålholm;2010K1;5266
Valby - Ålholm;2010K2;5240
Valby - Ålholm;2010K3;5201
Valby - Ålholm;2011K1;5254
Valby - Ålholm;2011K2;5281
Valby - Ålholm;2011K3;5289
Valby - Ålholm;2011K4;5351
Valby - Ålholm;2012K1;5340
Valby - Ålholm;2012K2;5351
Valby - Ålholm;2012K3;5344
Valby - Ålholm;2012K4;5393
Valby - Ålholm;2013K1;5428
Valby - Ålholm;2013K2;5419
Valby - Ålholm;2013K3;5376
Valby - Ålholm;2013K4;5477
Valby - Ålholm;2014K1;5463
Valby - Ålholm;2014K2;5465
Valby - Ålholm;2014K3;5441
Valby - Ålholm;2014K4;5497
Valby - Ålholm;2015K1;5508
Valby - Ålholm;2015K2;5514
Valby - Ålholm;2015K3;5520
Valby - Ålholm;2015K4;5632
Valby - Ålholm;2016K1;5651
Valby - Ålholm;2016K2;5604
Valby - Ålholm;2016K3;5593
Valby - Ålholm;2016K4;5705
Valby - Ålholm;2017K1;5696
Valby - Ålholm;2017K2;5629
Valby - Ålholm;2017K3;5638
Valby - Ålholm;2017K4;5697
Valby - Ålholm;2018K1;5662
Valby - Ålholm;2018K2;5626
Valby - Ålholm;2018K3;5599
Valby - Ålholm;2018K4;5642
Valby - Ålholm;2019K1;5626
Valby - Ålholm;2019K2;5616
Valby - Ålholm;2019K3;5560
Valby - Ålholm;2019K4;5625
Valby - Ålholm;2020K1;5621
Valby - Ålholm;2020K2;5586
Valby - Ålholm;2020K3;5603
Valby - Ålholm;2020K4;5608
Valby - Ålholm;2021K1;5584
Valby - Ålholm;2021K2;5599
Valby - Ålholm;2021K3;5552
Valby - Ålholm;2021K4;5575
Valby - Ålholm;2022K1;5592
Valby - Ålholm;2022K2;5556
Valby - Ålholm;2022K3;5532
Valby - Ålholm;2022K4;5578
Valby - Ålholm;2023K1;5587
Valby - Ålholm;2023K2;5629
Valby - Ålholm;2023K3;5597
Valby - Ålholm;2023K4;5641
Valby - Ålholm;2024K1;5628
Valby - Ålholm;2024K2;5618
Valby - Ålholm;2024K3;5608
Valby - Ålholm;2024K4;5623
Valby - Ålholm;2025K1;5618
Valby - Valby Sydvest;1998K1;3982
Valby - Valby Sydvest;1999K1;3988
Valby - Valby Sydvest;2000K1;3963
Valby - Valby Sydvest;2001K1;3916
Valby - Valby Sydvest;2002K1;3932
Valby - Valby Sydvest;2002K2;3948
Valby - Valby Sydvest;2002K3;3965
Valby - Valby Sydvest;2002K4;3970
Valby - Valby Sydvest;2003K1;3981
Valby - Valby Sydvest;2003K2;3999
Valby - Valby Sydvest;2003K3;3986
Valby - Valby Sydvest;2003K4;4001
Valby - Valby Sydvest;2004K1;3997
Valby - Valby Sydvest;2004K2;3981
Valby - Valby Sydvest;2004K3;3968
Valby - Valby Sydvest;2004K4;3978
Valby - Valby Sydvest;2005K1;3983
Valby - Valby Sydvest;2005K2;3994
Valby - Valby Sydvest;2005K3;3979
Valby - Valby Sydvest;2005K4;3997
Valby - Valby Sydvest;2006K1;3982
Valby - Valby Sydvest;2006K2;3996
Valby - Valby Sydvest;2006K3;3958
Valby - Valby Sydvest;2006K4;3952
Valby - Valby Sydvest;2007K1;3938
Valby - Valby Sydvest;2007K2;3968
Valby - Valby Sydvest;2007K3;3958
Valby - Valby Sydvest;2007K4;3956
Valby - Valby Sydvest;2008K1;3958
Valby - Valby Sydvest;2008K2;3969
Valby - Valby Sydvest;2008K3;3953
Valby - Valby Sydvest;2008K4;3998
Valby - Valby Sydvest;2009K1;3982
Valby - Valby Sydvest;2009K2;3964
Valby - Valby Sydvest;2009K3;3987
Valby - Valby Sydvest;2009K4;3999
Valby - Valby Sydvest;2010K1;4000
Valby - Valby Sydvest;2010K2;3990
Valby - Valby Sydvest;2010K3;4003
Valby - Valby Sydvest;2011K1;4045
Valby - Valby Sydvest;2011K2;4058
Valby - Valby Sydvest;2011K3;4049
Valby - Valby Sydvest;2011K4;4050
Valby - Valby Sydvest;2012K1;4081
Valby - Valby Sydvest;2012K2;4063
Valby - Valby Sydvest;2012K3;4093
Valby - Valby Sydvest;2012K4;4128
Valby - Valby Sydvest;2013K1;4101
Valby - Valby Sydvest;2013K2;4126
Valby - Valby Sydvest;2013K3;4107
Valby - Valby Sydvest;2013K4;4174
Valby - Valby Sydvest;2014K1;4161
Valby - Valby Sydvest;2014K2;4192
Valby - Valby Sydvest;2014K3;4232
Valby - Valby Sydvest;2014K4;4241
Valby - Valby Sydvest;2015K1;4227
Valby - Valby Sydvest;2015K2;4246
Valby - Valby Sydvest;2015K3;4211
Valby - Valby Sydvest;2015K4;4255
Valby - Valby Sydvest;2016K1;4284
Valby - Valby Sydvest;2016K2;4282
Valby - Valby Sydvest;2016K3;4291
Valby - Valby Sydvest;2016K4;4375
Valby - Valby Sydvest;2017K1;4383
Valby - Valby Sydvest;2017K2;4390
Valby - Valby Sydvest;2017K3;4410
Valby - Valby Sydvest;2017K4;4669
Valby - Valby Sydvest;2018K1;4902
Valby - Valby Sydvest;2018K2;4902
Valby - Valby Sydvest;2018K3;5042
Valby - Valby Sydvest;2018K4;5227
Valby - Valby Sydvest;2019K1;5392
Valby - Valby Sydvest;2019K2;5536
Valby - Valby Sydvest;2019K3;5664
Valby - Valby Sydvest;2019K4;5918
Valby - Valby Sydvest;2020K1;6189
Valby - Valby Sydvest;2020K2;6476
Valby - Valby Sydvest;2020K3;6673
Valby - Valby Sydvest;2020K4;6955
Valby - Valby Sydvest;2021K1;7236
Valby - Valby Sydvest;2021K2;7565
Valby - Valby Sydvest;2021K3;7746
Valby - Valby Sydvest;2021K4;7968
Valby - Valby Sydvest;2022K1;8200
Valby - Valby Sydvest;2022K2;8459
Valby - Valby Sydvest;2022K3;8516
Valby - Valby Sydvest;2022K4;8742
Valby - Valby Sydvest;2023K1;8808
Valby - Valby Sydvest;2023K2;8789
Valby - Valby Sydvest;2023K3;8685
Valby - Valby Sydvest;2023K4;8784
Valby - Valby Sydvest;2024K1;8772
Valby - Valby Sydvest;2024K2;8742
Valby - Valby Sydvest;2024K3;8694
Valby - Valby Sydvest;2024K4;9160
Valby - Valby Sydvest;2025K1;9257
Valby - Vigerslev;1998K1;4168
Valby - Vigerslev;1999K1;4176
Valby - Vigerslev;2000K1;4196
Valby - Vigerslev;2001K1;4199
Valby - Vigerslev;2002K1;4204
Valby - Vigerslev;2002K2;4216
Valby - Vigerslev;2002K3;4198
Valby - Vigerslev;2002K4;4224
Valby - Vigerslev;2003K1;4184
Valby - Vigerslev;2003K2;4169
Valby - Vigerslev;2003K3;4171
Valby - Vigerslev;2003K4;4186
Valby - Vigerslev;2004K1;4181
Valby - Vigerslev;2004K2;4156
Valby - Vigerslev;2004K3;4138
Valby - Vigerslev;2004K4;4165
Valby - Vigerslev;2005K1;4197
Valby - Vigerslev;2005K2;4183
Valby - Vigerslev;2005K3;4171
Valby - Vigerslev;2005K4;4199
Valby - Vigerslev;2006K1;4173
Valby - Vigerslev;2006K2;4143
Valby - Vigerslev;2006K3;4144
Valby - Vigerslev;2006K4;4185
Valby - Vigerslev;2007K1;4153
Valby - Vigerslev;2007K2;4119
Valby - Vigerslev;2007K3;4092
Valby - Vigerslev;2007K4;4107
Valby - Vigerslev;2008K1;4047
Valby - Vigerslev;2008K2;4063
Valby - Vigerslev;2008K3;4039
Valby - Vigerslev;2008K4;4056
Valby - Vigerslev;2009K1;4056
Valby - Vigerslev;2009K2;4092
Valby - Vigerslev;2009K3;4110
Valby - Vigerslev;2009K4;4139
Valby - Vigerslev;2010K1;4124
Valby - Vigerslev;2010K2;4107
Valby - Vigerslev;2010K3;4083
Valby - Vigerslev;2011K1;4011
Valby - Vigerslev;2011K2;4016
Valby - Vigerslev;2011K3;4003
Valby - Vigerslev;2011K4;4002
Valby - Vigerslev;2012K1;3987
Valby - Vigerslev;2012K2;4011
Valby - Vigerslev;2012K3;4055
Valby - Vigerslev;2012K4;4100
Valby - Vigerslev;2013K1;4091
Valby - Vigerslev;2013K2;4112
Valby - Vigerslev;2013K3;4135
Valby - Vigerslev;2013K4;4184
Valby - Vigerslev;2014K1;4203
Valby - Vigerslev;2014K2;4226
Valby - Vigerslev;2014K3;4216
Valby - Vigerslev;2014K4;4250
Valby - Vigerslev;2015K1;4262
Valby - Vigerslev;2015K2;4268
Valby - Vigerslev;2015K3;4243
Valby - Vigerslev;2015K4;4280
Valby - Vigerslev;2016K1;4257
Valby - Vigerslev;2016K2;4343
Valby - Vigerslev;2016K3;4330
Valby - Vigerslev;2016K4;4400
Valby - Vigerslev;2017K1;4432
Valby - Vigerslev;2017K2;4478
Valby - Vigerslev;2017K3;4409
Valby - Vigerslev;2017K4;4436
Valby - Vigerslev;2018K1;4426
Valby - Vigerslev;2018K2;4453
Valby - Vigerslev;2018K3;4421
Valby - Vigerslev;2018K4;4457
Valby - Vigerslev;2019K1;4462
Valby - Vigerslev;2019K2;4412
Valby - Vigerslev;2019K3;4492
Valby - Vigerslev;2019K4;4489
Valby - Vigerslev;2020K1;4472
Valby - Vigerslev;2020K2;4445
Valby - Vigerslev;2020K3;4464
Valby - Vigerslev;2020K4;4537
Valby - Vigerslev;2021K1;4488
Valby - Vigerslev;2021K2;4461
Valby - Vigerslev;2021K3;4418
Valby - Vigerslev;2021K4;4462
Valby - Vigerslev;2022K1;4449
Valby - Vigerslev;2022K2;4440
Valby - Vigerslev;2022K3;4407
Valby - Vigerslev;2022K4;4415
Valby - Vigerslev;2023K1;4372
Valby - Vigerslev;2023K2;4338
Valby - Vigerslev;2023K3;4264
Valby - Vigerslev;2023K4;4325
Valby - Vigerslev;2024K1;4310
Valby - Vigerslev;2024K2;4333
Valby - Vigerslev;2024K3;4297
Valby - Vigerslev;2024K4;4272
Valby - Vigerslev;2025K1;4230
Vanløse - Jyllingevej Kvarter;1998K1;5301
Vanløse - Jyllingevej Kvarter;1999K1;5334
Vanløse - Jyllingevej Kvarter;2000K1;5317
Vanløse - Jyllingevej Kvarter;2001K1;5383
Vanløse - Jyllingevej Kvarter;2002K1;5394
Vanløse - Jyllingevej Kvarter;2002K2;5379
Vanløse - Jyllingevej Kvarter;2002K3;5377
Vanløse - Jyllingevej Kvarter;2002K4;5378
Vanløse - Jyllingevej Kvarter;2003K1;5379
Vanløse - Jyllingevej Kvarter;2003K2;5371
Vanløse - Jyllingevej Kvarter;2003K3;5374
Vanløse - Jyllingevej Kvarter;2003K4;5366
Vanløse - Jyllingevej Kvarter;2004K1;5362
Vanløse - Jyllingevej Kvarter;2004K2;5354
Vanløse - Jyllingevej Kvarter;2004K3;5358
Vanløse - Jyllingevej Kvarter;2004K4;5391
Vanløse - Jyllingevej Kvarter;2005K1;5410
Vanløse - Jyllingevej Kvarter;2005K2;5431
Vanløse - Jyllingevej Kvarter;2005K3;5448
Vanløse - Jyllingevej Kvarter;2005K4;5435
Vanløse - Jyllingevej Kvarter;2006K1;5448
Vanløse - Jyllingevej Kvarter;2006K2;5428
Vanløse - Jyllingevej Kvarter;2006K3;5382
Vanløse - Jyllingevej Kvarter;2006K4;5366
Vanløse - Jyllingevej Kvarter;2007K1;5375
Vanløse - Jyllingevej Kvarter;2007K2;5366
Vanløse - Jyllingevej Kvarter;2007K3;5348
Vanløse - Jyllingevej Kvarter;2007K4;5314
Vanløse - Jyllingevej Kvarter;2008K1;5357
Vanløse - Jyllingevej Kvarter;2008K2;5371
Vanløse - Jyllingevej Kvarter;2008K3;5368
Vanløse - Jyllingevej Kvarter;2008K4;5420
Vanløse - Jyllingevej Kvarter;2009K1;5433
Vanløse - Jyllingevej Kvarter;2009K2;5403
Vanløse - Jyllingevej Kvarter;2009K3;5407
Vanløse - Jyllingevej Kvarter;2009K4;5459
Vanløse - Jyllingevej Kvarter;2010K1;5480
Vanløse - Jyllingevej Kvarter;2010K2;5466
Vanløse - Jyllingevej Kvarter;2010K3;5445
Vanløse - Jyllingevej Kvarter;2011K1;5456
Vanløse - Jyllingevej Kvarter;2011K2;5474
Vanløse - Jyllingevej Kvarter;2011K3;5479
Vanløse - Jyllingevej Kvarter;2011K4;5552
Vanløse - Jyllingevej Kvarter;2012K1;5538
Vanløse - Jyllingevej Kvarter;2012K2;5568
Vanløse - Jyllingevej Kvarter;2012K3;5547
Vanløse - Jyllingevej Kvarter;2012K4;5615
Vanløse - Jyllingevej Kvarter;2013K1;5641
Vanløse - Jyllingevej Kvarter;2013K2;5641
Vanløse - Jyllingevej Kvarter;2013K3;5617
Vanløse - Jyllingevej Kvarter;2013K4;5704
Vanløse - Jyllingevej Kvarter;2014K1;5707
Vanløse - Jyllingevej Kvarter;2014K2;5706
Vanløse - Jyllingevej Kvarter;2014K3;5645
Vanløse - Jyllingevej Kvarter;2014K4;5710
Vanløse - Jyllingevej Kvarter;2015K1;5698
Vanløse - Jyllingevej Kvarter;2015K2;5745
Vanløse - Jyllingevej Kvarter;2015K3;5740
Vanløse - Jyllingevej Kvarter;2015K4;5825
Vanløse - Jyllingevej Kvarter;2016K1;5873
Vanløse - Jyllingevej Kvarter;2016K2;5876
Vanløse - Jyllingevej Kvarter;2016K3;5857
Vanløse - Jyllingevej Kvarter;2016K4;5930
Vanløse - Jyllingevej Kvarter;2017K1;5894
Vanløse - Jyllingevej Kvarter;2017K2;5911
Vanløse - Jyllingevej Kvarter;2017K3;5904
Vanløse - Jyllingevej Kvarter;2017K4;6003
Vanløse - Jyllingevej Kvarter;2018K1;5972
Vanløse - Jyllingevej Kvarter;2018K2;6005
Vanløse - Jyllingevej Kvarter;2018K3;6014
Vanløse - Jyllingevej Kvarter;2018K4;6042
Vanløse - Jyllingevej Kvarter;2019K1;5996
Vanløse - Jyllingevej Kvarter;2019K2;5978
Vanløse - Jyllingevej Kvarter;2019K3;5961
Vanløse - Jyllingevej Kvarter;2019K4;6002
Vanløse - Jyllingevej Kvarter;2020K1;6014
Vanløse - Jyllingevej Kvarter;2020K2;6045
Vanløse - Jyllingevej Kvarter;2020K3;5997
Vanløse - Jyllingevej Kvarter;2020K4;6018
Vanløse - Jyllingevej Kvarter;2021K1;5955
Vanløse - Jyllingevej Kvarter;2021K2;5913
Vanløse - Jyllingevej Kvarter;2021K3;5883
Vanløse - Jyllingevej Kvarter;2021K4;5913
Vanløse - Jyllingevej Kvarter;2022K1;5901
Vanløse - Jyllingevej Kvarter;2022K2;5943
Vanløse - Jyllingevej Kvarter;2022K3;5972
Vanløse - Jyllingevej Kvarter;2022K4;5993
Vanløse - Jyllingevej Kvarter;2023K1;5956
Vanløse - Jyllingevej Kvarter;2023K2;5968
Vanløse - Jyllingevej Kvarter;2023K3;5922
Vanløse - Jyllingevej Kvarter;2023K4;5996
Vanløse - Jyllingevej Kvarter;2024K1;6006
Vanløse - Jyllingevej Kvarter;2024K2;5979
Vanløse - Jyllingevej Kvarter;2024K3;6018
Vanløse - Jyllingevej Kvarter;2024K4;6048
Vanløse - Jyllingevej Kvarter;2025K1;6033
Vanløse - Jernbane Allé Kvarter;1998K1;8040
Vanløse - Jernbane Allé Kvarter;1999K1;7958
Vanløse - Jernbane Allé Kvarter;2000K1;7975
Vanløse - Jernbane Allé Kvarter;2001K1;7995
Vanløse - Jernbane Allé Kvarter;2002K1;8087
Vanløse - Jernbane Allé Kvarter;2002K2;8063
Vanløse - Jernbane Allé Kvarter;2002K3;8016
Vanløse - Jernbane Allé Kvarter;2002K4;8095
Vanløse - Jernbane Allé Kvarter;2003K1;8056
Vanløse - Jernbane Allé Kvarter;2003K2;8025
Vanløse - Jernbane Allé Kvarter;2003K3;8045
Vanløse - Jernbane Allé Kvarter;2003K4;8069
Vanløse - Jernbane Allé Kvarter;2004K1;8101
Vanløse - Jernbane Allé Kvarter;2004K2;8113
Vanløse - Jernbane Allé Kvarter;2004K3;8066
Vanløse - Jernbane Allé Kvarter;2004K4;8074
Vanløse - Jernbane Allé Kvarter;2005K1;8110
Vanløse - Jernbane Allé Kvarter;2005K2;8122
Vanløse - Jernbane Allé Kvarter;2005K3;8091
Vanløse - Jernbane Allé Kvarter;2005K4;8071
Vanløse - Jernbane Allé Kvarter;2006K1;8022
Vanløse - Jernbane Allé Kvarter;2006K2;8025
Vanløse - Jernbane Allé Kvarter;2006K3;8002
Vanløse - Jernbane Allé Kvarter;2006K4;7991
Vanløse - Jernbane Allé Kvarter;2007K1;7961
Vanløse - Jernbane Allé Kvarter;2007K2;7959
Vanløse - Jernbane Allé Kvarter;2007K3;7978
Vanløse - Jernbane Allé Kvarter;2007K4;8044
Vanløse - Jernbane Allé Kvarter;2008K1;8004
Vanløse - Jernbane Allé Kvarter;2008K2;7983
Vanløse - Jernbane Allé Kvarter;2008K3;7884
Vanløse - Jernbane Allé Kvarter;2008K4;7902
Vanløse - Jernbane Allé Kvarter;2009K1;7901
Vanløse - Jernbane Allé Kvarter;2009K2;7951
Vanløse - Jernbane Allé Kvarter;2009K3;7952
Vanløse - Jernbane Allé Kvarter;2009K4;7956
Vanløse - Jernbane Allé Kvarter;2010K1;7968
Vanløse - Jernbane Allé Kvarter;2010K2;8020
Vanløse - Jernbane Allé Kvarter;2010K3;8017
Vanløse - Jernbane Allé Kvarter;2011K1;8146
Vanløse - Jernbane Allé Kvarter;2011K2;8182
Vanløse - Jernbane Allé Kvarter;2011K3;8188
Vanløse - Jernbane Allé Kvarter;2011K4;8290
Vanløse - Jernbane Allé Kvarter;2012K1;8327
Vanløse - Jernbane Allé Kvarter;2012K2;8338
Vanløse - Jernbane Allé Kvarter;2012K3;8312
Vanløse - Jernbane Allé Kvarter;2012K4;8425
Vanløse - Jernbane Allé Kvarter;2013K1;8429
Vanløse - Jernbane Allé Kvarter;2013K2;8438
Vanløse - Jernbane Allé Kvarter;2013K3;8420
Vanløse - Jernbane Allé Kvarter;2013K4;8536
Vanløse - Jernbane Allé Kvarter;2014K1;8519
Vanløse - Jernbane Allé Kvarter;2014K2;8560
Vanløse - Jernbane Allé Kvarter;2014K3;8491
Vanløse - Jernbane Allé Kvarter;2014K4;8550
Vanløse - Jernbane Allé Kvarter;2015K1;8563
Vanløse - Jernbane Allé Kvarter;2015K2;8579
Vanløse - Jernbane Allé Kvarter;2015K3;8588
Vanløse - Jernbane Allé Kvarter;2015K4;8709
Vanløse - Jernbane Allé Kvarter;2016K1;8691
Vanløse - Jernbane Allé Kvarter;2016K2;8751
Vanløse - Jernbane Allé Kvarter;2016K3;8705
Vanløse - Jernbane Allé Kvarter;2016K4;8770
Vanløse - Jernbane Allé Kvarter;2017K1;8777
Vanløse - Jernbane Allé Kvarter;2017K2;8795
Vanløse - Jernbane Allé Kvarter;2017K3;8737
Vanløse - Jernbane Allé Kvarter;2017K4;8808
Vanløse - Jernbane Allé Kvarter;2018K1;8878
Vanløse - Jernbane Allé Kvarter;2018K2;8980
Vanløse - Jernbane Allé Kvarter;2018K3;8932
Vanløse - Jernbane Allé Kvarter;2018K4;8974
Vanløse - Jernbane Allé Kvarter;2019K1;9025
Vanløse - Jernbane Allé Kvarter;2019K2;8974
Vanløse - Jernbane Allé Kvarter;2019K3;8963
Vanløse - Jernbane Allé Kvarter;2019K4;8985
Vanløse - Jernbane Allé Kvarter;2020K1;8961
Vanløse - Jernbane Allé Kvarter;2020K2;8962
Vanløse - Jernbane Allé Kvarter;2020K3;8871
Vanløse - Jernbane Allé Kvarter;2020K4;8933
Vanløse - Jernbane Allé Kvarter;2021K1;8875
Vanløse - Jernbane Allé Kvarter;2021K2;8824
Vanløse - Jernbane Allé Kvarter;2021K3;8843
Vanløse - Jernbane Allé Kvarter;2021K4;8990
Vanløse - Jernbane Allé Kvarter;2022K1;9025
Vanløse - Jernbane Allé Kvarter;2022K2;8985
Vanløse - Jernbane Allé Kvarter;2022K3;8962
Vanløse - Jernbane Allé Kvarter;2022K4;9016
Vanløse - Jernbane Allé Kvarter;2023K1;9010
Vanløse - Jernbane Allé Kvarter;2023K2;9005
Vanløse - Jernbane Allé Kvarter;2023K3;8956
Vanløse - Jernbane Allé Kvarter;2023K4;8985
Vanløse - Jernbane Allé Kvarter;2024K1;9000
Vanløse - Jernbane Allé Kvarter;2024K2;9035
Vanløse - Jernbane Allé Kvarter;2024K3;9023
Vanløse - Jernbane Allé Kvarter;2024K4;9021
Vanløse - Jernbane Allé Kvarter;2025K1;8999
Vanløse - Sallingvej Kvarter;1998K1;5549
Vanløse - Sallingvej Kvarter;1999K1;5555
Vanløse - Sallingvej Kvarter;2000K1;5589
Vanløse - Sallingvej Kvarter;2001K1;5585
Vanløse - Sallingvej Kvarter;2002K1;5548
Vanløse - Sallingvej Kvarter;2002K2;5517
Vanløse - Sallingvej Kvarter;2002K3;5518
Vanløse - Sallingvej Kvarter;2002K4;5533
Vanløse - Sallingvej Kvarter;2003K1;5512
Vanløse - Sallingvej Kvarter;2003K2;5507
Vanløse - Sallingvej Kvarter;2003K3;5495
Vanløse - Sallingvej Kvarter;2003K4;5512
Vanløse - Sallingvej Kvarter;2004K1;5515
Vanløse - Sallingvej Kvarter;2004K2;5517
Vanløse - Sallingvej Kvarter;2004K3;5464
Vanløse - Sallingvej Kvarter;2004K4;5507
Vanløse - Sallingvej Kvarter;2005K1;5507
Vanløse - Sallingvej Kvarter;2005K2;5467
Vanløse - Sallingvej Kvarter;2005K3;5436
Vanløse - Sallingvej Kvarter;2005K4;5409
Vanløse - Sallingvej Kvarter;2006K1;5384
Vanløse - Sallingvej Kvarter;2006K2;5359
Vanløse - Sallingvej Kvarter;2006K3;5300
Vanløse - Sallingvej Kvarter;2006K4;5296
Vanløse - Sallingvej Kvarter;2007K1;5293
Vanløse - Sallingvej Kvarter;2007K2;5282
Vanløse - Sallingvej Kvarter;2007K3;5292
Vanløse - Sallingvej Kvarter;2007K4;5319
Vanløse - Sallingvej Kvarter;2008K1;5339
Vanløse - Sallingvej Kvarter;2008K2;5346
Vanløse - Sallingvej Kvarter;2008K3;5301
Vanløse - Sallingvej Kvarter;2008K4;5313
Vanløse - Sallingvej Kvarter;2009K1;5330
Vanløse - Sallingvej Kvarter;2009K2;5355
Vanløse - Sallingvej Kvarter;2009K3;5352
Vanløse - Sallingvej Kvarter;2009K4;5413
Vanløse - Sallingvej Kvarter;2010K1;5468
Vanløse - Sallingvej Kvarter;2010K2;5480
Vanløse - Sallingvej Kvarter;2010K3;5484
Vanløse - Sallingvej Kvarter;2011K1;5539
Vanløse - Sallingvej Kvarter;2011K2;5570
Vanløse - Sallingvej Kvarter;2011K3;5556
Vanløse - Sallingvej Kvarter;2011K4;5606
Vanløse - Sallingvej Kvarter;2012K1;5627
Vanløse - Sallingvej Kvarter;2012K2;5636
Vanløse - Sallingvej Kvarter;2012K3;5624
Vanløse - Sallingvej Kvarter;2012K4;5646
Vanløse - Sallingvej Kvarter;2013K1;5641
Vanløse - Sallingvej Kvarter;2013K2;5701
Vanløse - Sallingvej Kvarter;2013K3;5641
Vanløse - Sallingvej Kvarter;2013K4;5701
Vanløse - Sallingvej Kvarter;2014K1;5741
Vanløse - Sallingvej Kvarter;2014K2;5741
Vanløse - Sallingvej Kvarter;2014K3;5682
Vanløse - Sallingvej Kvarter;2014K4;5757
Vanløse - Sallingvej Kvarter;2015K1;5744
Vanløse - Sallingvej Kvarter;2015K2;5771
Vanløse - Sallingvej Kvarter;2015K3;5749
Vanløse - Sallingvej Kvarter;2015K4;5834
Vanløse - Sallingvej Kvarter;2016K1;5860
Vanløse - Sallingvej Kvarter;2016K2;5827
Vanløse - Sallingvej Kvarter;2016K3;5837
Vanløse - Sallingvej Kvarter;2016K4;5889
Vanløse - Sallingvej Kvarter;2017K1;5935
Vanløse - Sallingvej Kvarter;2017K2;5902
Vanløse - Sallingvej Kvarter;2017K3;5876
Vanløse - Sallingvej Kvarter;2017K4;5923
Vanløse - Sallingvej Kvarter;2018K1;5930
Vanløse - Sallingvej Kvarter;2018K2;5919
Vanløse - Sallingvej Kvarter;2018K3;5936
Vanløse - Sallingvej Kvarter;2018K4;5949
Vanløse - Sallingvej Kvarter;2019K1;5934
Vanløse - Sallingvej Kvarter;2019K2;5894
Vanløse - Sallingvej Kvarter;2019K3;5857
Vanløse - Sallingvej Kvarter;2019K4;5894
Vanløse - Sallingvej Kvarter;2020K1;5900
Vanløse - Sallingvej Kvarter;2020K2;5886
Vanløse - Sallingvej Kvarter;2020K3;5870
Vanløse - Sallingvej Kvarter;2020K4;5911
Vanløse - Sallingvej Kvarter;2021K1;5874
Vanløse - Sallingvej Kvarter;2021K2;5825
Vanløse - Sallingvej Kvarter;2021K3;5804
Vanløse - Sallingvej Kvarter;2021K4;5783
Vanløse - Sallingvej Kvarter;2022K1;5777
Vanløse - Sallingvej Kvarter;2022K2;5800
Vanløse - Sallingvej Kvarter;2022K3;5707
Vanløse - Sallingvej Kvarter;2022K4;5711
Vanløse - Sallingvej Kvarter;2023K1;5702
Vanløse - Sallingvej Kvarter;2023K2;5738
Vanløse - Sallingvej Kvarter;2023K3;5713
Vanløse - Sallingvej Kvarter;2023K4;5718
Vanløse - Sallingvej Kvarter;2024K1;5720
Vanløse - Sallingvej Kvarter;2024K2;5768
Vanløse - Sallingvej Kvarter;2024K3;5752
Vanløse - Sallingvej Kvarter;2024K4;5754
Vanløse - Sallingvej Kvarter;2025K1;5754
Vanløse - Grøndals Park Kvarter;1998K1;2687
Vanløse - Grøndals Park Kvarter;1999K1;2673
Vanløse - Grøndals Park Kvarter;2000K1;2681
Vanløse - Grøndals Park Kvarter;2001K1;2651
Vanløse - Grøndals Park Kvarter;2002K1;2644
Vanløse - Grøndals Park Kvarter;2002K2;2661
Vanløse - Grøndals Park Kvarter;2002K3;2669
Vanløse - Grøndals Park Kvarter;2002K4;2679
Vanløse - Grøndals Park Kvarter;2003K1;2686
Vanløse - Grøndals Park Kvarter;2003K2;2690
Vanløse - Grøndals Park Kvarter;2003K3;2667
Vanløse - Grøndals Park Kvarter;2003K4;2665
Vanløse - Grøndals Park Kvarter;2004K1;2657
Vanløse - Grøndals Park Kvarter;2004K2;2612
Vanløse - Grøndals Park Kvarter;2004K3;2604
Vanløse - Grøndals Park Kvarter;2004K4;2591
Vanløse - Grøndals Park Kvarter;2005K1;2595
Vanløse - Grøndals Park Kvarter;2005K2;2587
Vanløse - Grøndals Park Kvarter;2005K3;2585
Vanløse - Grøndals Park Kvarter;2005K4;2613
Vanløse - Grøndals Park Kvarter;2006K1;2601
Vanløse - Grøndals Park Kvarter;2006K2;2588
Vanløse - Grøndals Park Kvarter;2006K3;2575
Vanløse - Grøndals Park Kvarter;2006K4;2594
Vanløse - Grøndals Park Kvarter;2007K1;2592
Vanløse - Grøndals Park Kvarter;2007K2;2578
Vanløse - Grøndals Park Kvarter;2007K3;2572
Vanløse - Grøndals Park Kvarter;2007K4;2580
Vanløse - Grøndals Park Kvarter;2008K1;2561
Vanløse - Grøndals Park Kvarter;2008K2;2577
Vanløse - Grøndals Park Kvarter;2008K3;2562
Vanløse - Grøndals Park Kvarter;2008K4;2572
Vanløse - Grøndals Park Kvarter;2009K1;2575
Vanløse - Grøndals Park Kvarter;2009K2;2582
Vanløse - Grøndals Park Kvarter;2009K3;2564
Vanløse - Grøndals Park Kvarter;2009K4;2576
Vanløse - Grøndals Park Kvarter;2010K1;2577
Vanløse - Grøndals Park Kvarter;2010K2;2604
Vanløse - Grøndals Park Kvarter;2010K3;2579
Vanløse - Grøndals Park Kvarter;2011K1;2624
Vanløse - Grøndals Park Kvarter;2011K2;2618
Vanløse - Grøndals Park Kvarter;2011K3;2616
Vanløse - Grøndals Park Kvarter;2011K4;2627
Vanløse - Grøndals Park Kvarter;2012K1;2684
Vanløse - Grøndals Park Kvarter;2012K2;2701
Vanløse - Grøndals Park Kvarter;2012K3;2751
Vanløse - Grøndals Park Kvarter;2012K4;2764
Vanløse - Grøndals Park Kvarter;2013K1;2775
Vanløse - Grøndals Park Kvarter;2013K2;2772
Vanløse - Grøndals Park Kvarter;2013K3;2778
Vanløse - Grøndals Park Kvarter;2013K4;2806
Vanløse - Grøndals Park Kvarter;2014K1;2821
Vanløse - Grøndals Park Kvarter;2014K2;2821
Vanløse - Grøndals Park Kvarter;2014K3;2798
Vanløse - Grøndals Park Kvarter;2014K4;2812
Vanløse - Grøndals Park Kvarter;2015K1;2818
Vanløse - Grøndals Park Kvarter;2015K2;2853
Vanløse - Grøndals Park Kvarter;2015K3;2837
Vanløse - Grøndals Park Kvarter;2015K4;2864
Vanløse - Grøndals Park Kvarter;2016K1;2871
Vanløse - Grøndals Park Kvarter;2016K2;2881
Vanløse - Grøndals Park Kvarter;2016K3;2880
Vanløse - Grøndals Park Kvarter;2016K4;2905
Vanløse - Grøndals Park Kvarter;2017K1;2895
Vanløse - Grøndals Park Kvarter;2017K2;2886
Vanløse - Grøndals Park Kvarter;2017K3;2864
Vanløse - Grøndals Park Kvarter;2017K4;2885
Vanløse - Grøndals Park Kvarter;2018K1;2896
Vanløse - Grøndals Park Kvarter;2018K2;2895
Vanløse - Grøndals Park Kvarter;2018K3;2866
Vanløse - Grøndals Park Kvarter;2018K4;2894
Vanløse - Grøndals Park Kvarter;2019K1;2879
Vanløse - Grøndals Park Kvarter;2019K2;2869
Vanløse - Grøndals Park Kvarter;2019K3;2871
Vanløse - Grøndals Park Kvarter;2019K4;2882
Vanløse - Grøndals Park Kvarter;2020K1;2953
Vanløse - Grøndals Park Kvarter;2020K2;2989
Vanløse - Grøndals Park Kvarter;2020K3;2998
Vanløse - Grøndals Park Kvarter;2020K4;2980
Vanløse - Grøndals Park Kvarter;2021K1;2985
Vanløse - Grøndals Park Kvarter;2021K2;2973
Vanløse - Grøndals Park Kvarter;2021K3;2957
Vanløse - Grøndals Park Kvarter;2021K4;2953
Vanløse - Grøndals Park Kvarter;2022K1;2950
Vanløse - Grøndals Park Kvarter;2022K2;2918
Vanløse - Grøndals Park Kvarter;2022K3;2926
Vanløse - Grøndals Park Kvarter;2022K4;2949
Vanløse - Grøndals Park Kvarter;2023K1;2951
Vanløse - Grøndals Park Kvarter;2023K2;2972
Vanløse - Grøndals Park Kvarter;2023K3;2977
Vanløse - Grøndals Park Kvarter;2023K4;2975
Vanløse - Grøndals Park Kvarter;2024K1;2956
Vanløse - Grøndals Park Kvarter;2024K2;2922
Vanløse - Grøndals Park Kvarter;2024K3;2930
Vanløse - Grøndals Park Kvarter;2024K4;2948
Vanløse - Grøndals Park Kvarter;2025K1;2932
Brønshøj-Husum - Husum;1998K1;7628
Brønshøj-Husum - Husum;1999K1;7623
Brønshøj-Husum - Husum;2000K1;7644
Brønshøj-Husum - Husum;2001K1;7679
Brønshøj-Husum - Husum;2002K1;7691
Brønshøj-Husum - Husum;2002K2;7660
Brønshøj-Husum - Husum;2002K3;7679
Brønshøj-Husum - Husum;2002K4;7674
Brønshøj-Husum - Husum;2003K1;7642
Brønshøj-Husum - Husum;2003K2;7669
Brønshøj-Husum - Husum;2003K3;7638
Brønshøj-Husum - Husum;2003K4;7620
Brønshøj-Husum - Husum;2004K1;7622
Brønshøj-Husum - Husum;2004K2;7605
Brønshøj-Husum - Husum;2004K3;7587
Brønshøj-Husum - Husum;2004K4;7610
Brønshøj-Husum - Husum;2005K1;7623
Brønshøj-Husum - Husum;2005K2;7606
Brønshøj-Husum - Husum;2005K3;7574
Brønshøj-Husum - Husum;2005K4;7558
Brønshøj-Husum - Husum;2006K1;7550
Brønshøj-Husum - Husum;2006K2;7528
Brønshøj-Husum - Husum;2006K3;7496
Brønshøj-Husum - Husum;2006K4;7450
Brønshøj-Husum - Husum;2007K1;7363
Brønshøj-Husum - Husum;2007K2;7340
Brønshøj-Husum - Husum;2007K3;7353
Brønshøj-Husum - Husum;2007K4;7419
Brønshøj-Husum - Husum;2008K1;7437
Brønshøj-Husum - Husum;2008K2;7441
Brønshøj-Husum - Husum;2008K3;7414
Brønshøj-Husum - Husum;2008K4;7475
Brønshøj-Husum - Husum;2009K1;7493
Brønshøj-Husum - Husum;2009K2;7511
Brønshøj-Husum - Husum;2009K3;7520
Brønshøj-Husum - Husum;2009K4;7542
Brønshøj-Husum - Husum;2010K1;7540
Brønshøj-Husum - Husum;2010K2;7556
Brønshøj-Husum - Husum;2010K3;7570
Brønshøj-Husum - Husum;2011K1;7722
Brønshøj-Husum - Husum;2011K2;7658
Brønshøj-Husum - Husum;2011K3;7605
Brønshøj-Husum - Husum;2011K4;7722
Brønshøj-Husum - Husum;2012K1;7760
Brønshøj-Husum - Husum;2012K2;7777
Brønshøj-Husum - Husum;2012K3;7776
Brønshøj-Husum - Husum;2012K4;7894
Brønshøj-Husum - Husum;2013K1;7877
Brønshøj-Husum - Husum;2013K2;7939
Brønshøj-Husum - Husum;2013K3;7921
Brønshøj-Husum - Husum;2013K4;8042
Brønshøj-Husum - Husum;2014K1;8096
Brønshøj-Husum - Husum;2014K2;8147
Brønshøj-Husum - Husum;2014K3;8094
Brønshøj-Husum - Husum;2014K4;8223
Brønshøj-Husum - Husum;2015K1;8199
Brønshøj-Husum - Husum;2015K2;8233
Brønshøj-Husum - Husum;2015K3;8252
Brønshøj-Husum - Husum;2015K4;8285
Brønshøj-Husum - Husum;2016K1;8324
Brønshøj-Husum - Husum;2016K2;8287
Brønshøj-Husum - Husum;2016K3;8268
Brønshøj-Husum - Husum;2016K4;8359
Brønshøj-Husum - Husum;2017K1;8349
Brønshøj-Husum - Husum;2017K2;8397
Brønshøj-Husum - Husum;2017K3;8326
Brønshøj-Husum - Husum;2017K4;8367
Brønshøj-Husum - Husum;2018K1;8352
Brønshøj-Husum - Husum;2018K2;8303
Brønshøj-Husum - Husum;2018K3;8331
Brønshøj-Husum - Husum;2018K4;8444
Brønshøj-Husum - Husum;2019K1;8401
Brønshøj-Husum - Husum;2019K2;8409
Brønshøj-Husum - Husum;2019K3;8385
Brønshøj-Husum - Husum;2019K4;8404
Brønshøj-Husum - Husum;2020K1;8426
Brønshøj-Husum - Husum;2020K2;8377
Brønshøj-Husum - Husum;2020K3;8351
Brønshøj-Husum - Husum;2020K4;8430
Brønshøj-Husum - Husum;2021K1;8377
Brønshøj-Husum - Husum;2021K2;8340
Brønshøj-Husum - Husum;2021K3;8322
Brønshøj-Husum - Husum;2021K4;8324
Brønshøj-Husum - Husum;2022K1;8339
Brønshøj-Husum - Husum;2022K2;8316
Brønshøj-Husum - Husum;2022K3;8277
Brønshøj-Husum - Husum;2022K4;8318
Brønshøj-Husum - Husum;2023K1;8304
Brønshøj-Husum - Husum;2023K2;8374
Brønshøj-Husum - Husum;2023K3;8365
Brønshøj-Husum - Husum;2023K4;8407
Brønshøj-Husum - Husum;2024K1;8334
Brønshøj-Husum - Husum;2024K2;8319
Brønshøj-Husum - Husum;2024K3;8312
Brønshøj-Husum - Husum;2024K4;8306
Brønshøj-Husum - Husum;2025K1;8316
Brønshøj-Husum - Husum Nord;1998K1;4353
Brønshøj-Husum - Husum Nord;1999K1;4333
Brønshøj-Husum - Husum Nord;2000K1;4319
Brønshøj-Husum - Husum Nord;2001K1;4207
Brønshøj-Husum - Husum Nord;2002K1;4274
Brønshøj-Husum - Husum Nord;2002K2;4284
Brønshøj-Husum - Husum Nord;2002K3;4255
Brønshøj-Husum - Husum Nord;2002K4;4303
Brønshøj-Husum - Husum Nord;2003K1;4265
Brønshøj-Husum - Husum Nord;2003K2;4239
Brønshøj-Husum - Husum Nord;2003K3;4276
Brønshøj-Husum - Husum Nord;2003K4;4290
Brønshøj-Husum - Husum Nord;2004K1;4271
Brønshøj-Husum - Husum Nord;2004K2;4266
Brønshøj-Husum - Husum Nord;2004K3;4263
Brønshøj-Husum - Husum Nord;2004K4;4293
Brønshøj-Husum - Husum Nord;2005K1;4290
Brønshøj-Husum - Husum Nord;2005K2;4269
Brønshøj-Husum - Husum Nord;2005K3;4251
Brønshøj-Husum - Husum Nord;2005K4;4267
Brønshøj-Husum - Husum Nord;2006K1;4266
Brønshøj-Husum - Husum Nord;2006K2;4248
Brønshøj-Husum - Husum Nord;2006K3;4246
Brønshøj-Husum - Husum Nord;2006K4;4284
Brønshøj-Husum - Husum Nord;2007K1;4305
Brønshøj-Husum - Husum Nord;2007K2;4282
Brønshøj-Husum - Husum Nord;2007K3;4294
Brønshøj-Husum - Husum Nord;2007K4;4277
Brønshøj-Husum - Husum Nord;2008K1;4282
Brønshøj-Husum - Husum Nord;2008K2;4314
Brønshøj-Husum - Husum Nord;2008K3;4318
Brønshøj-Husum - Husum Nord;2008K4;4342
Brønshøj-Husum - Husum Nord;2009K1;4340
Brønshøj-Husum - Husum Nord;2009K2;4374
Brønshøj-Husum - Husum Nord;2009K3;4382
Brønshøj-Husum - Husum Nord;2009K4;4409
Brønshøj-Husum - Husum Nord;2010K1;4409
Brønshøj-Husum - Husum Nord;2010K2;4398
Brønshøj-Husum - Husum Nord;2010K3;4348
Brønshøj-Husum - Husum Nord;2011K1;4368
Brønshøj-Husum - Husum Nord;2011K2;4368
Brønshøj-Husum - Husum Nord;2011K3;4443
Brønshøj-Husum - Husum Nord;2011K4;4519
Brønshøj-Husum - Husum Nord;2012K1;4519
Brønshøj-Husum - Husum Nord;2012K2;4525
Brønshøj-Husum - Husum Nord;2012K3;4559
Brønshøj-Husum - Husum Nord;2012K4;4590
Brønshøj-Husum - Husum Nord;2013K1;4581
Brønshøj-Husum - Husum Nord;2013K2;4587
Brønshøj-Husum - Husum Nord;2013K3;4613
Brønshøj-Husum - Husum Nord;2013K4;4623
Brønshøj-Husum - Husum Nord;2014K1;4617
Brønshøj-Husum - Husum Nord;2014K2;4634
Brønshøj-Husum - Husum Nord;2014K3;4660
Brønshøj-Husum - Husum Nord;2014K4;4729
Brønshøj-Husum - Husum Nord;2015K1;4728
Brønshøj-Husum - Husum Nord;2015K2;4708
Brønshøj-Husum - Husum Nord;2015K3;4729
Brønshøj-Husum - Husum Nord;2015K4;4786
Brønshøj-Husum - Husum Nord;2016K1;4848
Brønshøj-Husum - Husum Nord;2016K2;4857
Brønshøj-Husum - Husum Nord;2016K3;4861
Brønshøj-Husum - Husum Nord;2016K4;4923
Brønshøj-Husum - Husum Nord;2017K1;4882
Brønshøj-Husum - Husum Nord;2017K2;4884
Brønshøj-Husum - Husum Nord;2017K3;4906
Brønshøj-Husum - Husum Nord;2017K4;4918
Brønshøj-Husum - Husum Nord;2018K1;4867
Brønshøj-Husum - Husum Nord;2018K2;4839
Brønshøj-Husum - Husum Nord;2018K3;4807
Brønshøj-Husum - Husum Nord;2018K4;4806
Brønshøj-Husum - Husum Nord;2019K1;4813
Brønshøj-Husum - Husum Nord;2019K2;4838
Brønshøj-Husum - Husum Nord;2019K3;4778
Brønshøj-Husum - Husum Nord;2019K4;4775
Brønshøj-Husum - Husum Nord;2020K1;4740
Brønshøj-Husum - Husum Nord;2020K2;4709
Brønshøj-Husum - Husum Nord;2020K3;4670
Brønshøj-Husum - Husum Nord;2020K4;4677
Brønshøj-Husum - Husum Nord;2021K1;4674
Brønshøj-Husum - Husum Nord;2021K2;4644
Brønshøj-Husum - Husum Nord;2021K3;4633
Brønshøj-Husum - Husum Nord;2021K4;4680
Brønshøj-Husum - Husum Nord;2022K1;4693
Brønshøj-Husum - Husum Nord;2022K2;4657
Brønshøj-Husum - Husum Nord;2022K3;4689
Brønshøj-Husum - Husum Nord;2022K4;4686
Brønshøj-Husum - Husum Nord;2023K1;4671
Brønshøj-Husum - Husum Nord;2023K2;4664
Brønshøj-Husum - Husum Nord;2023K3;4740
Brønshøj-Husum - Husum Nord;2023K4;5064
Brønshøj-Husum - Husum Nord;2024K1;5092
Brønshøj-Husum - Husum Nord;2024K2;5033
Brønshøj-Husum - Husum Nord;2024K3;5038
Brønshøj-Husum - Husum Nord;2024K4;5081
Brønshøj-Husum - Husum Nord;2025K1;5057
Brønshøj-Husum - Tingbjerg;1998K1;2288
Brønshøj-Husum - Tingbjerg;1999K1;2347
Brønshøj-Husum - Tingbjerg;2000K1;2366
Brønshøj-Husum - Tingbjerg;2001K1;2396
Brønshøj-Husum - Tingbjerg;2002K1;2384
Brønshøj-Husum - Tingbjerg;2002K2;2389
Brønshøj-Husum - Tingbjerg;2002K3;2372
Brønshøj-Husum - Tingbjerg;2002K4;2389
Brønshøj-Husum - Tingbjerg;2003K1;2376
Brønshøj-Husum - Tingbjerg;2003K2;2387
Brønshøj-Husum - Tingbjerg;2003K3;2394
Brønshøj-Husum - Tingbjerg;2003K4;2387
Brønshøj-Husum - Tingbjerg;2004K1;2384
Brønshøj-Husum - Tingbjerg;2004K2;2385
Brønshøj-Husum - Tingbjerg;2004K3;2389
Brønshøj-Husum - Tingbjerg;2004K4;2410
Brønshøj-Husum - Tingbjerg;2005K1;2412
Brønshøj-Husum - Tingbjerg;2005K2;2427
Brønshøj-Husum - Tingbjerg;2005K3;2391
Brønshøj-Husum - Tingbjerg;2005K4;2403
Brønshøj-Husum - Tingbjerg;2006K1;2386
Brønshøj-Husum - Tingbjerg;2006K2;2394
Brønshøj-Husum - Tingbjerg;2006K3;2375
Brønshøj-Husum - Tingbjerg;2006K4;2354
Brønshøj-Husum - Tingbjerg;2007K1;2365
Brønshøj-Husum - Tingbjerg;2007K2;2367
Brønshøj-Husum - Tingbjerg;2007K3;2338
Brønshøj-Husum - Tingbjerg;2007K4;2354
Brønshøj-Husum - Tingbjerg;2008K1;2335
Brønshøj-Husum - Tingbjerg;2008K2;2293
Brønshøj-Husum - Tingbjerg;2008K3;2265
Brønshøj-Husum - Tingbjerg;2008K4;2296
Brønshøj-Husum - Tingbjerg;2009K1;2279
Brønshøj-Husum - Tingbjerg;2009K2;2310
Brønshøj-Husum - Tingbjerg;2009K3;2292
Brønshøj-Husum - Tingbjerg;2009K4;2307
Brønshøj-Husum - Tingbjerg;2010K1;2332
Brønshøj-Husum - Tingbjerg;2010K2;2355
Brønshøj-Husum - Tingbjerg;2010K3;2283
Brønshøj-Husum - Tingbjerg;2011K1;2327
Brønshøj-Husum - Tingbjerg;2011K2;2311
Brønshøj-Husum - Tingbjerg;2011K3;2319
Brønshøj-Husum - Tingbjerg;2011K4;2383
Brønshøj-Husum - Tingbjerg;2012K1;2427
Brønshøj-Husum - Tingbjerg;2012K2;2435
Brønshøj-Husum - Tingbjerg;2012K3;2423
Brønshøj-Husum - Tingbjerg;2012K4;2521
Brønshøj-Husum - Tingbjerg;2013K1;2536
Brønshøj-Husum - Tingbjerg;2013K2;2529
Brønshøj-Husum - Tingbjerg;2013K3;2524
Brønshøj-Husum - Tingbjerg;2013K4;2577
Brønshøj-Husum - Tingbjerg;2014K1;2573
Brønshøj-Husum - Tingbjerg;2014K2;2571
Brønshøj-Husum - Tingbjerg;2014K3;2558
Brønshøj-Husum - Tingbjerg;2014K4;2633
Brønshøj-Husum - Tingbjerg;2015K1;2633
Brønshøj-Husum - Tingbjerg;2015K2;2643
Brønshøj-Husum - Tingbjerg;2015K3;2594
Brønshøj-Husum - Tingbjerg;2015K4;2639
Brønshøj-Husum - Tingbjerg;2016K1;2610
Brønshøj-Husum - Tingbjerg;2016K2;2641
Brønshøj-Husum - Tingbjerg;2016K3;2578
Brønshøj-Husum - Tingbjerg;2016K4;2626
Brønshøj-Husum - Tingbjerg;2017K1;2570
Brønshøj-Husum - Tingbjerg;2017K2;2565
Brønshøj-Husum - Tingbjerg;2017K3;2517
Brønshøj-Husum - Tingbjerg;2017K4;2544
Brønshøj-Husum - Tingbjerg;2018K1;2582
Brønshøj-Husum - Tingbjerg;2018K2;2594
Brønshøj-Husum - Tingbjerg;2018K3;2569
Brønshøj-Husum - Tingbjerg;2018K4;2614
Brønshøj-Husum - Tingbjerg;2019K1;2630
Brønshøj-Husum - Tingbjerg;2019K2;2631
Brønshøj-Husum - Tingbjerg;2019K3;2593
Brønshøj-Husum - Tingbjerg;2019K4;2531
Brønshøj-Husum - Tingbjerg;2020K1;2477
Brønshøj-Husum - Tingbjerg;2020K2;2432
Brønshøj-Husum - Tingbjerg;2020K3;2400
Brønshøj-Husum - Tingbjerg;2020K4;2377
Brønshøj-Husum - Tingbjerg;2021K1;2364
Brønshøj-Husum - Tingbjerg;2021K2;2362
Brønshøj-Husum - Tingbjerg;2021K3;2350
Brønshøj-Husum - Tingbjerg;2021K4;2359
Brønshøj-Husum - Tingbjerg;2022K1;2363
Brønshøj-Husum - Tingbjerg;2022K2;2353
Brønshøj-Husum - Tingbjerg;2022K3;2338
Brønshøj-Husum - Tingbjerg;2022K4;2401
Brønshøj-Husum - Tingbjerg;2023K1;2445
Brønshøj-Husum - Tingbjerg;2023K2;2450
Brønshøj-Husum - Tingbjerg;2023K3;2347
Brønshøj-Husum - Tingbjerg;2023K4;2553
Brønshøj-Husum - Tingbjerg;2024K1;2594
Brønshøj-Husum - Tingbjerg;2024K2;2696
Brønshøj-Husum - Tingbjerg;2024K3;2690
Brønshøj-Husum - Tingbjerg;2024K4;2710
Brønshøj-Husum - Tingbjerg;2025K1;2781
Brønshøj-Husum - Brønshøj;1998K1;4997
Brønshøj-Husum - Brønshøj;1999K1;5028
Brønshøj-Husum - Brønshøj;2000K1;5036
Brønshøj-Husum - Brønshøj;2001K1;5005
Brønshøj-Husum - Brønshøj;2002K1;5005
Brønshøj-Husum - Brønshøj;2002K2;4967
Brønshøj-Husum - Brønshøj;2002K3;4951
Brønshøj-Husum - Brønshøj;2002K4;4931
Brønshøj-Husum - Brønshøj;2003K1;4929
Brønshøj-Husum - Brønshøj;2003K2;4949
Brønshøj-Husum - Brønshøj;2003K3;4956
Brønshøj-Husum - Brønshøj;2003K4;4986
Brønshøj-Husum - Brønshøj;2004K1;4990
Brønshøj-Husum - Brønshøj;2004K2;4996
Brønshøj-Husum - Brønshøj;2004K3;4964
Brønshøj-Husum - Brønshøj;2004K4;4981
Brønshøj-Husum - Brønshøj;2005K1;4983
Brønshøj-Husum - Brønshøj;2005K2;4959
Brønshøj-Husum - Brønshøj;2005K3;4932
Brønshøj-Husum - Brønshøj;2005K4;4944
Brønshøj-Husum - Brønshøj;2006K1;4938
Brønshøj-Husum - Brønshøj;2006K2;4943
Brønshøj-Husum - Brønshøj;2006K3;4911
Brønshøj-Husum - Brønshøj;2006K4;4944
Brønshøj-Husum - Brønshøj;2007K1;4934
Brønshøj-Husum - Brønshøj;2007K2;4928
Brønshøj-Husum - Brønshøj;2007K3;4892
Brønshøj-Husum - Brønshøj;2007K4;4907
Brønshøj-Husum - Brønshøj;2008K1;4896
Brønshøj-Husum - Brønshøj;2008K2;4916
Brønshøj-Husum - Brønshøj;2008K3;4918
Brønshøj-Husum - Brønshøj;2008K4;4966
Brønshøj-Husum - Brønshøj;2009K1;4981
Brønshøj-Husum - Brønshøj;2009K2;4985
Brønshøj-Husum - Brønshøj;2009K3;4977
Brønshøj-Husum - Brønshøj;2009K4;5005
Brønshøj-Husum - Brønshøj;2010K1;4990
Brønshøj-Husum - Brønshøj;2010K2;4999
Brønshøj-Husum - Brønshøj;2010K3;5002
Brønshøj-Husum - Brønshøj;2011K1;5056
Brønshøj-Husum - Brønshøj;2011K2;5079
Brønshøj-Husum - Brønshøj;2011K3;5060
Brønshøj-Husum - Brønshøj;2011K4;5101
Brønshøj-Husum - Brønshøj;2012K1;5119
Brønshøj-Husum - Brønshøj;2012K2;5106
Brønshøj-Husum - Brønshøj;2012K3;5111
Brønshøj-Husum - Brønshøj;2012K4;5183
Brønshøj-Husum - Brønshøj;2013K1;5170
Brønshøj-Husum - Brønshøj;2013K2;5192
Brønshøj-Husum - Brønshøj;2013K3;5205
Brønshøj-Husum - Brønshøj;2013K4;5254
Brønshøj-Husum - Brønshøj;2014K1;5255
Brønshøj-Husum - Brønshøj;2014K2;5299
Brønshøj-Husum - Brønshøj;2014K3;5275
Brønshøj-Husum - Brønshøj;2014K4;5356
Brønshøj-Husum - Brønshøj;2015K1;5352
Brønshøj-Husum - Brønshøj;2015K2;5351
Brønshøj-Husum - Brønshøj;2015K3;5308
Brønshøj-Husum - Brønshøj;2015K4;5391
Brønshøj-Husum - Brønshøj;2016K1;5409
Brønshøj-Husum - Brønshøj;2016K2;5413
Brønshøj-Husum - Brønshøj;2016K3;5375
Brønshøj-Husum - Brønshøj;2016K4;5487
Brønshøj-Husum - Brønshøj;2017K1;5490
Brønshøj-Husum - Brønshøj;2017K2;5469
Brønshøj-Husum - Brønshøj;2017K3;5457
Brønshøj-Husum - Brønshøj;2017K4;5497
Brønshøj-Husum - Brønshøj;2018K1;5512
Brønshøj-Husum - Brønshøj;2018K2;5507
Brønshøj-Husum - Brønshøj;2018K3;5475
Brønshøj-Husum - Brønshøj;2018K4;5534
Brønshøj-Husum - Brønshøj;2019K1;5530
Brønshøj-Husum - Brønshøj;2019K2;5487
Brønshøj-Husum - Brønshøj;2019K3;5450
Brønshøj-Husum - Brønshøj;2019K4;5457
Brønshøj-Husum - Brønshøj;2020K1;5398
Brønshøj-Husum - Brønshøj;2020K2;5343
Brønshøj-Husum - Brønshøj;2020K3;5330
Brønshøj-Husum - Brønshøj;2020K4;5353
Brønshøj-Husum - Brønshøj;2021K1;5353
Brønshøj-Husum - Brønshøj;2021K2;5319
Brønshøj-Husum - Brønshøj;2021K3;5296
Brønshøj-Husum - Brønshøj;2021K4;5334
Brønshøj-Husum - Brønshøj;2022K1;5327
Brønshøj-Husum - Brønshøj;2022K2;5376
Brønshøj-Husum - Brønshøj;2022K3;5402
Brønshøj-Husum - Brønshøj;2022K4;5408
Brønshøj-Husum - Brønshøj;2023K1;5391
Brønshøj-Husum - Brønshøj;2023K2;5420
Brønshøj-Husum - Brønshøj;2023K3;5444
Brønshøj-Husum - Brønshøj;2023K4;5471
Brønshøj-Husum - Brønshøj;2024K1;5483
Brønshøj-Husum - Brønshøj;2024K2;5469
Brønshøj-Husum - Brønshøj;2024K3;5448
Brønshøj-Husum - Brønshøj;2024K4;5450
Brønshøj-Husum - Brønshøj;2025K1;5431
Brønshøj-Husum - Bellahøj;1998K1;2335
Brønshøj-Husum - Bellahøj;1999K1;2383
Brønshøj-Husum - Bellahøj;2000K1;2358
Brønshøj-Husum - Bellahøj;2001K1;2382
Brønshøj-Husum - Bellahøj;2002K1;2395
Brønshøj-Husum - Bellahøj;2002K2;2391
Brønshøj-Husum - Bellahøj;2002K3;2355
Brønshøj-Husum - Bellahøj;2002K4;2370
Brønshøj-Husum - Bellahøj;2003K1;2369
Brønshøj-Husum - Bellahøj;2003K2;2361
Brønshøj-Husum - Bellahøj;2003K3;2341
Brønshøj-Husum - Bellahøj;2003K4;2334
Brønshøj-Husum - Bellahøj;2004K1;2332
Brønshøj-Husum - Bellahøj;2004K2;2319
Brønshøj-Husum - Bellahøj;2004K3;2317
Brønshøj-Husum - Bellahøj;2004K4;2326
Brønshøj-Husum - Bellahøj;2005K1;2324
Brønshøj-Husum - Bellahøj;2005K2;2347
Brønshøj-Husum - Bellahøj;2005K3;2337
Brønshøj-Husum - Bellahøj;2005K4;2349
Brønshøj-Husum - Bellahøj;2006K1;2352
Brønshøj-Husum - Bellahøj;2006K2;2350
Brønshøj-Husum - Bellahøj;2006K3;2336
Brønshøj-Husum - Bellahøj;2006K4;2333
Brønshøj-Husum - Bellahøj;2007K1;2330
Brønshøj-Husum - Bellahøj;2007K2;2334
Brønshøj-Husum - Bellahøj;2007K3;2327
Brønshøj-Husum - Bellahøj;2007K4;2344
Brønshøj-Husum - Bellahøj;2008K1;2329
Brønshøj-Husum - Bellahøj;2008K2;2327
Brønshøj-Husum - Bellahøj;2008K3;2303
Brønshøj-Husum - Bellahøj;2008K4;2293
Brønshøj-Husum - Bellahøj;2009K1;2273
Brønshøj-Husum - Bellahøj;2009K2;2237
Brønshøj-Husum - Bellahøj;2009K3;2203
Brønshøj-Husum - Bellahøj;2009K4;2213
Brønshøj-Husum - Bellahøj;2010K1;2225
Brønshøj-Husum - Bellahøj;2010K2;2220
Brønshøj-Husum - Bellahøj;2010K3;2231
Brønshøj-Husum - Bellahøj;2011K1;2290
Brønshøj-Husum - Bellahøj;2011K2;2299
Brønshøj-Husum - Bellahøj;2011K3;2274
Brønshøj-Husum - Bellahøj;2011K4;2288
Brønshøj-Husum - Bellahøj;2012K1;2318
Brønshøj-Husum - Bellahøj;2012K2;2330
Brønshøj-Husum - Bellahøj;2012K3;2377
Brønshøj-Husum - Bellahøj;2012K4;2404
Brønshøj-Husum - Bellahøj;2013K1;2425
Brønshøj-Husum - Bellahøj;2013K2;2405
Brønshøj-Husum - Bellahøj;2013K3;2418
Brønshøj-Husum - Bellahøj;2013K4;2441
Brønshøj-Husum - Bellahøj;2014K1;2462
Brønshøj-Husum - Bellahøj;2014K2;2496
Brønshøj-Husum - Bellahøj;2014K3;2512
Brønshøj-Husum - Bellahøj;2014K4;2555
Brønshøj-Husum - Bellahøj;2015K1;2536
Brønshøj-Husum - Bellahøj;2015K2;2550
Brønshøj-Husum - Bellahøj;2015K3;2525
Brønshøj-Husum - Bellahøj;2015K4;2519
Brønshøj-Husum - Bellahøj;2016K1;2511
Brønshøj-Husum - Bellahøj;2016K2;2519
Brønshøj-Husum - Bellahøj;2016K3;2533
Brønshøj-Husum - Bellahøj;2016K4;2524
Brønshøj-Husum - Bellahøj;2017K1;2539
Brønshøj-Husum - Bellahøj;2017K2;2548
Brønshøj-Husum - Bellahøj;2017K3;2540
Brønshøj-Husum - Bellahøj;2017K4;2547
Brønshøj-Husum - Bellahøj;2018K1;2543
Brønshøj-Husum - Bellahøj;2018K2;2530
Brønshøj-Husum - Bellahøj;2018K3;2518
Brønshøj-Husum - Bellahøj;2018K4;2632
Brønshøj-Husum - Bellahøj;2019K1;2659
Brønshøj-Husum - Bellahøj;2019K2;2667
Brønshøj-Husum - Bellahøj;2019K3;2689
Brønshøj-Husum - Bellahøj;2019K4;2676
Brønshøj-Husum - Bellahøj;2020K1;2686
Brønshøj-Husum - Bellahøj;2020K2;2680
Brønshøj-Husum - Bellahøj;2020K3;2673
Brønshøj-Husum - Bellahøj;2020K4;2680
Brønshøj-Husum - Bellahøj;2021K1;2648
Brønshøj-Husum - Bellahøj;2021K2;2650
Brønshøj-Husum - Bellahøj;2021K3;2629
Brønshøj-Husum - Bellahøj;2021K4;2593
Brønshøj-Husum - Bellahøj;2022K1;2570
Brønshøj-Husum - Bellahøj;2022K2;2492
Brønshøj-Husum - Bellahøj;2022K3;2473
Brønshøj-Husum - Bellahøj;2022K4;2457
Brønshøj-Husum - Bellahøj;2023K1;2421
Brønshøj-Husum - Bellahøj;2023K2;2396
Brønshøj-Husum - Bellahøj;2023K3;2358
Brønshøj-Husum - Bellahøj;2023K4;2316
Brønshøj-Husum - Bellahøj;2024K1;2290
Brønshøj-Husum - Bellahøj;2024K2;2251
Brønshøj-Husum - Bellahøj;2024K3;2203
Brønshøj-Husum - Bellahøj;2024K4;2196
Brønshøj-Husum - Bellahøj;2025K1;2189
Bispebjerg - Emdrup;1998K1;2478
Bispebjerg - Emdrup;1999K1;2521
Bispebjerg - Emdrup;2000K1;2554
Bispebjerg - Emdrup;2001K1;2550
Bispebjerg - Emdrup;2002K1;2525
Bispebjerg - Emdrup;2002K2;2526
Bispebjerg - Emdrup;2002K3;2517
Bispebjerg - Emdrup;2002K4;2555
Bispebjerg - Emdrup;2003K1;2518
Bispebjerg - Emdrup;2003K2;2532
Bispebjerg - Emdrup;2003K3;2514
Bispebjerg - Emdrup;2003K4;2522
Bispebjerg - Emdrup;2004K1;2530
Bispebjerg - Emdrup;2004K2;2538
Bispebjerg - Emdrup;2004K3;2515
Bispebjerg - Emdrup;2004K4;2511
Bispebjerg - Emdrup;2005K1;2519
Bispebjerg - Emdrup;2005K2;2512
Bispebjerg - Emdrup;2005K3;2483
Bispebjerg - Emdrup;2005K4;2504
Bispebjerg - Emdrup;2006K1;2505
Bispebjerg - Emdrup;2006K2;2507
Bispebjerg - Emdrup;2006K3;2506
Bispebjerg - Emdrup;2006K4;2521
Bispebjerg - Emdrup;2007K1;2510
Bispebjerg - Emdrup;2007K2;2489
Bispebjerg - Emdrup;2007K3;2485
Bispebjerg - Emdrup;2007K4;2510
Bispebjerg - Emdrup;2008K1;2511
Bispebjerg - Emdrup;2008K2;2519
Bispebjerg - Emdrup;2008K3;2526
Bispebjerg - Emdrup;2008K4;2558
Bispebjerg - Emdrup;2009K1;2538
Bispebjerg - Emdrup;2009K2;2556
Bispebjerg - Emdrup;2009K3;2542
Bispebjerg - Emdrup;2009K4;2568
Bispebjerg - Emdrup;2010K1;2575
Bispebjerg - Emdrup;2010K2;2566
Bispebjerg - Emdrup;2010K3;2532
Bispebjerg - Emdrup;2011K1;2594
Bispebjerg - Emdrup;2011K2;2594
Bispebjerg - Emdrup;2011K3;2581
Bispebjerg - Emdrup;2011K4;2632
Bispebjerg - Emdrup;2012K1;2651
Bispebjerg - Emdrup;2012K2;2656
Bispebjerg - Emdrup;2012K3;2626
Bispebjerg - Emdrup;2012K4;2660
Bispebjerg - Emdrup;2013K1;2663
Bispebjerg - Emdrup;2013K2;2673
Bispebjerg - Emdrup;2013K3;2637
Bispebjerg - Emdrup;2013K4;2639
Bispebjerg - Emdrup;2014K1;2637
Bispebjerg - Emdrup;2014K2;2667
Bispebjerg - Emdrup;2014K3;2647
Bispebjerg - Emdrup;2014K4;2683
Bispebjerg - Emdrup;2015K1;2643
Bispebjerg - Emdrup;2015K2;2681
Bispebjerg - Emdrup;2015K3;2691
Bispebjerg - Emdrup;2015K4;2665
Bispebjerg - Emdrup;2016K1;2682
Bispebjerg - Emdrup;2016K2;2704
Bispebjerg - Emdrup;2016K3;2685
Bispebjerg - Emdrup;2016K4;2734
Bispebjerg - Emdrup;2017K1;2721
Bispebjerg - Emdrup;2017K2;2790
Bispebjerg - Emdrup;2017K3;2749
Bispebjerg - Emdrup;2017K4;2790
Bispebjerg - Emdrup;2018K1;2758
Bispebjerg - Emdrup;2018K2;2790
Bispebjerg - Emdrup;2018K3;2747
Bispebjerg - Emdrup;2018K4;2792
Bispebjerg - Emdrup;2019K1;2770
Bispebjerg - Emdrup;2019K2;2757
Bispebjerg - Emdrup;2019K3;2728
Bispebjerg - Emdrup;2019K4;2778
Bispebjerg - Emdrup;2020K1;2743
Bispebjerg - Emdrup;2020K2;2751
Bispebjerg - Emdrup;2020K3;2710
Bispebjerg - Emdrup;2020K4;2740
Bispebjerg - Emdrup;2021K1;2717
Bispebjerg - Emdrup;2021K2;2605
Bispebjerg - Emdrup;2021K3;2606
Bispebjerg - Emdrup;2021K4;2654
Bispebjerg - Emdrup;2022K1;2656
Bispebjerg - Emdrup;2022K2;2672
Bispebjerg - Emdrup;2022K3;2685
Bispebjerg - Emdrup;2022K4;2716
Bispebjerg - Emdrup;2023K1;2699
Bispebjerg - Emdrup;2023K2;2745
Bispebjerg - Emdrup;2023K3;2729
Bispebjerg - Emdrup;2023K4;2787
Bispebjerg - Emdrup;2024K1;2741
Bispebjerg - Emdrup;2024K2;2784
Bispebjerg - Emdrup;2024K3;2762
Bispebjerg - Emdrup;2024K4;2773
Bispebjerg - Emdrup;2025K1;2743
Bispebjerg- Ryparken-Lundehus;1998K1;3275
Bispebjerg- Ryparken-Lundehus;1999K1;3304
Bispebjerg- Ryparken-Lundehus;2000K1;3314
Bispebjerg- Ryparken-Lundehus;2001K1;3346
Bispebjerg- Ryparken-Lundehus;2002K1;3372
Bispebjerg- Ryparken-Lundehus;2002K2;3376
Bispebjerg- Ryparken-Lundehus;2002K3;3344
Bispebjerg- Ryparken-Lundehus;2002K4;3364
Bispebjerg- Ryparken-Lundehus;2003K1;3372
Bispebjerg- Ryparken-Lundehus;2003K2;3370
Bispebjerg- Ryparken-Lundehus;2003K3;3365
Bispebjerg- Ryparken-Lundehus;2003K4;3377
Bispebjerg- Ryparken-Lundehus;2004K1;3402
Bispebjerg- Ryparken-Lundehus;2004K2;3367
Bispebjerg- Ryparken-Lundehus;2004K3;3431
Bispebjerg- Ryparken-Lundehus;2004K4;3446
Bispebjerg- Ryparken-Lundehus;2005K1;3442
Bispebjerg- Ryparken-Lundehus;2005K2;3429
Bispebjerg- Ryparken-Lundehus;2005K3;3434
Bispebjerg- Ryparken-Lundehus;2005K4;3466
Bispebjerg- Ryparken-Lundehus;2006K1;3442
Bispebjerg- Ryparken-Lundehus;2006K2;3443
Bispebjerg- Ryparken-Lundehus;2006K3;3446
Bispebjerg- Ryparken-Lundehus;2006K4;3461
Bispebjerg- Ryparken-Lundehus;2007K1;3446
Bispebjerg- Ryparken-Lundehus;2007K2;3425
Bispebjerg- Ryparken-Lundehus;2007K3;3423
Bispebjerg- Ryparken-Lundehus;2007K4;3442
Bispebjerg- Ryparken-Lundehus;2008K1;3411
Bispebjerg- Ryparken-Lundehus;2008K2;3432
Bispebjerg- Ryparken-Lundehus;2008K3;3437
Bispebjerg- Ryparken-Lundehus;2008K4;3515
Bispebjerg- Ryparken-Lundehus;2009K1;3511
Bispebjerg- Ryparken-Lundehus;2009K2;3526
Bispebjerg- Ryparken-Lundehus;2009K3;3514
Bispebjerg- Ryparken-Lundehus;2009K4;3522
Bispebjerg- Ryparken-Lundehus;2010K1;3528
Bispebjerg- Ryparken-Lundehus;2010K2;3556
Bispebjerg- Ryparken-Lundehus;2010K3;3547
Bispebjerg- Ryparken-Lundehus;2011K1;3541
Bispebjerg- Ryparken-Lundehus;2011K2;3540
Bispebjerg- Ryparken-Lundehus;2011K3;3540
Bispebjerg- Ryparken-Lundehus;2011K4;3556
Bispebjerg- Ryparken-Lundehus;2012K1;3603
Bispebjerg- Ryparken-Lundehus;2012K2;3592
Bispebjerg- Ryparken-Lundehus;2012K3;3587
Bispebjerg- Ryparken-Lundehus;2012K4;3606
Bispebjerg- Ryparken-Lundehus;2013K1;3629
Bispebjerg- Ryparken-Lundehus;2013K2;3594
Bispebjerg- Ryparken-Lundehus;2013K3;3606
Bispebjerg- Ryparken-Lundehus;2013K4;3646
Bispebjerg- Ryparken-Lundehus;2014K1;3646
Bispebjerg- Ryparken-Lundehus;2014K2;3677
Bispebjerg- Ryparken-Lundehus;2014K3;3650
Bispebjerg- Ryparken-Lundehus;2014K4;3693
Bispebjerg- Ryparken-Lundehus;2015K1;3694
Bispebjerg- Ryparken-Lundehus;2015K2;3778
Bispebjerg- Ryparken-Lundehus;2015K3;3791
Bispebjerg- Ryparken-Lundehus;2015K4;3819
Bispebjerg- Ryparken-Lundehus;2016K1;3828
Bispebjerg- Ryparken-Lundehus;2016K2;3824
Bispebjerg- Ryparken-Lundehus;2016K3;3814
Bispebjerg- Ryparken-Lundehus;2016K4;3844
Bispebjerg- Ryparken-Lundehus;2017K1;3837
Bispebjerg- Ryparken-Lundehus;2017K2;3827
Bispebjerg- Ryparken-Lundehus;2017K3;3831
Bispebjerg- Ryparken-Lundehus;2017K4;3838
Bispebjerg- Ryparken-Lundehus;2018K1;3846
Bispebjerg- Ryparken-Lundehus;2018K2;3826
Bispebjerg- Ryparken-Lundehus;2018K3;3805
Bispebjerg- Ryparken-Lundehus;2018K4;3851
Bispebjerg- Ryparken-Lundehus;2019K1;3815
Bispebjerg- Ryparken-Lundehus;2019K2;3782
Bispebjerg- Ryparken-Lundehus;2019K3;3796
Bispebjerg- Ryparken-Lundehus;2019K4;3814
Bispebjerg- Ryparken-Lundehus;2020K1;3774
Bispebjerg- Ryparken-Lundehus;2020K2;3736
Bispebjerg- Ryparken-Lundehus;2020K3;3712
Bispebjerg- Ryparken-Lundehus;2020K4;3675
Bispebjerg- Ryparken-Lundehus;2021K1;3689
Bispebjerg- Ryparken-Lundehus;2021K2;3725
Bispebjerg- Ryparken-Lundehus;2021K3;3769
Bispebjerg- Ryparken-Lundehus;2021K4;3823
Bispebjerg- Ryparken-Lundehus;2022K1;3897
Bispebjerg- Ryparken-Lundehus;2022K2;3908
Bispebjerg- Ryparken-Lundehus;2022K3;3911
Bispebjerg- Ryparken-Lundehus;2022K4;3947
Bispebjerg- Ryparken-Lundehus;2023K1;3951
Bispebjerg- Ryparken-Lundehus;2023K2;3968
Bispebjerg- Ryparken-Lundehus;2023K3;3947
Bispebjerg- Ryparken-Lundehus;2023K4;3978
Bispebjerg- Ryparken-Lundehus;2024K1;4010
Bispebjerg- Ryparken-Lundehus;2024K2;4044
Bispebjerg- Ryparken-Lundehus;2024K3;3998
Bispebjerg- Ryparken-Lundehus;2024K4;4001
Bispebjerg- Ryparken-Lundehus;2025K1;4008
Bispebjerg - Bispebjerg;1998K1;3635
Bispebjerg - Bispebjerg;1999K1;3673
Bispebjerg - Bispebjerg;2000K1;3624
Bispebjerg - Bispebjerg;2001K1;3659
Bispebjerg - Bispebjerg;2002K1;3677
Bispebjerg - Bispebjerg;2002K2;3686
Bispebjerg - Bispebjerg;2002K3;3675
Bispebjerg - Bispebjerg;2002K4;3668
Bispebjerg - Bispebjerg;2003K1;3646
Bispebjerg - Bispebjerg;2003K2;3662
Bispebjerg - Bispebjerg;2003K3;3650
Bispebjerg - Bispebjerg;2003K4;3675
Bispebjerg - Bispebjerg;2004K1;3665
Bispebjerg - Bispebjerg;2004K2;3638
Bispebjerg - Bispebjerg;2004K3;3655
Bispebjerg - Bispebjerg;2004K4;3650
Bispebjerg - Bispebjerg;2005K1;3621
Bispebjerg - Bispebjerg;2005K2;3628
Bispebjerg - Bispebjerg;2005K3;3639
Bispebjerg - Bispebjerg;2005K4;3655
Bispebjerg - Bispebjerg;2006K1;3641
Bispebjerg - Bispebjerg;2006K2;3649
Bispebjerg - Bispebjerg;2006K3;3590
Bispebjerg - Bispebjerg;2006K4;3591
Bispebjerg - Bispebjerg;2007K1;3592
Bispebjerg - Bispebjerg;2007K2;3644
Bispebjerg - Bispebjerg;2007K3;3652
Bispebjerg - Bispebjerg;2007K4;3652
Bispebjerg - Bispebjerg;2008K1;3625
Bispebjerg - Bispebjerg;2008K2;3615
Bispebjerg - Bispebjerg;2008K3;3626
Bispebjerg - Bispebjerg;2008K4;3634
Bispebjerg - Bispebjerg;2009K1;3623
Bispebjerg - Bispebjerg;2009K2;3720
Bispebjerg - Bispebjerg;2009K3;3683
Bispebjerg - Bispebjerg;2009K4;3686
Bispebjerg - Bispebjerg;2010K1;3679
Bispebjerg - Bispebjerg;2010K2;3661
Bispebjerg - Bispebjerg;2010K3;3685
Bispebjerg - Bispebjerg;2011K1;3737
Bispebjerg - Bispebjerg;2011K2;3806
Bispebjerg - Bispebjerg;2011K3;3791
Bispebjerg - Bispebjerg;2011K4;3821
Bispebjerg - Bispebjerg;2012K1;3851
Bispebjerg - Bispebjerg;2012K2;3826
Bispebjerg - Bispebjerg;2012K3;3840
Bispebjerg - Bispebjerg;2012K4;3892
Bispebjerg - Bispebjerg;2013K1;3911
Bispebjerg - Bispebjerg;2013K2;3921
Bispebjerg - Bispebjerg;2013K3;3928
Bispebjerg - Bispebjerg;2013K4;3996
Bispebjerg - Bispebjerg;2014K1;4034
Bispebjerg - Bispebjerg;2014K2;4066
Bispebjerg - Bispebjerg;2014K3;4060
Bispebjerg - Bispebjerg;2014K4;4083
Bispebjerg - Bispebjerg;2015K1;4095
Bispebjerg - Bispebjerg;2015K2;4078
Bispebjerg - Bispebjerg;2015K3;4051
Bispebjerg - Bispebjerg;2015K4;4090
Bispebjerg - Bispebjerg;2016K1;4061
Bispebjerg - Bispebjerg;2016K2;4054
Bispebjerg - Bispebjerg;2016K3;4048
Bispebjerg - Bispebjerg;2016K4;4050
Bispebjerg - Bispebjerg;2017K1;4064
Bispebjerg - Bispebjerg;2017K2;4069
Bispebjerg - Bispebjerg;2017K3;3993
Bispebjerg - Bispebjerg;2017K4;3989
Bispebjerg - Bispebjerg;2018K1;3962
Bispebjerg - Bispebjerg;2018K2;3941
Bispebjerg - Bispebjerg;2018K3;3956
Bispebjerg - Bispebjerg;2018K4;3970
Bispebjerg - Bispebjerg;2019K1;3939
Bispebjerg - Bispebjerg;2019K2;3934
Bispebjerg - Bispebjerg;2019K3;3906
Bispebjerg - Bispebjerg;2019K4;3904
Bispebjerg - Bispebjerg;2020K1;3892
Bispebjerg - Bispebjerg;2020K2;3876
Bispebjerg - Bispebjerg;2020K3;3853
Bispebjerg - Bispebjerg;2020K4;3857
Bispebjerg - Bispebjerg;2021K1;3879
Bispebjerg - Bispebjerg;2021K2;3852
Bispebjerg - Bispebjerg;2021K3;3843
Bispebjerg - Bispebjerg;2021K4;3854
Bispebjerg - Bispebjerg;2022K1;3847
Bispebjerg - Bispebjerg;2022K2;3847
Bispebjerg - Bispebjerg;2022K3;3843
Bispebjerg - Bispebjerg;2022K4;3886
Bispebjerg - Bispebjerg;2023K1;3898
Bispebjerg - Bispebjerg;2023K2;3900
Bispebjerg - Bispebjerg;2023K3;3913
Bispebjerg - Bispebjerg;2023K4;3913
Bispebjerg - Bispebjerg;2024K1;3934
Bispebjerg - Bispebjerg;2024K2;3927
Bispebjerg - Bispebjerg;2024K3;3900
Bispebjerg - Bispebjerg;2024K4;3889
Bispebjerg - Bispebjerg;2025K1;3886
Bispebjerg - Utterslev;1998K1;3284
Bispebjerg - Utterslev;1999K1;3290
Bispebjerg - Utterslev;2000K1;3337
Bispebjerg - Utterslev;2001K1;3316
Bispebjerg - Utterslev;2002K1;3338
Bispebjerg - Utterslev;2002K2;3332
Bispebjerg - Utterslev;2002K3;3336
Bispebjerg - Utterslev;2002K4;3356
Bispebjerg - Utterslev;2003K1;3348
Bispebjerg - Utterslev;2003K2;3333
Bispebjerg - Utterslev;2003K3;3347
Bispebjerg - Utterslev;2003K4;3353
Bispebjerg - Utterslev;2004K1;3349
Bispebjerg - Utterslev;2004K2;3358
Bispebjerg - Utterslev;2004K3;3363
Bispebjerg - Utterslev;2004K4;3372
Bispebjerg - Utterslev;2005K1;3378
Bispebjerg - Utterslev;2005K2;3388
Bispebjerg - Utterslev;2005K3;3345
Bispebjerg - Utterslev;2005K4;3330
Bispebjerg - Utterslev;2006K1;3350
Bispebjerg - Utterslev;2006K2;3364
Bispebjerg - Utterslev;2006K3;3354
Bispebjerg - Utterslev;2006K4;3347
Bispebjerg - Utterslev;2007K1;3362
Bispebjerg - Utterslev;2007K2;3336
Bispebjerg - Utterslev;2007K3;3350
Bispebjerg - Utterslev;2007K4;3354
Bispebjerg - Utterslev;2008K1;3366
Bispebjerg - Utterslev;2008K2;3356
Bispebjerg - Utterslev;2008K3;3335
Bispebjerg - Utterslev;2008K4;3370
Bispebjerg - Utterslev;2009K1;3381
Bispebjerg - Utterslev;2009K2;3356
Bispebjerg - Utterslev;2009K3;3334
Bispebjerg - Utterslev;2009K4;3329
Bispebjerg - Utterslev;2010K1;3352
Bispebjerg - Utterslev;2010K2;3366
Bispebjerg - Utterslev;2010K3;3357
Bispebjerg - Utterslev;2011K1;3454
Bispebjerg - Utterslev;2011K2;3491
Bispebjerg - Utterslev;2011K3;3462
Bispebjerg - Utterslev;2011K4;3478
Bispebjerg - Utterslev;2012K1;3496
Bispebjerg - Utterslev;2012K2;3487
Bispebjerg - Utterslev;2012K3;3566
Bispebjerg - Utterslev;2012K4;3576
Bispebjerg - Utterslev;2013K1;3598
Bispebjerg - Utterslev;2013K2;3598
Bispebjerg - Utterslev;2013K3;3604
Bispebjerg - Utterslev;2013K4;3642
Bispebjerg - Utterslev;2014K1;3664
Bispebjerg - Utterslev;2014K2;3693
Bispebjerg - Utterslev;2014K3;3689
Bispebjerg - Utterslev;2014K4;3711
Bispebjerg - Utterslev;2015K1;3736
Bispebjerg - Utterslev;2015K2;3712
Bispebjerg - Utterslev;2015K3;3708
Bispebjerg - Utterslev;2015K4;3756
Bispebjerg - Utterslev;2016K1;3781
Bispebjerg - Utterslev;2016K2;3800
Bispebjerg - Utterslev;2016K3;3789
Bispebjerg - Utterslev;2016K4;3830
Bispebjerg - Utterslev;2017K1;3772
Bispebjerg - Utterslev;2017K2;3727
Bispebjerg - Utterslev;2017K3;3704
Bispebjerg - Utterslev;2017K4;3709
Bispebjerg - Utterslev;2018K1;3708
Bispebjerg - Utterslev;2018K2;3747
Bispebjerg - Utterslev;2018K3;3683
Bispebjerg - Utterslev;2018K4;3682
Bispebjerg - Utterslev;2019K1;3653
Bispebjerg - Utterslev;2019K2;3655
Bispebjerg - Utterslev;2019K3;3617
Bispebjerg - Utterslev;2019K4;3609
Bispebjerg - Utterslev;2020K1;3573
Bispebjerg - Utterslev;2020K2;3561
Bispebjerg - Utterslev;2020K3;3555
Bispebjerg - Utterslev;2020K4;3579
Bispebjerg - Utterslev;2021K1;3545
Bispebjerg - Utterslev;2021K2;3509
Bispebjerg - Utterslev;2021K3;3520
Bispebjerg - Utterslev;2021K4;3500
Bispebjerg - Utterslev;2022K1;3476
Bispebjerg - Utterslev;2022K2;3495
Bispebjerg - Utterslev;2022K3;3511
Bispebjerg - Utterslev;2022K4;3491
Bispebjerg - Utterslev;2023K1;3496
Bispebjerg - Utterslev;2023K2;3499
Bispebjerg - Utterslev;2023K3;3474
Bispebjerg - Utterslev;2023K4;3540
Bispebjerg - Utterslev;2024K1;3534
Bispebjerg - Utterslev;2024K2;3535
Bispebjerg - Utterslev;2024K3;3517
Bispebjerg - Utterslev;2024K4;3538
Bispebjerg - Utterslev;2025K1;3545
Bispebjerg - Nordvest;1998K1;16878
Bispebjerg - Nordvest;1999K1;16898
Bispebjerg - Nordvest;2000K1;17008
Bispebjerg - Nordvest;2001K1;17031
Bispebjerg - Nordvest;2002K1;17177
Bispebjerg - Nordvest;2002K2;17153
Bispebjerg - Nordvest;2002K3;17037
Bispebjerg - Nordvest;2002K4;17141
Bispebjerg - Nordvest;2003K1;17078
Bispebjerg - Nordvest;2003K2;17209
Bispebjerg - Nordvest;2003K3;17084
Bispebjerg - Nordvest;2003K4;17183
Bispebjerg - Nordvest;2004K1;17229
Bispebjerg - Nordvest;2004K2;17279
Bispebjerg - Nordvest;2004K3;17187
Bispebjerg - Nordvest;2004K4;17247
Bispebjerg - Nordvest;2005K1;17235
Bispebjerg - Nordvest;2005K2;17133
Bispebjerg - Nordvest;2005K3;17141
Bispebjerg - Nordvest;2005K4;17194
Bispebjerg - Nordvest;2006K1;17193
Bispebjerg - Nordvest;2006K2;17241
Bispebjerg - Nordvest;2006K3;17167
Bispebjerg - Nordvest;2006K4;17529
Bispebjerg - Nordvest;2007K1;17686
Bispebjerg - Nordvest;2007K2;17905
Bispebjerg - Nordvest;2007K3;17781
Bispebjerg - Nordvest;2007K4;18164
Bispebjerg - Nordvest;2008K1;18273
Bispebjerg - Nordvest;2008K2;18372
Bispebjerg - Nordvest;2008K3;18203
Bispebjerg - Nordvest;2008K4;18600
Bispebjerg - Nordvest;2009K1;18586
Bispebjerg - Nordvest;2009K2;18651
Bispebjerg - Nordvest;2009K3;18535
Bispebjerg - Nordvest;2009K4;18894
Bispebjerg - Nordvest;2010K1;18937
Bispebjerg - Nordvest;2010K2;19128
Bispebjerg - Nordvest;2010K3;19004
Bispebjerg - Nordvest;2011K1;19498
Bispebjerg - Nordvest;2011K2;19590
Bispebjerg - Nordvest;2011K3;19467
Bispebjerg - Nordvest;2011K4;19940
Bispebjerg - Nordvest;2012K1;20109
Bispebjerg - Nordvest;2012K2;20267
Bispebjerg - Nordvest;2012K3;20050
Bispebjerg - Nordvest;2012K4;20549
Bispebjerg - Nordvest;2013K1;20524
Bispebjerg - Nordvest;2013K2;20657
Bispebjerg - Nordvest;2013K3;20584
Bispebjerg - Nordvest;2013K4;21025
Bispebjerg - Nordvest;2014K1;20914
Bispebjerg - Nordvest;2014K2;21094
Bispebjerg - Nordvest;2014K3;20937
Bispebjerg - Nordvest;2014K4;21481
Bispebjerg - Nordvest;2015K1;21410
Bispebjerg - Nordvest;2015K2;21532
Bispebjerg - Nordvest;2015K3;21368
Bispebjerg - Nordvest;2015K4;21782
Bispebjerg - Nordvest;2016K1;21934
Bispebjerg - Nordvest;2016K2;21995
Bispebjerg - Nordvest;2016K3;21832
Bispebjerg - Nordvest;2016K4;22288
Bispebjerg - Nordvest;2017K1;22199
Bispebjerg - Nordvest;2017K2;22269
Bispebjerg - Nordvest;2017K3;21998
Bispebjerg - Nordvest;2017K4;22274
Bispebjerg - Nordvest;2018K1;22175
Bispebjerg - Nordvest;2018K2;22297
Bispebjerg - Nordvest;2018K3;22054
Bispebjerg - Nordvest;2018K4;22364
Bispebjerg - Nordvest;2019K1;22284
Bispebjerg - Nordvest;2019K2;22213
Bispebjerg - Nordvest;2019K3;21977
Bispebjerg - Nordvest;2019K4;22143
Bispebjerg - Nordvest;2020K1;22027
Bispebjerg - Nordvest;2020K2;21883
Bispebjerg - Nordvest;2020K3;21683
Bispebjerg - Nordvest;2020K4;21695
Bispebjerg - Nordvest;2021K1;21604
Bispebjerg - Nordvest;2021K2;21420
Bispebjerg - Nordvest;2021K3;21267
Bispebjerg - Nordvest;2021K4;21306
Bispebjerg - Nordvest;2022K1;21237
Bispebjerg - Nordvest;2022K2;21316
Bispebjerg - Nordvest;2022K3;21267
Bispebjerg - Nordvest;2022K4;21421
Bispebjerg - Nordvest;2023K1;21505
Bispebjerg - Nordvest;2023K2;21716
Bispebjerg - Nordvest;2023K3;21621
Bispebjerg - Nordvest;2023K4;21834
Bispebjerg - Nordvest;2024K1;21828
Bispebjerg - Nordvest;2024K2;21982
Bispebjerg - Nordvest;2024K3;21825
Bispebjerg - Nordvest;2024K4;22063
Bispebjerg - Nordvest;2025K1;22058
Amager Øst - Amagerbro Øst;1998K1;14032
Amager Øst - Amagerbro Øst;1999K1;14088
Amager Øst - Amagerbro Øst;2000K1;14071
Amager Øst - Amagerbro Øst;2001K1;14179
Amager Øst - Amagerbro Øst;2002K1;14138
Amager Øst - Amagerbro Øst;2002K2;14181
Amager Øst - Amagerbro Øst;2002K3;14087
Amager Øst - Amagerbro Øst;2002K4;14077
Amager Øst - Amagerbro Øst;2003K1;14057
Amager Øst - Amagerbro Øst;2003K2;14031
Amager Øst - Amagerbro Øst;2003K3;13963
Amager Øst - Amagerbro Øst;2003K4;14079
Amager Øst - Amagerbro Øst;2004K1;14065
Amager Øst - Amagerbro Øst;2004K2;14135
Amager Øst - Amagerbro Øst;2004K3;14022
Amager Øst - Amagerbro Øst;2004K4;14045
Amager Øst - Amagerbro Øst;2005K1;13996
Amager Øst - Amagerbro Øst;2005K2;14029
Amager Øst - Amagerbro Øst;2005K3;13833
Amager Øst - Amagerbro Øst;2005K4;13971
Amager Øst - Amagerbro Øst;2006K1;13899
Amager Øst - Amagerbro Øst;2006K2;13790
Amager Øst - Amagerbro Øst;2006K3;13634
Amager Øst - Amagerbro Øst;2006K4;13787
Amager Øst - Amagerbro Øst;2007K1;13743
Amager Øst - Amagerbro Øst;2007K2;13808
Amager Øst - Amagerbro Øst;2007K3;13729
Amager Øst - Amagerbro Øst;2007K4;13874
Amager Øst - Amagerbro Øst;2008K1;13871
Amager Øst - Amagerbro Øst;2008K2;13940
Amager Øst - Amagerbro Øst;2008K3;13926
Amager Øst - Amagerbro Øst;2008K4;14193
Amager Øst - Amagerbro Øst;2009K1;14201
Amager Øst - Amagerbro Øst;2009K2;14240
Amager Øst - Amagerbro Øst;2009K3;14168
Amager Øst - Amagerbro Øst;2009K4;14371
Amager Øst - Amagerbro Øst;2010K1;14270
Amager Øst - Amagerbro Øst;2010K2;14313
Amager Øst - Amagerbro Øst;2010K3;14285
Amager Øst - Amagerbro Øst;2011K1;14367
Amager Øst - Amagerbro Øst;2011K2;14466
Amager Øst - Amagerbro Øst;2011K3;14357
Amager Øst - Amagerbro Øst;2011K4;14567
Amager Øst - Amagerbro Øst;2012K1;14585
Amager Øst - Amagerbro Øst;2012K2;14681
Amager Øst - Amagerbro Øst;2012K3;14536
Amager Øst - Amagerbro Øst;2012K4;14815
Amager Øst - Amagerbro Øst;2013K1;14814
Amager Øst - Amagerbro Øst;2013K2;14862
Amager Øst - Amagerbro Øst;2013K3;14742
Amager Øst - Amagerbro Øst;2013K4;15091
Amager Øst - Amagerbro Øst;2014K1;15060
Amager Øst - Amagerbro Øst;2014K2;15038
Amager Øst - Amagerbro Øst;2014K3;14900
Amager Øst - Amagerbro Øst;2014K4;15258
Amager Øst - Amagerbro Øst;2015K1;15148
Amager Øst - Amagerbro Øst;2015K2;15282
Amager Øst - Amagerbro Øst;2015K3;15219
Amager Øst - Amagerbro Øst;2015K4;15431
Amager Øst - Amagerbro Øst;2016K1;15364
Amager Øst - Amagerbro Øst;2016K2;15454
Amager Øst - Amagerbro Øst;2016K3;15332
Amager Øst - Amagerbro Øst;2016K4;15668
Amager Øst - Amagerbro Øst;2017K1;15540
Amager Øst - Amagerbro Øst;2017K2;15577
Amager Øst - Amagerbro Øst;2017K3;15412
Amager Øst - Amagerbro Øst;2017K4;15584
Amager Øst - Amagerbro Øst;2018K1;15550
Amager Øst - Amagerbro Øst;2018K2;15646
Amager Øst - Amagerbro Øst;2018K3;15585
Amager Øst - Amagerbro Øst;2018K4;15729
Amager Øst - Amagerbro Øst;2019K1;15555
Amager Øst - Amagerbro Øst;2019K2;15638
Amager Øst - Amagerbro Øst;2019K3;15485
Amager Øst - Amagerbro Øst;2019K4;15733
Amager Øst - Amagerbro Øst;2020K1;15560
Amager Øst - Amagerbro Øst;2020K2;15527
Amager Øst - Amagerbro Øst;2020K3;15547
Amager Øst - Amagerbro Øst;2020K4;15575
Amager Øst - Amagerbro Øst;2021K1;15440
Amager Øst - Amagerbro Øst;2021K2;15401
Amager Øst - Amagerbro Øst;2021K3;15354
Amager Øst - Amagerbro Øst;2021K4;15447
Amager Øst - Amagerbro Øst;2022K1;15312
Amager Øst - Amagerbro Øst;2022K2;15382
Amager Øst - Amagerbro Øst;2022K3;15333
Amager Øst - Amagerbro Øst;2022K4;15513
Amager Øst - Amagerbro Øst;2023K1;15468
Amager Øst - Amagerbro Øst;2023K2;15741
Amager Øst - Amagerbro Øst;2023K3;15559
Amager Øst - Amagerbro Øst;2023K4;15825
Amager Øst - Amagerbro Øst;2024K1;15656
Amager Øst - Amagerbro Øst;2024K2;15720
Amager Øst - Amagerbro Øst;2024K3;15554
Amager Øst - Amagerbro Øst;2024K4;15786
Amager Øst - Amagerbro Øst;2025K1;15626
Amager Øst - Sundbyøster;1998K1;7991
Amager Øst - Sundbyøster;1999K1;8071
Amager Øst - Sundbyøster;2000K1;8295
Amager Øst - Sundbyøster;2001K1;8483
Amager Øst - Sundbyøster;2002K1;8482
Amager Øst - Sundbyøster;2002K2;8457
Amager Øst - Sundbyøster;2002K3;8426
Amager Øst - Sundbyøster;2002K4;8442
Amager Øst - Sundbyøster;2003K1;8491
Amager Øst - Sundbyøster;2003K2;8491
Amager Øst - Sundbyøster;2003K3;8428
Amager Øst - Sundbyøster;2003K4;8505
Amager Øst - Sundbyøster;2004K1;8560
Amager Øst - Sundbyøster;2004K2;8565
Amager Øst - Sundbyøster;2004K3;8599
Amager Øst - Sundbyøster;2004K4;8642
Amager Øst - Sundbyøster;2005K1;8606
Amager Øst - Sundbyøster;2005K2;8599
Amager Øst - Sundbyøster;2005K3;8531
Amager Øst - Sundbyøster;2005K4;8618
Amager Øst - Sundbyøster;2006K1;8616
Amager Øst - Sundbyøster;2006K2;8636
Amager Øst - Sundbyøster;2006K3;8557
Amager Øst - Sundbyøster;2006K4;8568
Amager Øst - Sundbyøster;2007K1;8576
Amager Øst - Sundbyøster;2007K2;8584
Amager Øst - Sundbyøster;2007K3;8510
Amager Øst - Sundbyøster;2007K4;8582
Amager Øst - Sundbyøster;2008K1;8556
Amager Øst - Sundbyøster;2008K2;8544
Amager Øst - Sundbyøster;2008K3;8489
Amager Øst - Sundbyøster;2008K4;8592
Amager Øst - Sundbyøster;2009K1;8631
Amager Øst - Sundbyøster;2009K2;8718
Amager Øst - Sundbyøster;2009K3;8737
Amager Øst - Sundbyøster;2009K4;8743
Amager Øst - Sundbyøster;2010K1;8685
Amager Øst - Sundbyøster;2010K2;8719
Amager Øst - Sundbyøster;2010K3;8696
Amager Øst - Sundbyøster;2011K1;8803
Amager Øst - Sundbyøster;2011K2;8810
Amager Øst - Sundbyøster;2011K3;8794
Amager Øst - Sundbyøster;2011K4;8890
Amager Øst - Sundbyøster;2012K1;8920
Amager Øst - Sundbyøster;2012K2;8986
Amager Øst - Sundbyøster;2012K3;8940
Amager Øst - Sundbyøster;2012K4;9066
Amager Øst - Sundbyøster;2013K1;9062
Amager Øst - Sundbyøster;2013K2;9071
Amager Øst - Sundbyøster;2013K3;9060
Amager Øst - Sundbyøster;2013K4;9166
Amager Øst - Sundbyøster;2014K1;9121
Amager Øst - Sundbyøster;2014K2;9157
Amager Øst - Sundbyøster;2014K3;9134
Amager Øst - Sundbyøster;2014K4;9233
Amager Øst - Sundbyøster;2015K1;9173
Amager Øst - Sundbyøster;2015K2;9286
Amager Øst - Sundbyøster;2015K3;9191
Amager Øst - Sundbyøster;2015K4;9291
Amager Øst - Sundbyøster;2016K1;9199
Amager Øst - Sundbyøster;2016K2;9260
Amager Øst - Sundbyøster;2016K3;9263
Amager Øst - Sundbyøster;2016K4;9370
Amager Øst - Sundbyøster;2017K1;9313
Amager Øst - Sundbyøster;2017K2;9325
Amager Øst - Sundbyøster;2017K3;9290
Amager Øst - Sundbyøster;2017K4;9347
Amager Øst - Sundbyøster;2018K1;9323
Amager Øst - Sundbyøster;2018K2;9277
Amager Øst - Sundbyøster;2018K3;9243
Amager Øst - Sundbyøster;2018K4;9298
Amager Øst - Sundbyøster;2019K1;9275
Amager Øst - Sundbyøster;2019K2;9276
Amager Øst - Sundbyøster;2019K3;9255
Amager Øst - Sundbyøster;2019K4;9305
Amager Øst - Sundbyøster;2020K1;9236
Amager Øst - Sundbyøster;2020K2;9198
Amager Øst - Sundbyøster;2020K3;9145
Amager Øst - Sundbyøster;2020K4;9233
Amager Øst - Sundbyøster;2021K1;9198
Amager Øst - Sundbyøster;2021K2;9153
Amager Øst - Sundbyøster;2021K3;9125
Amager Øst - Sundbyøster;2021K4;9197
Amager Øst - Sundbyøster;2022K1;9099
Amager Øst - Sundbyøster;2022K2;9077
Amager Øst - Sundbyøster;2022K3;9039
Amager Øst - Sundbyøster;2022K4;9037
Amager Øst - Sundbyøster;2023K1;9061
Amager Øst - Sundbyøster;2023K2;9080
Amager Øst - Sundbyøster;2023K3;9044
Amager Øst - Sundbyøster;2023K4;9079
Amager Øst - Sundbyøster;2024K1;9087
Amager Øst - Sundbyøster;2024K2;9084
Amager Øst - Sundbyøster;2024K3;9070
Amager Øst - Sundbyøster;2024K4;9098
Amager Øst - Sundbyøster;2025K1;9118
Amager Øst - Villakvartererne;1998K1;7633
Amager Øst - Villakvartererne;1999K1;7700
Amager Øst - Villakvartererne;2000K1;7699
Amager Øst - Villakvartererne;2001K1;7663
Amager Øst - Villakvartererne;2002K1;7675
Amager Øst - Villakvartererne;2002K2;7621
Amager Øst - Villakvartererne;2002K3;7593
Amager Øst - Villakvartererne;2002K4;7636
Amager Øst - Villakvartererne;2003K1;7630
Amager Øst - Villakvartererne;2003K2;7623
Amager Øst - Villakvartererne;2003K3;7616
Amager Øst - Villakvartererne;2003K4;7652
Amager Øst - Villakvartererne;2004K1;7680
Amager Øst - Villakvartererne;2004K2;7629
Amager Øst - Villakvartererne;2004K3;7630
Amager Øst - Villakvartererne;2004K4;7638
Amager Øst - Villakvartererne;2005K1;7630
Amager Øst - Villakvartererne;2005K2;7627
Amager Øst - Villakvartererne;2005K3;7577
Amager Øst - Villakvartererne;2005K4;7630
Amager Øst - Villakvartererne;2006K1;7621
Amager Øst - Villakvartererne;2006K2;7603
Amager Øst - Villakvartererne;2006K3;7556
Amager Øst - Villakvartererne;2006K4;7565
Amager Øst - Villakvartererne;2007K1;7534
Amager Øst - Villakvartererne;2007K2;7524
Amager Øst - Villakvartererne;2007K3;7453
Amager Øst - Villakvartererne;2007K4;7561
Amager Øst - Villakvartererne;2008K1;7529
Amager Øst - Villakvartererne;2008K2;7523
Amager Øst - Villakvartererne;2008K3;7520
Amager Øst - Villakvartererne;2008K4;7602
Amager Øst - Villakvartererne;2009K1;7605
Amager Øst - Villakvartererne;2009K2;7613
Amager Øst - Villakvartererne;2009K3;7618
Amager Øst - Villakvartererne;2009K4;7673
Amager Øst - Villakvartererne;2010K1;7680
Amager Øst - Villakvartererne;2010K2;7691
Amager Øst - Villakvartererne;2010K3;7669
Amager Øst - Villakvartererne;2011K1;7652
Amager Øst - Villakvartererne;2011K2;7634
Amager Øst - Villakvartererne;2011K3;7623
Amager Øst - Villakvartererne;2011K4;7658
Amager Øst - Villakvartererne;2012K1;7643
Amager Øst - Villakvartererne;2012K2;7668
Amager Øst - Villakvartererne;2012K3;7682
Amager Øst - Villakvartererne;2012K4;7742
Amager Øst - Villakvartererne;2013K1;7771
Amager Øst - Villakvartererne;2013K2;7773
Amager Øst - Villakvartererne;2013K3;7718
Amager Øst - Villakvartererne;2013K4;7858
Amager Øst - Villakvartererne;2014K1;7830
Amager Øst - Villakvartererne;2014K2;7852
Amager Øst - Villakvartererne;2014K3;7798
Amager Øst - Villakvartererne;2014K4;7909
Amager Øst - Villakvartererne;2015K1;7914
Amager Øst - Villakvartererne;2015K2;7985
Amager Øst - Villakvartererne;2015K3;7965
Amager Øst - Villakvartererne;2015K4;8018
Amager Øst - Villakvartererne;2016K1;8025
Amager Øst - Villakvartererne;2016K2;8051
Amager Øst - Villakvartererne;2016K3;8034
Amager Øst - Villakvartererne;2016K4;8114
Amager Øst - Villakvartererne;2017K1;8087
Amager Øst - Villakvartererne;2017K2;8099
Amager Øst - Villakvartererne;2017K3;8057
Amager Øst - Villakvartererne;2017K4;8111
Amager Øst - Villakvartererne;2018K1;8136
Amager Øst - Villakvartererne;2018K2;8058
Amager Øst - Villakvartererne;2018K3;8029
Amager Øst - Villakvartererne;2018K4;8133
Amager Øst - Villakvartererne;2019K1;8096
Amager Øst - Villakvartererne;2019K2;8094
Amager Øst - Villakvartererne;2019K3;8068
Amager Øst - Villakvartererne;2019K4;8128
Amager Øst - Villakvartererne;2020K1;8044
Amager Øst - Villakvartererne;2020K2;8027
Amager Øst - Villakvartererne;2020K3;7981
Amager Øst - Villakvartererne;2020K4;8007
Amager Øst - Villakvartererne;2021K1;7995
Amager Øst - Villakvartererne;2021K2;7994
Amager Øst - Villakvartererne;2021K3;7996
Amager Øst - Villakvartererne;2021K4;8208
Amager Øst - Villakvartererne;2022K1;8199
Amager Øst - Villakvartererne;2022K2;8228
Amager Øst - Villakvartererne;2022K3;8418
Amager Øst - Villakvartererne;2022K4;8584
Amager Øst - Villakvartererne;2023K1;8579
Amager Øst - Villakvartererne;2023K2;8621
Amager Øst - Villakvartererne;2023K3;8491
Amager Øst - Villakvartererne;2023K4;8585
Amager Øst - Villakvartererne;2024K1;8602
Amager Øst - Villakvartererne;2024K2;8615
Amager Øst - Villakvartererne;2024K3;8558
Amager Øst - Villakvartererne;2024K4;8631
Amager Øst - Villakvartererne;2025K1;8632
Amager Øst - Nordøstamager;1998K1;856
Amager Øst - Nordøstamager;1999K1;852
Amager Øst - Nordøstamager;2000K1;591
Amager Øst - Nordøstamager;2001K1;588
Amager Øst - Nordøstamager;2002K1;583
Amager Øst - Nordøstamager;2002K2;596
Amager Øst - Nordøstamager;2002K3;595
Amager Øst - Nordøstamager;2002K4;591
Amager Øst - Nordøstamager;2003K1;593
Amager Øst - Nordøstamager;2003K2;589
Amager Øst - Nordøstamager;2003K3;589
Amager Øst - Nordøstamager;2003K4;600
Amager Øst - Nordøstamager;2004K1;596
Amager Øst - Nordøstamager;2004K2;638
Amager Øst - Nordøstamager;2004K3;650
Amager Øst - Nordøstamager;2004K4;664
Amager Øst - Nordøstamager;2005K1;659
Amager Øst - Nordøstamager;2005K2;654
Amager Øst - Nordøstamager;2005K3;686
Amager Øst - Nordøstamager;2005K4;720
Amager Øst - Nordøstamager;2006K1;729
Amager Øst - Nordøstamager;2006K2;818
Amager Øst - Nordøstamager;2006K3;809
Amager Øst - Nordøstamager;2006K4;845
Amager Øst - Nordøstamager;2007K1;835
Amager Øst - Nordøstamager;2007K2;843
Amager Øst - Nordøstamager;2007K3;849
Amager Øst - Nordøstamager;2007K4;902
Amager Øst - Nordøstamager;2008K1;979
Amager Øst - Nordøstamager;2008K2;1011
Amager Øst - Nordøstamager;2008K3;1011
Amager Øst - Nordøstamager;2008K4;1021
Amager Øst - Nordøstamager;2009K1;1018
Amager Øst - Nordøstamager;2009K2;1011
Amager Øst - Nordøstamager;2009K3;1022
Amager Øst - Nordøstamager;2009K4;1034
Amager Øst - Nordøstamager;2010K1;1028
Amager Øst - Nordøstamager;2010K2;1026
Amager Øst - Nordøstamager;2010K3;1027
Amager Øst - Nordøstamager;2011K1;1039
Amager Øst - Nordøstamager;2011K2;1036
Amager Øst - Nordøstamager;2011K3;1034
Amager Øst - Nordøstamager;2011K4;1055
Amager Øst - Nordøstamager;2012K1;1050
Amager Øst - Nordøstamager;2012K2;1051
Amager Øst - Nordøstamager;2012K3;1054
Amager Øst - Nordøstamager;2012K4;1070
Amager Øst - Nordøstamager;2013K1;1101
Amager Øst - Nordøstamager;2013K2;1118
Amager Øst - Nordøstamager;2013K3;1120
Amager Øst - Nordøstamager;2013K4;1143
Amager Øst - Nordøstamager;2014K1;1219
Amager Øst - Nordøstamager;2014K2;1247
Amager Øst - Nordøstamager;2014K3;1406
Amager Øst - Nordøstamager;2014K4;1791
Amager Øst - Nordøstamager;2015K1;2043
Amager Øst - Nordøstamager;2015K2;2008
Amager Øst - Nordøstamager;2015K3;2019
Amager Øst - Nordøstamager;2015K4;2287
Amager Øst - Nordøstamager;2016K1;2270
Amager Øst - Nordøstamager;2016K2;2247
Amager Øst - Nordøstamager;2016K3;2308
Amager Øst - Nordøstamager;2016K4;2345
Amager Øst - Nordøstamager;2017K1;2348
Amager Øst - Nordøstamager;2017K2;2460
Amager Øst - Nordøstamager;2017K3;2497
Amager Øst - Nordøstamager;2017K4;2647
Amager Øst - Nordøstamager;2018K1;2706
Amager Øst - Nordøstamager;2018K2;2803
Amager Øst - Nordøstamager;2018K3;2997
Amager Øst - Nordøstamager;2018K4;3298
Amager Øst - Nordøstamager;2019K1;3448
Amager Øst - Nordøstamager;2019K2;3495
Amager Øst - Nordøstamager;2019K3;3525
Amager Øst - Nordøstamager;2019K4;3775
Amager Øst - Nordøstamager;2020K1;3861
Amager Øst - Nordøstamager;2020K2;4061
Amager Øst - Nordøstamager;2020K3;4153
Amager Øst - Nordøstamager;2020K4;4632
Amager Øst - Nordøstamager;2021K1;4896
Amager Øst - Nordøstamager;2021K2;5004
Amager Øst - Nordøstamager;2021K3;5086
Amager Øst - Nordøstamager;2021K4;5253
Amager Øst - Nordøstamager;2022K1;5241
Amager Øst - Nordøstamager;2022K2;5237
Amager Øst - Nordøstamager;2022K3;5272
Amager Øst - Nordøstamager;2022K4;5323
Amager Øst - Nordøstamager;2023K1;5348
Amager Øst - Nordøstamager;2023K2;5388
Amager Øst - Nordøstamager;2023K3;5403
Amager Øst - Nordøstamager;2023K4;5560
Amager Øst - Nordøstamager;2024K1;5552
Amager Øst - Nordøstamager;2024K2;5514
Amager Øst - Nordøstamager;2024K3;5484
Amager Øst - Nordøstamager;2024K4;5562
Amager Øst - Nordøstamager;2025K1;5538
Amager Vest - Amagerbro Vest;1998K1;3492
Amager Vest - Amagerbro Vest;1999K1;4101
Amager Vest - Amagerbro Vest;2000K1;4119
Amager Vest - Amagerbro Vest;2001K1;4162
Amager Vest - Amagerbro Vest;2002K1;4117
Amager Vest - Amagerbro Vest;2002K2;4132
Amager Vest - Amagerbro Vest;2002K3;4119
Amager Vest - Amagerbro Vest;2002K4;4126
Amager Vest - Amagerbro Vest;2003K1;4113
Amager Vest - Amagerbro Vest;2003K2;4085
Amager Vest - Amagerbro Vest;2003K3;4063
Amager Vest - Amagerbro Vest;2003K4;4118
Amager Vest - Amagerbro Vest;2004K1;4126
Amager Vest - Amagerbro Vest;2004K2;4111
Amager Vest - Amagerbro Vest;2004K3;4104
Amager Vest - Amagerbro Vest;2004K4;4159
Amager Vest - Amagerbro Vest;2005K1;4127
Amager Vest - Amagerbro Vest;2005K2;4112
Amager Vest - Amagerbro Vest;2005K3;4084
Amager Vest - Amagerbro Vest;2005K4;4115
Amager Vest - Amagerbro Vest;2006K1;4073
Amager Vest - Amagerbro Vest;2006K2;4055
Amager Vest - Amagerbro Vest;2006K3;4047
Amager Vest - Amagerbro Vest;2006K4;4088
Amager Vest - Amagerbro Vest;2007K1;4107
Amager Vest - Amagerbro Vest;2007K2;4087
Amager Vest - Amagerbro Vest;2007K3;4102
Amager Vest - Amagerbro Vest;2007K4;4125
Amager Vest - Amagerbro Vest;2008K1;4102
Amager Vest - Amagerbro Vest;2008K2;4125
Amager Vest - Amagerbro Vest;2008K3;4101
Amager Vest - Amagerbro Vest;2008K4;4164
Amager Vest - Amagerbro Vest;2009K1;4147
Amager Vest - Amagerbro Vest;2009K2;4163
Amager Vest - Amagerbro Vest;2009K3;4177
Amager Vest - Amagerbro Vest;2009K4;4223
Amager Vest - Amagerbro Vest;2010K1;4221
Amager Vest - Amagerbro Vest;2010K2;4230
Amager Vest - Amagerbro Vest;2010K3;4255
Amager Vest - Amagerbro Vest;2011K1;4299
Amager Vest - Amagerbro Vest;2011K2;4318
Amager Vest - Amagerbro Vest;2011K3;4312
Amager Vest - Amagerbro Vest;2011K4;4358
Amager Vest - Amagerbro Vest;2012K1;4357
Amager Vest - Amagerbro Vest;2012K2;4355
Amager Vest - Amagerbro Vest;2012K3;4330
Amager Vest - Amagerbro Vest;2012K4;4371
Amager Vest - Amagerbro Vest;2013K1;4402
Amager Vest - Amagerbro Vest;2013K2;4431
Amager Vest - Amagerbro Vest;2013K3;4397
Amager Vest - Amagerbro Vest;2013K4;4416
Amager Vest - Amagerbro Vest;2014K1;4437
Amager Vest - Amagerbro Vest;2014K2;4465
Amager Vest - Amagerbro Vest;2014K3;4422
Amager Vest - Amagerbro Vest;2014K4;4456
Amager Vest - Amagerbro Vest;2015K1;4457
Amager Vest - Amagerbro Vest;2015K2;4462
Amager Vest - Amagerbro Vest;2015K3;4478
Amager Vest - Amagerbro Vest;2015K4;4558
Amager Vest - Amagerbro Vest;2016K1;4553
Amager Vest - Amagerbro Vest;2016K2;4518
Amager Vest - Amagerbro Vest;2016K3;4502
Amager Vest - Amagerbro Vest;2016K4;4602
Amager Vest - Amagerbro Vest;2017K1;4563
Amager Vest - Amagerbro Vest;2017K2;4544
Amager Vest - Amagerbro Vest;2017K3;4521
Amager Vest - Amagerbro Vest;2017K4;4568
Amager Vest - Amagerbro Vest;2018K1;4518
Amager Vest - Amagerbro Vest;2018K2;4520
Amager Vest - Amagerbro Vest;2018K3;4523
Amager Vest - Amagerbro Vest;2018K4;4541
Amager Vest - Amagerbro Vest;2019K1;4516
Amager Vest - Amagerbro Vest;2019K2;4467
Amager Vest - Amagerbro Vest;2019K3;4437
Amager Vest - Amagerbro Vest;2019K4;4425
Amager Vest - Amagerbro Vest;2020K1;4458
Amager Vest - Amagerbro Vest;2020K2;4467
Amager Vest - Amagerbro Vest;2020K3;4417
Amager Vest - Amagerbro Vest;2020K4;4463
Amager Vest - Amagerbro Vest;2021K1;4434
Amager Vest - Amagerbro Vest;2021K2;4395
Amager Vest - Amagerbro Vest;2021K3;4443
Amager Vest - Amagerbro Vest;2021K4;4467
Amager Vest - Amagerbro Vest;2022K1;4422
Amager Vest - Amagerbro Vest;2022K2;4475
Amager Vest - Amagerbro Vest;2022K3;4449
Amager Vest - Amagerbro Vest;2022K4;4474
Amager Vest - Amagerbro Vest;2023K1;4489
Amager Vest - Amagerbro Vest;2023K2;4499
Amager Vest - Amagerbro Vest;2023K3;4444
Amager Vest - Amagerbro Vest;2023K4;4488
Amager Vest - Amagerbro Vest;2024K1;4492
Amager Vest - Amagerbro Vest;2024K2;4480
Amager Vest - Amagerbro Vest;2024K3;4455
Amager Vest - Amagerbro Vest;2024K4;4451
Amager Vest - Amagerbro Vest;2025K1;4459
Amager Vest - Bryggen Syd;1998K1;71
Amager Vest - Bryggen Syd;1999K1;70
Amager Vest - Bryggen Syd;2000K1;87
Amager Vest - Bryggen Syd;2001K1;78
Amager Vest - Bryggen Syd;2002K1;77
Amager Vest - Bryggen Syd;2002K2;79
Amager Vest - Bryggen Syd;2002K3;77
Amager Vest - Bryggen Syd;2002K4;75
Amager Vest - Bryggen Syd;2003K1;72
Amager Vest - Bryggen Syd;2003K2;79
Amager Vest - Bryggen Syd;2003K3;67
Amager Vest - Bryggen Syd;2003K4;99
Amager Vest - Bryggen Syd;2004K1;102
Amager Vest - Bryggen Syd;2004K2;87
Amager Vest - Bryggen Syd;2004K3;77
Amager Vest - Bryggen Syd;2004K4;85
Amager Vest - Bryggen Syd;2005K1;105
Amager Vest - Bryggen Syd;2005K2;168
Amager Vest - Bryggen Syd;2005K3;224
Amager Vest - Bryggen Syd;2005K4;323
Amager Vest - Bryggen Syd;2006K1;414
Amager Vest - Bryggen Syd;2006K2;439
Amager Vest - Bryggen Syd;2006K3;594
Amager Vest - Bryggen Syd;2006K4;715
Amager Vest - Bryggen Syd;2007K1;782
Amager Vest - Bryggen Syd;2007K2;820
Amager Vest - Bryggen Syd;2007K3;892
Amager Vest - Bryggen Syd;2007K4;912
Amager Vest - Bryggen Syd;2008K1;903
Amager Vest - Bryggen Syd;2008K2;905
Amager Vest - Bryggen Syd;2008K3;938
Amager Vest - Bryggen Syd;2008K4;940
Amager Vest - Bryggen Syd;2009K1;960
Amager Vest - Bryggen Syd;2009K2;972
Amager Vest - Bryggen Syd;2009K3;994
Amager Vest - Bryggen Syd;2009K4;1001
Amager Vest - Bryggen Syd;2010K1;1004
Amager Vest - Bryggen Syd;2010K2;1019
Amager Vest - Bryggen Syd;2010K3;1008
Amager Vest - Bryggen Syd;2011K1;1047
Amager Vest - Bryggen Syd;2011K2;1055
Amager Vest - Bryggen Syd;2011K3;1087
Amager Vest - Bryggen Syd;2011K4;1119
Amager Vest - Bryggen Syd;2012K1;1131
Amager Vest - Bryggen Syd;2012K2;1151
Amager Vest - Bryggen Syd;2012K3;1182
Amager Vest - Bryggen Syd;2012K4;1194
Amager Vest - Bryggen Syd;2013K1;1215
Amager Vest - Bryggen Syd;2013K2;1244
Amager Vest - Bryggen Syd;2013K3;1247
Amager Vest - Bryggen Syd;2013K4;1242
Amager Vest - Bryggen Syd;2014K1;1272
Amager Vest - Bryggen Syd;2014K2;1287
Amager Vest - Bryggen Syd;2014K3;1410
Amager Vest - Bryggen Syd;2014K4;1488
Amager Vest - Bryggen Syd;2015K1;1563
Amager Vest - Bryggen Syd;2015K2;1622
Amager Vest - Bryggen Syd;2015K3;1724
Amager Vest - Bryggen Syd;2015K4;1756
Amager Vest - Bryggen Syd;2016K1;1783
Amager Vest - Bryggen Syd;2016K2;1856
Amager Vest - Bryggen Syd;2016K3;1833
Amager Vest - Bryggen Syd;2016K4;1880
Amager Vest - Bryggen Syd;2017K1;1932
Amager Vest - Bryggen Syd;2017K2;1966
Amager Vest - Bryggen Syd;2017K3;1956
Amager Vest - Bryggen Syd;2017K4;1980
Amager Vest - Bryggen Syd;2018K1;1975
Amager Vest - Bryggen Syd;2018K2;2042
Amager Vest - Bryggen Syd;2018K3;2046
Amager Vest - Bryggen Syd;2018K4;2077
Amager Vest - Bryggen Syd;2019K1;2093
Amager Vest - Bryggen Syd;2019K2;2127
Amager Vest - Bryggen Syd;2019K3;2151
Amager Vest - Bryggen Syd;2019K4;2230
Amager Vest - Bryggen Syd;2020K1;2278
Amager Vest - Bryggen Syd;2020K2;2310
Amager Vest - Bryggen Syd;2020K3;2317
Amager Vest - Bryggen Syd;2020K4;2356
Amager Vest - Bryggen Syd;2021K1;2377
Amager Vest - Bryggen Syd;2021K2;2377
Amager Vest - Bryggen Syd;2021K3;2386
Amager Vest - Bryggen Syd;2021K4;2412
Amager Vest - Bryggen Syd;2022K1;2423
Amager Vest - Bryggen Syd;2022K2;2519
Amager Vest - Bryggen Syd;2022K3;2465
Amager Vest - Bryggen Syd;2022K4;2501
Amager Vest - Bryggen Syd;2023K1;2551
Amager Vest - Bryggen Syd;2023K2;2669
Amager Vest - Bryggen Syd;2023K3;2654
Amager Vest - Bryggen Syd;2023K4;2717
Amager Vest - Bryggen Syd;2024K1;2692
Amager Vest - Bryggen Syd;2024K2;2759
Amager Vest - Bryggen Syd;2024K3;2674
Amager Vest - Bryggen Syd;2024K4;2761
Amager Vest - Bryggen Syd;2025K1;2696
Amager Vest - Faste Batteri;1998K1;1115
Amager Vest - Faste Batteri;1999K1;1126
Amager Vest - Faste Batteri;2000K1;1139
Amager Vest - Faste Batteri;2001K1;1143
Amager Vest - Faste Batteri;2002K1;1124
Amager Vest - Faste Batteri;2002K2;1126
Amager Vest - Faste Batteri;2002K3;1114
Amager Vest - Faste Batteri;2002K4;1132
Amager Vest - Faste Batteri;2003K1;1149
Amager Vest - Faste Batteri;2003K2;1144
Amager Vest - Faste Batteri;2003K3;1157
Amager Vest - Faste Batteri;2003K4;1148
Amager Vest - Faste Batteri;2004K1;1124
Amager Vest - Faste Batteri;2004K2;1171
Amager Vest - Faste Batteri;2004K3;1213
Amager Vest - Faste Batteri;2004K4;1236
Amager Vest - Faste Batteri;2005K1;1239
Amager Vest - Faste Batteri;2005K2;1256
Amager Vest - Faste Batteri;2005K3;1295
Amager Vest - Faste Batteri;2005K4;1340
Amager Vest - Faste Batteri;2006K1;1386
Amager Vest - Faste Batteri;2006K2;1434
Amager Vest - Faste Batteri;2006K3;1573
Amager Vest - Faste Batteri;2006K4;1606
Amager Vest - Faste Batteri;2007K1;1627
Amager Vest - Faste Batteri;2007K2;1660
Amager Vest - Faste Batteri;2007K3;1711
Amager Vest - Faste Batteri;2007K4;1713
Amager Vest - Faste Batteri;2008K1;1727
Amager Vest - Faste Batteri;2008K2;1746
Amager Vest - Faste Batteri;2008K3;1748
Amager Vest - Faste Batteri;2008K4;1756
Amager Vest - Faste Batteri;2009K1;1755
Amager Vest - Faste Batteri;2009K2;1758
Amager Vest - Faste Batteri;2009K3;1778
Amager Vest - Faste Batteri;2009K4;1800
Amager Vest - Faste Batteri;2010K1;1818
Amager Vest - Faste Batteri;2010K2;1802
Amager Vest - Faste Batteri;2010K3;1798
Amager Vest - Faste Batteri;2011K1;1844
Amager Vest - Faste Batteri;2011K2;1866
Amager Vest - Faste Batteri;2011K3;1854
Amager Vest - Faste Batteri;2011K4;1860
Amager Vest - Faste Batteri;2012K1;1866
Amager Vest - Faste Batteri;2012K2;1872
Amager Vest - Faste Batteri;2012K3;1863
Amager Vest - Faste Batteri;2012K4;1907
Amager Vest - Faste Batteri;2013K1;2024
Amager Vest - Faste Batteri;2013K2;2032
Amager Vest - Faste Batteri;2013K3;2059
Amager Vest - Faste Batteri;2013K4;2085
Amager Vest - Faste Batteri;2014K1;2083
Amager Vest - Faste Batteri;2014K2;2088
Amager Vest - Faste Batteri;2014K3;2067
Amager Vest - Faste Batteri;2014K4;2114
Amager Vest - Faste Batteri;2015K1;2095
Amager Vest - Faste Batteri;2015K2;2129
Amager Vest - Faste Batteri;2015K3;2110
Amager Vest - Faste Batteri;2015K4;2133
Amager Vest - Faste Batteri;2016K1;2098
Amager Vest - Faste Batteri;2016K2;2125
Amager Vest - Faste Batteri;2016K3;2084
Amager Vest - Faste Batteri;2016K4;2141
Amager Vest - Faste Batteri;2017K1;2112
Amager Vest - Faste Batteri;2017K2;2119
Amager Vest - Faste Batteri;2017K3;2089
Amager Vest - Faste Batteri;2017K4;2122
Amager Vest - Faste Batteri;2018K1;2109
Amager Vest - Faste Batteri;2018K2;2162
Amager Vest - Faste Batteri;2018K3;2094
Amager Vest - Faste Batteri;2018K4;2287
Amager Vest - Faste Batteri;2019K1;2261
Amager Vest - Faste Batteri;2019K2;2407
Amager Vest - Faste Batteri;2019K3;2273
Amager Vest - Faste Batteri;2019K4;2545
Amager Vest - Faste Batteri;2020K1;2380
Amager Vest - Faste Batteri;2020K2;2457
Amager Vest - Faste Batteri;2020K3;2486
Amager Vest - Faste Batteri;2020K4;2583
Amager Vest - Faste Batteri;2021K1;2632
Amager Vest - Faste Batteri;2021K2;2710
Amager Vest - Faste Batteri;2021K3;2695
Amager Vest - Faste Batteri;2021K4;2745
Amager Vest - Faste Batteri;2022K1;2726
Amager Vest - Faste Batteri;2022K2;3048
Amager Vest - Faste Batteri;2022K3;2921
Amager Vest - Faste Batteri;2022K4;3201
Amager Vest - Faste Batteri;2023K1;3148
Amager Vest - Faste Batteri;2023K2;3429
Amager Vest - Faste Batteri;2023K3;3177
Amager Vest - Faste Batteri;2023K4;3461
Amager Vest - Faste Batteri;2024K1;3222
Amager Vest - Faste Batteri;2024K2;3478
Amager Vest - Faste Batteri;2024K3;3221
Amager Vest - Faste Batteri;2024K4;3552
Amager Vest - Faste Batteri;2025K1;3294
Amager Vest - Gamle Bryggen;1998K1;3921
Amager Vest - Gamle Bryggen;1999K1;3960
Amager Vest - Gamle Bryggen;2000K1;3928
Amager Vest - Gamle Bryggen;2001K1;3906
Amager Vest - Gamle Bryggen;2002K1;3928
Amager Vest - Gamle Bryggen;2002K2;3935
Amager Vest - Gamle Bryggen;2002K3;3917
Amager Vest - Gamle Bryggen;2002K4;3903
Amager Vest - Gamle Bryggen;2003K1;3923
Amager Vest - Gamle Bryggen;2003K2;3928
Amager Vest - Gamle Bryggen;2003K3;3886
Amager Vest - Gamle Bryggen;2003K4;3973
Amager Vest - Gamle Bryggen;2004K1;4028
Amager Vest - Gamle Bryggen;2004K2;3990
Amager Vest - Gamle Bryggen;2004K3;4037
Amager Vest - Gamle Bryggen;2004K4;4150
Amager Vest - Gamle Bryggen;2005K1;4147
Amager Vest - Gamle Bryggen;2005K2;4213
Amager Vest - Gamle Bryggen;2005K3;4206
Amager Vest - Gamle Bryggen;2005K4;4379
Amager Vest - Gamle Bryggen;2006K1;4383
Amager Vest - Gamle Bryggen;2006K2;4372
Amager Vest - Gamle Bryggen;2006K3;4338
Amager Vest - Gamle Bryggen;2006K4;4396
Amager Vest - Gamle Bryggen;2007K1;4382
Amager Vest - Gamle Bryggen;2007K2;4371
Amager Vest - Gamle Bryggen;2007K3;4352
Amager Vest - Gamle Bryggen;2007K4;4369
Amager Vest - Gamle Bryggen;2008K1;4324
Amager Vest - Gamle Bryggen;2008K2;4321
Amager Vest - Gamle Bryggen;2008K3;4310
Amager Vest - Gamle Bryggen;2008K4;4342
Amager Vest - Gamle Bryggen;2009K1;4322
Amager Vest - Gamle Bryggen;2009K2;4332
Amager Vest - Gamle Bryggen;2009K3;4358
Amager Vest - Gamle Bryggen;2009K4;4381
Amager Vest - Gamle Bryggen;2010K1;4370
Amager Vest - Gamle Bryggen;2010K2;4398
Amager Vest - Gamle Bryggen;2010K3;4396
Amager Vest - Gamle Bryggen;2011K1;4415
Amager Vest - Gamle Bryggen;2011K2;4419
Amager Vest - Gamle Bryggen;2011K3;4439
Amager Vest - Gamle Bryggen;2011K4;4501
Amager Vest - Gamle Bryggen;2012K1;4479
Amager Vest - Gamle Bryggen;2012K2;4474
Amager Vest - Gamle Bryggen;2012K3;4473
Amager Vest - Gamle Bryggen;2012K4;4503
Amager Vest - Gamle Bryggen;2013K1;4549
Amager Vest - Gamle Bryggen;2013K2;4605
Amager Vest - Gamle Bryggen;2013K3;4576
Amager Vest - Gamle Bryggen;2013K4;4619
Amager Vest - Gamle Bryggen;2014K1;4621
Amager Vest - Gamle Bryggen;2014K2;4625
Amager Vest - Gamle Bryggen;2014K3;4629
Amager Vest - Gamle Bryggen;2014K4;4684
Amager Vest - Gamle Bryggen;2015K1;4697
Amager Vest - Gamle Bryggen;2015K2;4674
Amager Vest - Gamle Bryggen;2015K3;4651
Amager Vest - Gamle Bryggen;2015K4;4673
Amager Vest - Gamle Bryggen;2016K1;4662
Amager Vest - Gamle Bryggen;2016K2;4645
Amager Vest - Gamle Bryggen;2016K3;4636
Amager Vest - Gamle Bryggen;2016K4;4647
Amager Vest - Gamle Bryggen;2017K1;4630
Amager Vest - Gamle Bryggen;2017K2;4610
Amager Vest - Gamle Bryggen;2017K3;4591
Amager Vest - Gamle Bryggen;2017K4;4634
Amager Vest - Gamle Bryggen;2018K1;4598
Amager Vest - Gamle Bryggen;2018K2;4648
Amager Vest - Gamle Bryggen;2018K3;4618
Amager Vest - Gamle Bryggen;2018K4;4606
Amager Vest - Gamle Bryggen;2019K1;4562
Amager Vest - Gamle Bryggen;2019K2;4549
Amager Vest - Gamle Bryggen;2019K3;4527
Amager Vest - Gamle Bryggen;2019K4;4541
Amager Vest - Gamle Bryggen;2020K1;4538
Amager Vest - Gamle Bryggen;2020K2;4513
Amager Vest - Gamle Bryggen;2020K3;4516
Amager Vest - Gamle Bryggen;2020K4;4518
Amager Vest - Gamle Bryggen;2021K1;4467
Amager Vest - Gamle Bryggen;2021K2;4451
Amager Vest - Gamle Bryggen;2021K3;4452
Amager Vest - Gamle Bryggen;2021K4;4478
Amager Vest - Gamle Bryggen;2022K1;4463
Amager Vest - Gamle Bryggen;2022K2;4462
Amager Vest - Gamle Bryggen;2022K3;4435
Amager Vest - Gamle Bryggen;2022K4;4432
Amager Vest - Gamle Bryggen;2023K1;4400
Amager Vest - Gamle Bryggen;2023K2;4384
Amager Vest - Gamle Bryggen;2023K3;4364
Amager Vest - Gamle Bryggen;2023K4;4424
Amager Vest - Gamle Bryggen;2024K1;4430
Amager Vest - Gamle Bryggen;2024K2;4419
Amager Vest - Gamle Bryggen;2024K3;4412
Amager Vest - Gamle Bryggen;2024K4;4426
Amager Vest - Gamle Bryggen;2025K1;4419
Amager Vest - Grønjordssøen (Ørestad Nord og Vejlandskvarter);1998K1;87
Amager Vest - Grønjordssøen (Ørestad Nord og Vejlandskvarter);1999K1;86
Amager Vest - Grønjordssøen (Ørestad Nord og Vejlandskvarter);2000K1;79
Amager Vest - Grønjordssøen (Ørestad Nord og Vejlandskvarter);2001K1;81
Amager Vest - Grønjordssøen (Ørestad Nord og Vejlandskvarter);2002K1;89
Amager Vest - Grønjordssøen (Ørestad Nord og Vejlandskvarter);2002K2;90
Amager Vest - Grønjordssøen (Ørestad Nord og Vejlandskvarter);2002K3;94
Amager Vest - Grønjordssøen (Ørestad Nord og Vejlandskvarter);2002K4;94
Amager Vest - Grønjordssøen (Ørestad Nord og Vejlandskvarter);2003K1;96
Amager Vest - Grønjordssøen (Ørestad Nord og Vejlandskvarter);2003K2;96
Amager Vest - Grønjordssøen (Ørestad Nord og Vejlandskvarter);2003K3;90
Amager Vest - Grønjordssøen (Ørestad Nord og Vejlandskvarter);2003K4;89
Amager Vest - Grønjordssøen (Ørestad Nord og Vejlandskvarter);2004K1;88
Amager Vest - Grønjordssøen (Ørestad Nord og Vejlandskvarter);2004K2;91
Amager Vest - Grønjordssøen (Ørestad Nord og Vejlandskvarter);2004K3;225
Amager Vest - Grønjordssøen (Ørestad Nord og Vejlandskvarter);2004K4;254
Amager Vest - Grønjordssøen (Ørestad Nord og Vejlandskvarter);2005K1;253
Amager Vest - Grønjordssøen (Ørestad Nord og Vejlandskvarter);2005K2;276
Amager Vest - Grønjordssøen (Ørestad Nord og Vejlandskvarter);2005K3;323
Amager Vest - Grønjordssøen (Ørestad Nord og Vejlandskvarter);2005K4;363
Amager Vest - Grønjordssøen (Ørestad Nord og Vejlandskvarter);2006K1;447
Amager Vest - Grønjordssøen (Ørestad Nord og Vejlandskvarter);2006K2;541
Amager Vest - Grønjordssøen (Ørestad Nord og Vejlandskvarter);2006K3;556
Amager Vest - Grønjordssøen (Ørestad Nord og Vejlandskvarter);2006K4;815
Amager Vest - Grønjordssøen (Ørestad Nord og Vejlandskvarter);2007K1;929
Amager Vest - Grønjordssøen (Ørestad Nord og Vejlandskvarter);2007K2;1132
Amager Vest - Grønjordssøen (Ørestad Nord og Vejlandskvarter);2007K3;1190
Amager Vest - Grønjordssøen (Ørestad Nord og Vejlandskvarter);2007K4;1241
Amager Vest - Grønjordssøen (Ørestad Nord og Vejlandskvarter);2008K1;1252
Amager Vest - Grønjordssøen (Ørestad Nord og Vejlandskvarter);2008K2;1262
Amager Vest - Grønjordssøen (Ørestad Nord og Vejlandskvarter);2008K3;1250
Amager Vest - Grønjordssøen (Ørestad Nord og Vejlandskvarter);2008K4;1307
Amager Vest - Grønjordssøen (Ørestad Nord og Vejlandskvarter);2009K1;1269
Amager Vest - Grønjordssøen (Ørestad Nord og Vejlandskvarter);2009K2;1300
Amager Vest - Grønjordssøen (Ørestad Nord og Vejlandskvarter);2009K3;1273
Amager Vest - Grønjordssøen (Ørestad Nord og Vejlandskvarter);2009K4;1329
Amager Vest - Grønjordssøen (Ørestad Nord og Vejlandskvarter);2010K1;1313
Amager Vest - Grønjordssøen (Ørestad Nord og Vejlandskvarter);2010K2;1342
Amager Vest - Grønjordssøen (Ørestad Nord og Vejlandskvarter);2010K3;1304
Amager Vest - Grønjordssøen (Ørestad Nord og Vejlandskvarter);2011K1;1273
Amager Vest - Grønjordssøen (Ørestad Nord og Vejlandskvarter);2011K2;1286
Amager Vest - Grønjordssøen (Ørestad Nord og Vejlandskvarter);2011K3;1254
Amager Vest - Grønjordssøen (Ørestad Nord og Vejlandskvarter);2011K4;1286
Amager Vest - Grønjordssøen (Ørestad Nord og Vejlandskvarter);2012K1;1290
Amager Vest - Grønjordssøen (Ørestad Nord og Vejlandskvarter);2012K2;1313
Amager Vest - Grønjordssøen (Ørestad Nord og Vejlandskvarter);2012K3;1289
Amager Vest - Grønjordssøen (Ørestad Nord og Vejlandskvarter);2012K4;1336
Amager Vest - Grønjordssøen (Ørestad Nord og Vejlandskvarter);2013K1;1326
Amager Vest - Grønjordssøen (Ørestad Nord og Vejlandskvarter);2013K2;1322
Amager Vest - Grønjordssøen (Ørestad Nord og Vejlandskvarter);2013K3;1305
Amager Vest - Grønjordssøen (Ørestad Nord og Vejlandskvarter);2013K4;1347
Amager Vest - Grønjordssøen (Ørestad Nord og Vejlandskvarter);2014K1;1358
Amager Vest - Grønjordssøen (Ørestad Nord og Vejlandskvarter);2014K2;1359
Amager Vest - Grønjordssøen (Ørestad Nord og Vejlandskvarter);2014K3;1368
Amager Vest - Grønjordssøen (Ørestad Nord og Vejlandskvarter);2014K4;1408
Amager Vest - Grønjordssøen (Ørestad Nord og Vejlandskvarter);2015K1;1389
Amager Vest - Grønjordssøen (Ørestad Nord og Vejlandskvarter);2015K2;1419
Amager Vest - Grønjordssøen (Ørestad Nord og Vejlandskvarter);2015K3;1402
Amager Vest - Grønjordssøen (Ørestad Nord og Vejlandskvarter);2015K4;1431
Amager Vest - Grønjordssøen (Ørestad Nord og Vejlandskvarter);2016K1;1432
Amager Vest - Grønjordssøen (Ørestad Nord og Vejlandskvarter);2016K2;1432
Amager Vest - Grønjordssøen (Ørestad Nord og Vejlandskvarter);2016K3;1424
Amager Vest - Grønjordssøen (Ørestad Nord og Vejlandskvarter);2016K4;1480
Amager Vest - Grønjordssøen (Ørestad Nord og Vejlandskvarter);2017K1;1650
Amager Vest - Grønjordssøen (Ørestad Nord og Vejlandskvarter);2017K2;1709
Amager Vest - Grønjordssøen (Ørestad Nord og Vejlandskvarter);2017K3;1695
Amager Vest - Grønjordssøen (Ørestad Nord og Vejlandskvarter);2017K4;1686
Amager Vest - Grønjordssøen (Ørestad Nord og Vejlandskvarter);2018K1;1704
Amager Vest - Grønjordssøen (Ørestad Nord og Vejlandskvarter);2018K2;1720
Amager Vest - Grønjordssøen (Ørestad Nord og Vejlandskvarter);2018K3;1685
Amager Vest - Grønjordssøen (Ørestad Nord og Vejlandskvarter);2018K4;1900
Amager Vest - Grønjordssøen (Ørestad Nord og Vejlandskvarter);2019K1;1995
Amager Vest - Grønjordssøen (Ørestad Nord og Vejlandskvarter);2019K2;2006
Amager Vest - Grønjordssøen (Ørestad Nord og Vejlandskvarter);2019K3;1947
Amager Vest - Grønjordssøen (Ørestad Nord og Vejlandskvarter);2019K4;2011
Amager Vest - Grønjordssøen (Ørestad Nord og Vejlandskvarter);2020K1;1968
Amager Vest - Grønjordssøen (Ørestad Nord og Vejlandskvarter);2020K2;1953
Amager Vest - Grønjordssøen (Ørestad Nord og Vejlandskvarter);2020K3;1950
Amager Vest - Grønjordssøen (Ørestad Nord og Vejlandskvarter);2020K4;1961
Amager Vest - Grønjordssøen (Ørestad Nord og Vejlandskvarter);2021K1;2091
Amager Vest - Grønjordssøen (Ørestad Nord og Vejlandskvarter);2021K2;2106
Amager Vest - Grønjordssøen (Ørestad Nord og Vejlandskvarter);2021K3;2091
Amager Vest - Grønjordssøen (Ørestad Nord og Vejlandskvarter);2021K4;2131
Amager Vest - Grønjordssøen (Ørestad Nord og Vejlandskvarter);2022K1;2378
Amager Vest - Grønjordssøen (Ørestad Nord og Vejlandskvarter);2022K2;2433
Amager Vest - Grønjordssøen (Ørestad Nord og Vejlandskvarter);2022K3;2419
Amager Vest - Grønjordssøen (Ørestad Nord og Vejlandskvarter);2022K4;2520
Amager Vest - Grønjordssøen (Ørestad Nord og Vejlandskvarter);2023K1;2504
Amager Vest - Grønjordssøen (Ørestad Nord og Vejlandskvarter);2023K2;2482
Amager Vest - Grønjordssøen (Ørestad Nord og Vejlandskvarter);2023K3;2425
Amager Vest - Grønjordssøen (Ørestad Nord og Vejlandskvarter);2023K4;2471
Amager Vest - Grønjordssøen (Ørestad Nord og Vejlandskvarter);2024K1;2442
Amager Vest - Grønjordssøen (Ørestad Nord og Vejlandskvarter);2024K2;2433
Amager Vest - Grønjordssøen (Ørestad Nord og Vejlandskvarter);2024K3;2344
Amager Vest - Grønjordssøen (Ørestad Nord og Vejlandskvarter);2024K4;2414
Amager Vest - Grønjordssøen (Ørestad Nord og Vejlandskvarter);2025K1;2376
Amager Vest - Kolonihavekvarteret;1998K1;3011
Amager Vest - Kolonihavekvarteret;1999K1;2954
Amager Vest - Kolonihavekvarteret;2000K1;2916
Amager Vest - Kolonihavekvarteret;2001K1;3024
Amager Vest - Kolonihavekvarteret;2002K1;3099
Amager Vest - Kolonihavekvarteret;2002K2;3089
Amager Vest - Kolonihavekvarteret;2002K3;3041
Amager Vest - Kolonihavekvarteret;2002K4;3079
Amager Vest - Kolonihavekvarteret;2003K1;3067
Amager Vest - Kolonihavekvarteret;2003K2;3060
Amager Vest - Kolonihavekvarteret;2003K3;3029
Amager Vest - Kolonihavekvarteret;2003K4;3073
Amager Vest - Kolonihavekvarteret;2004K1;3067
Amager Vest - Kolonihavekvarteret;2004K2;3086
Amager Vest - Kolonihavekvarteret;2004K3;3104
Amager Vest - Kolonihavekvarteret;2004K4;3099
Amager Vest - Kolonihavekvarteret;2005K1;3083
Amager Vest - Kolonihavekvarteret;2005K2;3093
Amager Vest - Kolonihavekvarteret;2005K3;3073
Amager Vest - Kolonihavekvarteret;2005K4;3103
Amager Vest - Kolonihavekvarteret;2006K1;3071
Amager Vest - Kolonihavekvarteret;2006K2;3073
Amager Vest - Kolonihavekvarteret;2006K3;3042
Amager Vest - Kolonihavekvarteret;2006K4;3084
Amager Vest - Kolonihavekvarteret;2007K1;3070
Amager Vest - Kolonihavekvarteret;2007K2;3027
Amager Vest - Kolonihavekvarteret;2007K3;2983
Amager Vest - Kolonihavekvarteret;2007K4;3004
Amager Vest - Kolonihavekvarteret;2008K1;2997
Amager Vest - Kolonihavekvarteret;2008K2;2998
Amager Vest - Kolonihavekvarteret;2008K3;2975
Amager Vest - Kolonihavekvarteret;2008K4;3028
Amager Vest - Kolonihavekvarteret;2009K1;3050
Amager Vest - Kolonihavekvarteret;2009K2;3088
Amager Vest - Kolonihavekvarteret;2009K3;3076
Amager Vest - Kolonihavekvarteret;2009K4;3133
Amager Vest - Kolonihavekvarteret;2010K1;3159
Amager Vest - Kolonihavekvarteret;2010K2;3170
Amager Vest - Kolonihavekvarteret;2010K3;3154
Amager Vest - Kolonihavekvarteret;2011K1;3063
Amager Vest - Kolonihavekvarteret;2011K2;3075
Amager Vest - Kolonihavekvarteret;2011K3;3082
Amager Vest - Kolonihavekvarteret;2011K4;3091
Amager Vest - Kolonihavekvarteret;2012K1;3101
Amager Vest - Kolonihavekvarteret;2012K2;3106
Amager Vest - Kolonihavekvarteret;2012K3;3076
Amager Vest - Kolonihavekvarteret;2012K4;3108
Amager Vest - Kolonihavekvarteret;2013K1;3104
Amager Vest - Kolonihavekvarteret;2013K2;3116
Amager Vest - Kolonihavekvarteret;2013K3;3115
Amager Vest - Kolonihavekvarteret;2013K4;3152
Amager Vest - Kolonihavekvarteret;2014K1;3164
Amager Vest - Kolonihavekvarteret;2014K2;3160
Amager Vest - Kolonihavekvarteret;2014K3;3143
Amager Vest - Kolonihavekvarteret;2014K4;3191
Amager Vest - Kolonihavekvarteret;2015K1;3191
Amager Vest - Kolonihavekvarteret;2015K2;3244
Amager Vest - Kolonihavekvarteret;2015K3;3237
Amager Vest - Kolonihavekvarteret;2015K4;3301
Amager Vest - Kolonihavekvarteret;2016K1;3329
Amager Vest - Kolonihavekvarteret;2016K2;3336
Amager Vest - Kolonihavekvarteret;2016K3;3349
Amager Vest - Kolonihavekvarteret;2016K4;3405
Amager Vest - Kolonihavekvarteret;2017K1;3375
Amager Vest - Kolonihavekvarteret;2017K2;3414
Amager Vest - Kolonihavekvarteret;2017K3;3376
Amager Vest - Kolonihavekvarteret;2017K4;3406
Amager Vest - Kolonihavekvarteret;2018K1;3416
Amager Vest - Kolonihavekvarteret;2018K2;3414
Amager Vest - Kolonihavekvarteret;2018K3;3399
Amager Vest - Kolonihavekvarteret;2018K4;3425
Amager Vest - Kolonihavekvarteret;2019K1;3416
Amager Vest - Kolonihavekvarteret;2019K2;3414
Amager Vest - Kolonihavekvarteret;2019K3;3439
Amager Vest - Kolonihavekvarteret;2019K4;3459
Amager Vest - Kolonihavekvarteret;2020K1;3458
Amager Vest - Kolonihavekvarteret;2020K2;3449
Amager Vest - Kolonihavekvarteret;2020K3;3412
Amager Vest - Kolonihavekvarteret;2020K4;3440
Amager Vest - Kolonihavekvarteret;2021K1;3457
Amager Vest - Kolonihavekvarteret;2021K2;3437
Amager Vest - Kolonihavekvarteret;2021K3;3423
Amager Vest - Kolonihavekvarteret;2021K4;3435
Amager Vest - Kolonihavekvarteret;2022K1;3427
Amager Vest - Kolonihavekvarteret;2022K2;3455
Amager Vest - Kolonihavekvarteret;2022K3;3429
Amager Vest - Kolonihavekvarteret;2022K4;3467
Amager Vest - Kolonihavekvarteret;2023K1;3463
Amager Vest - Kolonihavekvarteret;2023K2;3469
Amager Vest - Kolonihavekvarteret;2023K3;3458
Amager Vest - Kolonihavekvarteret;2023K4;3497
Amager Vest - Kolonihavekvarteret;2024K1;3488
Amager Vest - Kolonihavekvarteret;2024K2;3466
Amager Vest - Kolonihavekvarteret;2024K3;3447
Amager Vest - Kolonihavekvarteret;2024K4;3471
Amager Vest - Kolonihavekvarteret;2025K1;3512
Amager Vest - Sundbyvester;1998K1;6299
Amager Vest - Sundbyvester;1999K1;6239
Amager Vest - Sundbyvester;2000K1;6272
Amager Vest - Sundbyvester;2001K1;6270
Amager Vest - Sundbyvester;2002K1;6254
Amager Vest - Sundbyvester;2002K2;6256
Amager Vest - Sundbyvester;2002K3;6266
Amager Vest - Sundbyvester;2002K4;6320
Amager Vest - Sundbyvester;2003K1;6297
Amager Vest - Sundbyvester;2003K2;6305
Amager Vest - Sundbyvester;2003K3;6256
Amager Vest - Sundbyvester;2003K4;6229
Amager Vest - Sundbyvester;2004K1;6234
Amager Vest - Sundbyvester;2004K2;6227
Amager Vest - Sundbyvester;2004K3;6230
Amager Vest - Sundbyvester;2004K4;6294
Amager Vest - Sundbyvester;2005K1;6244
Amager Vest - Sundbyvester;2005K2;6241
Amager Vest - Sundbyvester;2005K3;6193
Amager Vest - Sundbyvester;2005K4;6247
Amager Vest - Sundbyvester;2006K1;6164
Amager Vest - Sundbyvester;2006K2;6156
Amager Vest - Sundbyvester;2006K3;6176
Amager Vest - Sundbyvester;2006K4;6250
Amager Vest - Sundbyvester;2007K1;6261
Amager Vest - Sundbyvester;2007K2;6275
Amager Vest - Sundbyvester;2007K3;6257
Amager Vest - Sundbyvester;2007K4;6286
Amager Vest - Sundbyvester;2008K1;6261
Amager Vest - Sundbyvester;2008K2;6279
Amager Vest - Sundbyvester;2008K3;6246
Amager Vest - Sundbyvester;2008K4;6337
Amager Vest - Sundbyvester;2009K1;6360
Amager Vest - Sundbyvester;2009K2;6347
Amager Vest - Sundbyvester;2009K3;6339
Amager Vest - Sundbyvester;2009K4;6388
Amager Vest - Sundbyvester;2010K1;6387
Amager Vest - Sundbyvester;2010K2;6465
Amager Vest - Sundbyvester;2010K3;6461
Amager Vest - Sundbyvester;2011K1;6536
Amager Vest - Sundbyvester;2011K2;6555
Amager Vest - Sundbyvester;2011K3;6562
Amager Vest - Sundbyvester;2011K4;6612
Amager Vest - Sundbyvester;2012K1;6563
Amager Vest - Sundbyvester;2012K2;6595
Amager Vest - Sundbyvester;2012K3;6561
Amager Vest - Sundbyvester;2012K4;6633
Amager Vest - Sundbyvester;2013K1;6638
Amager Vest - Sundbyvester;2013K2;6628
Amager Vest - Sundbyvester;2013K3;6619
Amager Vest - Sundbyvester;2013K4;6663
Amager Vest - Sundbyvester;2014K1;6604
Amager Vest - Sundbyvester;2014K2;6597
Amager Vest - Sundbyvester;2014K3;6610
Amager Vest - Sundbyvester;2014K4;6661
Amager Vest - Sundbyvester;2015K1;6696
Amager Vest - Sundbyvester;2015K2;6667
Amager Vest - Sundbyvester;2015K3;6688
Amager Vest - Sundbyvester;2015K4;6778
Amager Vest - Sundbyvester;2016K1;6850
Amager Vest - Sundbyvester;2016K2;6866
Amager Vest - Sundbyvester;2016K3;6816
Amager Vest - Sundbyvester;2016K4;6882
Amager Vest - Sundbyvester;2017K1;6898
Amager Vest - Sundbyvester;2017K2;6907
Amager Vest - Sundbyvester;2017K3;6878
Amager Vest - Sundbyvester;2017K4;6990
Amager Vest - Sundbyvester;2018K1;6973
Amager Vest - Sundbyvester;2018K2;7014
Amager Vest - Sundbyvester;2018K3;6983
Amager Vest - Sundbyvester;2018K4;7037
Amager Vest - Sundbyvester;2019K1;7032
Amager Vest - Sundbyvester;2019K2;7076
Amager Vest - Sundbyvester;2019K3;7037
Amager Vest - Sundbyvester;2019K4;7097
Amager Vest - Sundbyvester;2020K1;7067
Amager Vest - Sundbyvester;2020K2;7061
Amager Vest - Sundbyvester;2020K3;7077
Amager Vest - Sundbyvester;2020K4;7109
Amager Vest - Sundbyvester;2021K1;7050
Amager Vest - Sundbyvester;2021K2;7028
Amager Vest - Sundbyvester;2021K3;7007
Amager Vest - Sundbyvester;2021K4;7032
Amager Vest - Sundbyvester;2022K1;7011
Amager Vest - Sundbyvester;2022K2;7008
Amager Vest - Sundbyvester;2022K3;7026
Amager Vest - Sundbyvester;2022K4;6981
Amager Vest - Sundbyvester;2023K1;6961
Amager Vest - Sundbyvester;2023K2;6952
Amager Vest - Sundbyvester;2023K3;6940
Amager Vest - Sundbyvester;2023K4;6957
Amager Vest - Sundbyvester;2024K1;6946
Amager Vest - Sundbyvester;2024K2;6950
Amager Vest - Sundbyvester;2024K3;6924
Amager Vest - Sundbyvester;2024K4;7178
Amager Vest - Sundbyvester;2025K1;7156
Amager Vest - Sundholmsvejs kvarteret;1998K1;7184
Amager Vest - Sundholmsvejs kvarteret;1999K1;6670
Amager Vest - Sundholmsvejs kvarteret;2000K1;6630
Amager Vest - Sundholmsvejs kvarteret;2001K1;6652
Amager Vest - Sundholmsvejs kvarteret;2002K1;6661
Amager Vest - Sundholmsvejs kvarteret;2002K2;6624
Amager Vest - Sundholmsvejs kvarteret;2002K3;6588
Amager Vest - Sundholmsvejs kvarteret;2002K4;6635
Amager Vest - Sundholmsvejs kvarteret;2003K1;6627
Amager Vest - Sundholmsvejs kvarteret;2003K2;6640
Amager Vest - Sundholmsvejs kvarteret;2003K3;6609
Amager Vest - Sundholmsvejs kvarteret;2003K4;6635
Amager Vest - Sundholmsvejs kvarteret;2004K1;6669
Amager Vest - Sundholmsvejs kvarteret;2004K2;6677
Amager Vest - Sundholmsvejs kvarteret;2004K3;6617
Amager Vest - Sundholmsvejs kvarteret;2004K4;6650
Amager Vest - Sundholmsvejs kvarteret;2005K1;6660
Amager Vest - Sundholmsvejs kvarteret;2005K2;6645
Amager Vest - Sundholmsvejs kvarteret;2005K3;6634
Amager Vest - Sundholmsvejs kvarteret;2005K4;6686
Amager Vest - Sundholmsvejs kvarteret;2006K1;6693
Amager Vest - Sundholmsvejs kvarteret;2006K2;6648
Amager Vest - Sundholmsvejs kvarteret;2006K3;6588
Amager Vest - Sundholmsvejs kvarteret;2006K4;6576
Amager Vest - Sundholmsvejs kvarteret;2007K1;6556
Amager Vest - Sundholmsvejs kvarteret;2007K2;6535
Amager Vest - Sundholmsvejs kvarteret;2007K3;6544
Amager Vest - Sundholmsvejs kvarteret;2007K4;6545
Amager Vest - Sundholmsvejs kvarteret;2008K1;6584
Amager Vest - Sundholmsvejs kvarteret;2008K2;6603
Amager Vest - Sundholmsvejs kvarteret;2008K3;6601
Amager Vest - Sundholmsvejs kvarteret;2008K4;6687
Amager Vest - Sundholmsvejs kvarteret;2009K1;6726
Amager Vest - Sundholmsvejs kvarteret;2009K2;6752
Amager Vest - Sundholmsvejs kvarteret;2009K3;6701
Amager Vest - Sundholmsvejs kvarteret;2009K4;6784
Amager Vest - Sundholmsvejs kvarteret;2010K1;6770
Amager Vest - Sundholmsvejs kvarteret;2010K2;6796
Amager Vest - Sundholmsvejs kvarteret;2010K3;6772
Amager Vest - Sundholmsvejs kvarteret;2011K1;6813
Amager Vest - Sundholmsvejs kvarteret;2011K2;6825
Amager Vest - Sundholmsvejs kvarteret;2011K3;6793
Amager Vest - Sundholmsvejs kvarteret;2011K4;6961
Amager Vest - Sundholmsvejs kvarteret;2012K1;6937
Amager Vest - Sundholmsvejs kvarteret;2012K2;6969
Amager Vest - Sundholmsvejs kvarteret;2012K3;6952
Amager Vest - Sundholmsvejs kvarteret;2012K4;6979
Amager Vest - Sundholmsvejs kvarteret;2013K1;6949
Amager Vest - Sundholmsvejs kvarteret;2013K2;7009
Amager Vest - Sundholmsvejs kvarteret;2013K3;7049
Amager Vest - Sundholmsvejs kvarteret;2013K4;7159
Amager Vest - Sundholmsvejs kvarteret;2014K1;7175
Amager Vest - Sundholmsvejs kvarteret;2014K2;7243
Amager Vest - Sundholmsvejs kvarteret;2014K3;7175
Amager Vest - Sundholmsvejs kvarteret;2014K4;7286
Amager Vest - Sundholmsvejs kvarteret;2015K1;7240
Amager Vest - Sundholmsvejs kvarteret;2015K2;7300
Amager Vest - Sundholmsvejs kvarteret;2015K3;7293
Amager Vest - Sundholmsvejs kvarteret;2015K4;7349
Amager Vest - Sundholmsvejs kvarteret;2016K1;7339
Amager Vest - Sundholmsvejs kvarteret;2016K2;7388
Amager Vest - Sundholmsvejs kvarteret;2016K3;7291
Amager Vest - Sundholmsvejs kvarteret;2016K4;7536
Amager Vest - Sundholmsvejs kvarteret;2017K1;7521
Amager Vest - Sundholmsvejs kvarteret;2017K2;7516
Amager Vest - Sundholmsvejs kvarteret;2017K3;7474
Amager Vest - Sundholmsvejs kvarteret;2017K4;7674
Amager Vest - Sundholmsvejs kvarteret;2018K1;7714
Amager Vest - Sundholmsvejs kvarteret;2018K2;7726
Amager Vest - Sundholmsvejs kvarteret;2018K3;7645
Amager Vest - Sundholmsvejs kvarteret;2018K4;7728
Amager Vest - Sundholmsvejs kvarteret;2019K1;7725
Amager Vest - Sundholmsvejs kvarteret;2019K2;7756
Amager Vest - Sundholmsvejs kvarteret;2019K3;7701
Amager Vest - Sundholmsvejs kvarteret;2019K4;7751
Amager Vest - Sundholmsvejs kvarteret;2020K1;7631
Amager Vest - Sundholmsvejs kvarteret;2020K2;7648
Amager Vest - Sundholmsvejs kvarteret;2020K3;7621
Amager Vest - Sundholmsvejs kvarteret;2020K4;7681
Amager Vest - Sundholmsvejs kvarteret;2021K1;7647
Amager Vest - Sundholmsvejs kvarteret;2021K2;7669
Amager Vest - Sundholmsvejs kvarteret;2021K3;7649
Amager Vest - Sundholmsvejs kvarteret;2021K4;7890
Amager Vest - Sundholmsvejs kvarteret;2022K1;7839
Amager Vest - Sundholmsvejs kvarteret;2022K2;7954
Amager Vest - Sundholmsvejs kvarteret;2022K3;7775
Amager Vest - Sundholmsvejs kvarteret;2022K4;7938
Amager Vest - Sundholmsvejs kvarteret;2023K1;7874
Amager Vest - Sundholmsvejs kvarteret;2023K2;8013
Amager Vest - Sundholmsvejs kvarteret;2023K3;7836
Amager Vest - Sundholmsvejs kvarteret;2023K4;8080
Amager Vest - Sundholmsvejs kvarteret;2024K1;7936
Amager Vest - Sundholmsvejs kvarteret;2024K2;8078
Amager Vest - Sundholmsvejs kvarteret;2024K3;7884
Amager Vest - Sundholmsvejs kvarteret;2024K4;8026
Amager Vest - Sundholmsvejs kvarteret;2025K1;7946
Amager Vest - Urbanplanen;1998K1;2750
Amager Vest - Urbanplanen;1999K1;2705
Amager Vest - Urbanplanen;2000K1;2760
Amager Vest - Urbanplanen;2001K1;2768
Amager Vest - Urbanplanen;2002K1;2785
Amager Vest - Urbanplanen;2002K2;2760
Amager Vest - Urbanplanen;2002K3;2737
Amager Vest - Urbanplanen;2002K4;2715
Amager Vest - Urbanplanen;2003K1;2698
Amager Vest - Urbanplanen;2003K2;2714
Amager Vest - Urbanplanen;2003K3;2686
Amager Vest - Urbanplanen;2003K4;2735
Amager Vest - Urbanplanen;2004K1;2773
Amager Vest - Urbanplanen;2004K2;2789
Amager Vest - Urbanplanen;2004K3;2818
Amager Vest - Urbanplanen;2004K4;2804
Amager Vest - Urbanplanen;2005K1;2797
Amager Vest - Urbanplanen;2005K2;2789
Amager Vest - Urbanplanen;2005K3;2801
Amager Vest - Urbanplanen;2005K4;2799
Amager Vest - Urbanplanen;2006K1;2799
Amager Vest - Urbanplanen;2006K2;2784
Amager Vest - Urbanplanen;2006K3;2791
Amager Vest - Urbanplanen;2006K4;2792
Amager Vest - Urbanplanen;2007K1;2772
Amager Vest - Urbanplanen;2007K2;2776
Amager Vest - Urbanplanen;2007K3;2765
Amager Vest - Urbanplanen;2007K4;2755
Amager Vest - Urbanplanen;2008K1;2754
Amager Vest - Urbanplanen;2008K2;2755
Amager Vest - Urbanplanen;2008K3;2758
Amager Vest - Urbanplanen;2008K4;2779
Amager Vest - Urbanplanen;2009K1;2770
Amager Vest - Urbanplanen;2009K2;2806
Amager Vest - Urbanplanen;2009K3;2802
Amager Vest - Urbanplanen;2009K4;2803
Amager Vest - Urbanplanen;2010K1;2803
Amager Vest - Urbanplanen;2010K2;2803
Amager Vest - Urbanplanen;2010K3;2802
Amager Vest - Urbanplanen;2011K1;2820
Amager Vest - Urbanplanen;2011K2;2840
Amager Vest - Urbanplanen;2011K3;2830
Amager Vest - Urbanplanen;2011K4;2858
Amager Vest - Urbanplanen;2012K1;2860
Amager Vest - Urbanplanen;2012K2;2867
Amager Vest - Urbanplanen;2012K3;2896
Amager Vest - Urbanplanen;2012K4;2877
Amager Vest - Urbanplanen;2013K1;2890
Amager Vest - Urbanplanen;2013K2;2928
Amager Vest - Urbanplanen;2013K3;2917
Amager Vest - Urbanplanen;2013K4;2916
Amager Vest - Urbanplanen;2014K1;2901
Amager Vest - Urbanplanen;2014K2;2900
Amager Vest - Urbanplanen;2014K3;2914
Amager Vest - Urbanplanen;2014K4;2945
Amager Vest - Urbanplanen;2015K1;2935
Amager Vest - Urbanplanen;2015K2;2914
Amager Vest - Urbanplanen;2015K3;2923
Amager Vest - Urbanplanen;2015K4;2953
Amager Vest - Urbanplanen;2016K1;2948
Amager Vest - Urbanplanen;2016K2;2952
Amager Vest - Urbanplanen;2016K3;2948
Amager Vest - Urbanplanen;2016K4;2950
Amager Vest - Urbanplanen;2017K1;2935
Amager Vest - Urbanplanen;2017K2;2937
Amager Vest - Urbanplanen;2017K3;2931
Amager Vest - Urbanplanen;2017K4;2961
Amager Vest - Urbanplanen;2018K1;2954
Amager Vest - Urbanplanen;2018K2;2957
Amager Vest - Urbanplanen;2018K3;2965
Amager Vest - Urbanplanen;2018K4;2988
Amager Vest - Urbanplanen;2019K1;2991
Amager Vest - Urbanplanen;2019K2;3008
Amager Vest - Urbanplanen;2019K3;2966
Amager Vest - Urbanplanen;2019K4;2981
Amager Vest - Urbanplanen;2020K1;2965
Amager Vest - Urbanplanen;2020K2;2958
Amager Vest - Urbanplanen;2020K3;2926
Amager Vest - Urbanplanen;2020K4;2932
Amager Vest - Urbanplanen;2021K1;3001
Amager Vest - Urbanplanen;2021K2;3011
Amager Vest - Urbanplanen;2021K3;3004
Amager Vest - Urbanplanen;2021K4;3022
Amager Vest - Urbanplanen;2022K1;3017
Amager Vest - Urbanplanen;2022K2;3002
Amager Vest - Urbanplanen;2022K3;3014
Amager Vest - Urbanplanen;2022K4;2998
Amager Vest - Urbanplanen;2023K1;2866
Amager Vest - Urbanplanen;2023K2;2816
Amager Vest - Urbanplanen;2023K3;2822
Amager Vest - Urbanplanen;2023K4;2825
Amager Vest - Urbanplanen;2024K1;2820
Amager Vest - Urbanplanen;2024K2;2815
Amager Vest - Urbanplanen;2024K3;2803
Amager Vest - Urbanplanen;2024K4;2791
Amager Vest - Urbanplanen;2025K1;2786
Amager Vest - Ørestad City;1998K1;2
Amager Vest - Ørestad City;1999K1;0
Amager Vest - Ørestad City;2000K1;0
Amager Vest - Ørestad City;2001K1;0
Amager Vest - Ørestad City;2002K1;0
Amager Vest - Ørestad City;2002K2;0
Amager Vest - Ørestad City;2002K3;0
Amager Vest - Ørestad City;2002K4;0
Amager Vest - Ørestad City;2003K1;0
Amager Vest - Ørestad City;2003K2;0
Amager Vest - Ørestad City;2003K3;0
Amager Vest - Ørestad City;2003K4;0
Amager Vest - Ørestad City;2004K1;0
Amager Vest - Ørestad City;2004K2;0
Amager Vest - Ørestad City;2004K3;0
Amager Vest - Ørestad City;2004K4;0
Amager Vest - Ørestad City;2005K1;0
Amager Vest - Ørestad City;2005K2;0
Amager Vest - Ørestad City;2005K3;0
Amager Vest - Ørestad City;2005K4;115
Amager Vest - Ørestad City;2006K1;268
Amager Vest - Ørestad City;2006K2;316
Amager Vest - Ørestad City;2006K3;364
Amager Vest - Ørestad City;2006K4;577
Amager Vest - Ørestad City;2007K1;654
Amager Vest - Ørestad City;2007K2;839
Amager Vest - Ørestad City;2007K3;1044
Amager Vest - Ørestad City;2007K4;1277
Amager Vest - Ørestad City;2008K1;1509
Amager Vest - Ørestad City;2008K2;1678
Amager Vest - Ørestad City;2008K3;1801
Amager Vest - Ørestad City;2008K4;1945
Amager Vest - Ørestad City;2009K1;1952
Amager Vest - Ørestad City;2009K2;2005
Amager Vest - Ørestad City;2009K3;1988
Amager Vest - Ørestad City;2009K4;2071
Amager Vest - Ørestad City;2010K1;2087
Amager Vest - Ørestad City;2010K2;2138
Amager Vest - Ørestad City;2010K3;2150
Amager Vest - Ørestad City;2011K1;2211
Amager Vest - Ørestad City;2011K2;2226
Amager Vest - Ørestad City;2011K3;2169
Amager Vest - Ørestad City;2011K4;2300
Amager Vest - Ørestad City;2012K1;2328
Amager Vest - Ørestad City;2012K2;2424
Amager Vest - Ørestad City;2012K3;2382
Amager Vest - Ørestad City;2012K4;2490
Amager Vest - Ørestad City;2013K1;2514
Amager Vest - Ørestad City;2013K2;2626
Amager Vest - Ørestad City;2013K3;2554
Amager Vest - Ørestad City;2013K4;2691
Amager Vest - Ørestad City;2014K1;2711
Amager Vest - Ørestad City;2014K2;2743
Amager Vest - Ørestad City;2014K3;2602
Amager Vest - Ørestad City;2014K4;2727
Amager Vest - Ørestad City;2015K1;2687
Amager Vest - Ørestad City;2015K2;2741
Amager Vest - Ørestad City;2015K3;2652
Amager Vest - Ørestad City;2015K4;2657
Amager Vest - Ørestad City;2016K1;2623
Amager Vest - Ørestad City;2016K2;2694
Amager Vest - Ørestad City;2016K3;2646
Amager Vest - Ørestad City;2016K4;2810
Amager Vest - Ørestad City;2017K1;2767
Amager Vest - Ørestad City;2017K2;2807
Amager Vest - Ørestad City;2017K3;2843
Amager Vest - Ørestad City;2017K4;2920
Amager Vest - Ørestad City;2018K1;2982
Amager Vest - Ørestad City;2018K2;3199
Amager Vest - Ørestad City;2018K3;3320
Amager Vest - Ørestad City;2018K4;3612
Amager Vest - Ørestad City;2019K1;3787
Amager Vest - Ørestad City;2019K2;4014
Amager Vest - Ørestad City;2019K3;4149
Amager Vest - Ørestad City;2019K4;4307
Amager Vest - Ørestad City;2020K1;4259
Amager Vest - Ørestad City;2020K2;4238
Amager Vest - Ørestad City;2020K3;4391
Amager Vest - Ørestad City;2020K4;4527
Amager Vest - Ørestad City;2021K1;4546
Amager Vest - Ørestad City;2021K2;4911
Amager Vest - Ørestad City;2021K3;5162
Amager Vest - Ørestad City;2021K4;5652
Amager Vest - Ørestad City;2022K1;5820
Amager Vest - Ørestad City;2022K2;5835
Amager Vest - Ørestad City;2022K3;6008
Amager Vest - Ørestad City;2022K4;6045
Amager Vest - Ørestad City;2023K1;6071
Amager Vest - Ørestad City;2023K2;6128
Amager Vest - Ørestad City;2023K3;6031
Amager Vest - Ørestad City;2023K4;6062
Amager Vest - Ørestad City;2024K1;6439
Amager Vest - Ørestad City;2024K2;6795
Amager Vest - Ørestad City;2024K3;6891
Amager Vest - Ørestad City;2024K4;6978
Amager Vest - Ørestad City;2025K1;6957
Amager Vest - Ørestad Syd;1998K1;0
Amager Vest - Ørestad Syd;1999K1;1
Amager Vest - Ørestad Syd;2000K1;1
Amager Vest - Ørestad Syd;2001K1;1
Amager Vest - Ørestad Syd;2002K1;1
Amager Vest - Ørestad Syd;2002K2;1
Amager Vest - Ørestad Syd;2002K3;1
Amager Vest - Ørestad Syd;2002K4;1
Amager Vest - Ørestad Syd;2003K1;1
Amager Vest - Ørestad Syd;2003K2;1
Amager Vest - Ørestad Syd;2003K3;1
Amager Vest - Ørestad Syd;2003K4;1
Amager Vest - Ørestad Syd;2004K1;1
Amager Vest - Ørestad Syd;2004K2;1
Amager Vest - Ørestad Syd;2004K3;1
Amager Vest - Ørestad Syd;2004K4;1
Amager Vest - Ørestad Syd;2005K1;1
Amager Vest - Ørestad Syd;2005K2;1
Amager Vest - Ørestad Syd;2005K3;1
Amager Vest - Ørestad Syd;2005K4;2
Amager Vest - Ørestad Syd;2006K1;2
Amager Vest - Ørestad Syd;2006K2;1
Amager Vest - Ørestad Syd;2006K3;1
Amager Vest - Ørestad Syd;2006K4;1
Amager Vest - Ørestad Syd;2007K1;1
Amager Vest - Ørestad Syd;2007K2;1
Amager Vest - Ørestad Syd;2007K3;1
Amager Vest - Ørestad Syd;2007K4;1
Amager Vest - Ørestad Syd;2008K1;1
Amager Vest - Ørestad Syd;2008K2;1
Amager Vest - Ørestad Syd;2008K3;1
Amager Vest - Ørestad Syd;2008K4;0
Amager Vest - Ørestad Syd;2009K1;0
Amager Vest - Ørestad Syd;2009K2;16
Amager Vest - Ørestad Syd;2009K3;45
Amager Vest - Ørestad Syd;2009K4;70
Amager Vest - Ørestad Syd;2010K1;86
Amager Vest - Ørestad Syd;2010K2;115
Amager Vest - Ørestad Syd;2010K3;152
Amager Vest - Ørestad Syd;2011K1;254
Amager Vest - Ørestad Syd;2011K2;309
Amager Vest - Ørestad Syd;2011K3;369
Amager Vest - Ørestad Syd;2011K4;460
Amager Vest - Ørestad Syd;2012K1;545
Amager Vest - Ørestad Syd;2012K2;611
Amager Vest - Ørestad Syd;2012K3;681
Amager Vest - Ørestad Syd;2012K4;893
Amager Vest - Ørestad Syd;2013K1;957
Amager Vest - Ørestad Syd;2013K2;978
Amager Vest - Ørestad Syd;2013K3;987
Amager Vest - Ørestad Syd;2013K4;987
Amager Vest - Ørestad Syd;2014K1;980
Amager Vest - Ørestad Syd;2014K2;1024
Amager Vest - Ørestad Syd;2014K3;1006
Amager Vest - Ørestad Syd;2014K4;1043
Amager Vest - Ørestad Syd;2015K1;1080
Amager Vest - Ørestad Syd;2015K2;1141
Amager Vest - Ørestad Syd;2015K3;1209
Amager Vest - Ørestad Syd;2015K4;1241
Amager Vest - Ørestad Syd;2016K1;1384
Amager Vest - Ørestad Syd;2016K2;1479
Amager Vest - Ørestad Syd;2016K3;1512
Amager Vest - Ørestad Syd;2016K4;1598
Amager Vest - Ørestad Syd;2017K1;1683
Amager Vest - Ørestad Syd;2017K2;2068
Amager Vest - Ørestad Syd;2017K3;2379
Amager Vest - Ørestad Syd;2017K4;2714
Amager Vest - Ørestad Syd;2018K1;2741
Amager Vest - Ørestad Syd;2018K2;2872
Amager Vest - Ørestad Syd;2018K3;3013
Amager Vest - Ørestad Syd;2018K4;3284
Amager Vest - Ørestad Syd;2019K1;3481
Amager Vest - Ørestad Syd;2019K2;3892
Amager Vest - Ørestad Syd;2019K3;4305
Amager Vest - Ørestad Syd;2019K4;5190
Amager Vest - Ørestad Syd;2020K1;5431
Amager Vest - Ørestad Syd;2020K2;5591
Amager Vest - Ørestad Syd;2020K3;5643
Amager Vest - Ørestad Syd;2020K4;6120
Amager Vest - Ørestad Syd;2021K1;6316
Amager Vest - Ørestad Syd;2021K2;6359
Amager Vest - Ørestad Syd;2021K3;6471
Amager Vest - Ørestad Syd;2021K4;6668
Amager Vest - Ørestad Syd;2022K1;6744
Amager Vest - Ørestad Syd;2022K2;6769
Amager Vest - Ørestad Syd;2022K3;6798
Amager Vest - Ørestad Syd;2022K4;6826
Amager Vest - Ørestad Syd;2023K1;7083
Amager Vest - Ørestad Syd;2023K2;7194
Amager Vest - Ørestad Syd;2023K3;7262
Amager Vest - Ørestad Syd;2023K4;7413
Amager Vest - Ørestad Syd;2024K1;7355
Amager Vest - Ørestad Syd;2024K2;7344
Amager Vest - Ørestad Syd;2024K3;7485
Amager Vest - Ørestad Syd;2024K4;7665
Amager Vest - Ørestad Syd;2025K1;7981
Kvarterer - Uden for inddeling;1998K1;3139
Kvarterer - Uden for inddeling;1999K1;2418
Kvarterer - Uden for inddeling;2000K1;2908
Kvarterer - Uden for inddeling;2001K1;3208
Kvarterer - Uden for inddeling;2002K1;2439
Kvarterer - Uden for inddeling;2002K2;2621
Kvarterer - Uden for inddeling;2002K3;2418
Kvarterer - Uden for inddeling;2002K4;2492
Kvarterer - Uden for inddeling;2003K1;2635
Kvarterer - Uden for inddeling;2003K2;2559
Kvarterer - Uden for inddeling;2003K3;2664
Kvarterer - Uden for inddeling;2003K4;2589
Kvarterer - Uden for inddeling;2004K1;2836
Kvarterer - Uden for inddeling;2004K2;2688
Kvarterer - Uden for inddeling;2004K3;2826
Kvarterer - Uden for inddeling;2004K4;3020
Kvarterer - Uden for inddeling;2005K1;3157
Kvarterer - Uden for inddeling;2005K2;3265
Kvarterer - Uden for inddeling;2005K3;2755
Kvarterer - Uden for inddeling;2005K4;2932
Kvarterer - Uden for inddeling;2006K1;3099
Kvarterer - Uden for inddeling;2006K2;3254
Kvarterer - Uden for inddeling;2006K3;3343
Kvarterer - Uden for inddeling;2006K4;3229
Kvarterer - Uden for inddeling;2007K1;2812
Kvarterer - Uden for inddeling;2007K2;2909
Kvarterer - Uden for inddeling;2007K3;3005
Kvarterer - Uden for inddeling;2007K4;3273
Kvarterer - Uden for inddeling;2008K1;3401
Kvarterer - Uden for inddeling;2008K2;3489
Kvarterer - Uden for inddeling;2008K3;3558
Kvarterer - Uden for inddeling;2008K4;3632
Kvarterer - Uden for inddeling;2009K1;3706
Kvarterer - Uden for inddeling;2009K2;3059
Kvarterer - Uden for inddeling;2009K3;3366
Kvarterer - Uden for inddeling;2009K4;3639
Kvarterer - Uden for inddeling;2010K1;3832
Kvarterer - Uden for inddeling;2010K2;4010
Kvarterer - Uden for inddeling;2010K3;4157
Kvarterer - Uden for inddeling;2011K1;4531
Kvarterer - Uden for inddeling;2011K2;4443
Kvarterer - Uden for inddeling;2011K3;4446
Kvarterer - Uden for inddeling;2011K4;4588
Kvarterer - Uden for inddeling;2012K1;3033
Kvarterer - Uden for inddeling;2012K2;3130
Kvarterer - Uden for inddeling;2012K3;3207
Kvarterer - Uden for inddeling;2012K4;3184
Kvarterer - Uden for inddeling;2013K1;3221
Kvarterer - Uden for inddeling;2013K2;2897
Kvarterer - Uden for inddeling;2013K3;2913
Kvarterer - Uden for inddeling;2013K4;3047
Kvarterer - Uden for inddeling;2014K1;3166
Kvarterer - Uden for inddeling;2014K2;3135
Kvarterer - Uden for inddeling;2014K3;3345
Kvarterer - Uden for inddeling;2014K4;3384
Kvarterer - Uden for inddeling;2015K1;3402
Kvarterer - Uden for inddeling;2015K2;3037
Kvarterer - Uden for inddeling;2015K3;3251
Kvarterer - Uden for inddeling;2015K4;3285
Kvarterer - Uden for inddeling;2016K1;3317
Kvarterer - Uden for inddeling;2016K2;3202
Kvarterer - Uden for inddeling;2016K3;3260
Kvarterer - Uden for inddeling;2016K4;3190
Kvarterer - Uden for inddeling;2017K1;3264
Kvarterer - Uden for inddeling;2017K2;3220
Kvarterer - Uden for inddeling;2017K3;3154
Kvarterer - Uden for inddeling;2017K4;3125
Kvarterer - Uden for inddeling;2018K1;3159
Kvarterer - Uden for inddeling;2018K2;3137
Kvarterer - Uden for inddeling;2018K3;3087
Kvarterer - Uden for inddeling;2018K4;2981
Kvarterer - Uden for inddeling;2019K1;2830
Kvarterer - Uden for inddeling;2019K2;2789
Kvarterer - Uden for inddeling;2019K3;2783
Kvarterer - Uden for inddeling;2019K4;3138
Kvarterer - Uden for inddeling;2020K1;3131
Kvarterer - Uden for inddeling;2020K2;3391
Kvarterer - Uden for inddeling;2020K3;3443
Kvarterer - Uden for inddeling;2020K4;3330
Kvarterer - Uden for inddeling;2021K1;3389
Kvarterer - Uden for inddeling;2021K2;3320
Kvarterer - Uden for inddeling;2021K3;3355
Kvarterer - Uden for inddeling;2021K4;3504
Kvarterer - Uden for inddeling;2022K1;3423
Kvarterer - Uden for inddeling;2022K2;3491
Kvarterer - Uden for inddeling;2022K3;3545
Kvarterer - Uden for inddeling;2022K4;3748
Kvarterer - Uden for inddeling;2023K1;3724
Kvarterer - Uden for inddeling;2023K2;3758
Kvarterer - Uden for inddeling;2023K3;4031
Kvarterer - Uden for inddeling;2023K4;3893
Kvarterer - Uden for inddeling;2024K1;3826
Kvarterer - Uden for inddeling;2024K2;3707
Kvarterer - Uden for inddeling;2024K3;3679
Kvarterer - Uden for inddeling;2024K4;3850
Kvarterer - Uden for inddeling;2025K1;3617
